"Page Path","Asset Type","Asset URL","Scope","Delta","Language","Theme","Include","Query"
"./html/index.html","css","/sites/default/files/css/css__7_lnIX5SUimudYZT0iqhhe0r5Ev1QE4En7-BEPHMeY.css","-","-","en","usagov","eJwdykEOwCAIBMAP2fIkg5EQEtDDqo2_b-tlToONIUGFIWmCtS9S74X9wthuTdMyeUDHO3qdfmLmGtbynwQUXy0vYCIdnw","delta=0&language=en&theme=usagov&include=eJwdykEOwCAIBMAP2fIkg5EQEtDDqo2_b-tlToONIUGFIWmCtS9S74X9wthuTdMyeUDHO3qdfmLmGtbynwQUXy0vYCIdnw"
"./html/index.html","css","/sites/default/files/css/css_h8MbvwzFoPHon25psxDvs_qWZKIaWznJGeScqw5abGU.css","-","1","en","usagov","eJwdykEOwCAIBMAP2fIkg5EQEtDDqo2_b-tlToONIUGFIWmCtS9S74X9wthuTdMyeUDHO3qdfmLmGtbynwQUXy0vYCIdnw","delta=1&language=en&theme=usagov&include=eJwdykEOwCAIBMAP2fIkg5EQEtDDqo2_b-tlToONIUGFIWmCtS9S74X9wthuTdMyeUDHO3qdfmLmGtbynwQUXy0vYCIdnw"
"./html/index.html","js","/pages/scripts/0007/9651.js","-","-","-","-","-",""
"./html/index.html","js","/themes/custom/usagov/scripts/newFooter.js","-","-","-","-","-",""
"./html/index.html","js","/sites/default/files/js/js_sJY3bzJs3jirGGaSNreFUENeOZtDcSGccrkIaQj9Xmc.js","footer","-","en","usagov","eJx1jUEOwjAMBD_UNH_ghsQfIjcxJpDYlZ0UldcTtVw57s6sthuQbJ6KLFCctb1kpqkfbWiyBoYtE7QsHCpy9_9ReNoYvpOF-MKUm2jI3JD0UPyJIEbRNPJ8VxmU0-_MF_jsN4F0oWsFwml46KPUVRi52XxqzhmCxscC-gXEtkrD","scope=footer&delta=0&language=en&theme=usagov&include=eJx1jUEOwjAMBD_UNH_ghsQfIjcxJpDYlZ0UldcTtVw57s6sthuQbJ6KLFCctb1kpqkfbWiyBoYtE7QsHCpy9_9ReNoYvpOF-MKUm2jI3JD0UPyJIEbRNPJ8VxmU0-_MF_jsN4F0oWsFwml46KPUVRi52XxqzhmCxscC-gXEtkrD"
"./html/index.html","js","/modules/contrib/uswds_ckeditor_integration/js/aftermarket/uswds_accordion.js","-","-","-","-","-","sqrdwl"
"./html/index.html","js","/sites/default/files/js/js_HIkTA9247QPrO8K9vxBNtUZ48syYleNajOmoqo58gkg.js","footer","2","en","usagov","eJx1jUEOwjAMBD_UNH_ghsQfIjcxJpDYlZ0UldcTtVw57s6sthuQbJ6KLFCctb1kpqkfbWiyBoYtE7QsHCpy9_9ReNoYvpOF-MKUm2jI3JD0UPyJIEbRNPJ8VxmU0-_MF_jsN4F0oWsFwml46KPUVRi52XxqzhmCxscC-gXEtkrD","scope=footer&delta=2&language=en&theme=usagov&include=eJx1jUEOwjAMBD_UNH_ghsQfIjcxJpDYlZ0UldcTtVw57s6sthuQbJ6KLFCctb1kpqkfbWiyBoYtE7QsHCpy9_9ReNoYvpOF-MKUm2jI3JD0UPyJIEbRNPJ8VxmU0-_MF_jsN4F0oWsFwml46KPUVRi52XxqzhmCxscC-gXEtkrD"
"./html/index.html","js","/themes/custom/usagov/scripts/modifyMobileNav.js","-","-","-","-","-",""
"./html/about/index.html","css","/sites/default/files/css/css__7_lnIX5SUimudYZT0iqhhe0r5Ev1QE4En7-BEPHMeY.css","-","-","en","usagov","eJwdykEOwCAIBMAP2fIkg5EQEtDDqo2_b-tlToONIUGFIWmCtS9S74X9wthuTdMyeUDHO3qdfmLmGtbynwQUXy0vYCIdnw","delta=0&language=en&theme=usagov&include=eJwdykEOwCAIBMAP2fIkg5EQEtDDqo2_b-tlToONIUGFIWmCtS9S74X9wthuTdMyeUDHO3qdfmLmGtbynwQUXy0vYCIdnw"
"./html/about/index.html","css","/sites/default/files/css/css_h8MbvwzFoPHon25psxDvs_qWZKIaWznJGeScqw5abGU.css","-","1","en","usagov","eJwdykEOwCAIBMAP2fIkg5EQEtDDqo2_b-tlToONIUGFIWmCtS9S74X9wthuTdMyeUDHO3qdfmLmGtbynwQUXy0vYCIdnw","delta=1&language=en&theme=usagov&include=eJwdykEOwCAIBMAP2fIkg5EQEtDDqo2_b-tlToONIUGFIWmCtS9S74X9wthuTdMyeUDHO3qdfmLmGtbynwQUXy0vYCIdnw"
"./html/about/index.html","js","/themes/custom/usagov/scripts/newFooter.js","-","-","-","-","-",""
"./html/about/index.html","js","/sites/default/files/js/js_sJY3bzJs3jirGGaSNreFUENeOZtDcSGccrkIaQj9Xmc.js","footer","-","en","usagov","eJx1jUEOwjAMBD_UNH_ghsQfIjcxJpDYlZ0UldcTtVw57s6sthuQbJ6KLFCctb1kpqkfbWiyBoYtE7QsHCpy9_9ReNoYvpOF-MKUm2jI3JD0UPyJIEbRNPJ8VxmU0-_MF_jsN4F0oWsFwml46KPUVRi52XxqzhmCxscC-gXEtkrD","scope=footer&delta=0&language=en&theme=usagov&include=eJx1jUEOwjAMBD_UNH_ghsQfIjcxJpDYlZ0UldcTtVw57s6sthuQbJ6KLFCctb1kpqkfbWiyBoYtE7QsHCpy9_9ReNoYvpOF-MKUm2jI3JD0UPyJIEbRNPJ8VxmU0-_MF_jsN4F0oWsFwml46KPUVRi52XxqzhmCxscC-gXEtkrD"
"./html/about/index.html","js","/modules/contrib/uswds_ckeditor_integration/js/aftermarket/uswds_accordion.js","-","-","-","-","-","sqrdwl"
"./html/about/index.html","js","/sites/default/files/js/js_HIkTA9247QPrO8K9vxBNtUZ48syYleNajOmoqo58gkg.js","footer","2","en","usagov","eJx1jUEOwjAMBD_UNH_ghsQfIjcxJpDYlZ0UldcTtVw57s6sthuQbJ6KLFCctb1kpqkfbWiyBoYtE7QsHCpy9_9ReNoYvpOF-MKUm2jI3JD0UPyJIEbRNPJ8VxmU0-_MF_jsN4F0oWsFwml46KPUVRi52XxqzhmCxscC-gXEtkrD","scope=footer&delta=2&language=en&theme=usagov&include=eJx1jUEOwjAMBD_UNH_ghsQfIjcxJpDYlZ0UldcTtVw57s6sthuQbJ6KLFCctb1kpqkfbWiyBoYtE7QsHCpy9_9ReNoYvpOF-MKUm2jI3JD0UPyJIEbRNPJ8VxmU0-_MF_jsN4F0oWsFwml46KPUVRi52XxqzhmCxscC-gXEtkrD"
"./html/about/index.html","js","/themes/custom/usagov/scripts/modifyMobileNav.js","-","-","-","-","-",""
"./html/about-the-us/index.html","css","/sites/default/files/css/css__7_lnIX5SUimudYZT0iqhhe0r5Ev1QE4En7-BEPHMeY.css","-","-","en","usagov","eJwdykEOwCAIBMAP2fIkg5EQEtDDqo2_b-tlToONIUGFIWmCtS9S74X9wthuTdMyeUDHO3qdfmLmGtbynwQUXy0vYCIdnw","delta=0&language=en&theme=usagov&include=eJwdykEOwCAIBMAP2fIkg5EQEtDDqo2_b-tlToONIUGFIWmCtS9S74X9wthuTdMyeUDHO3qdfmLmGtbynwQUXy0vYCIdnw"
"./html/about-the-us/index.html","css","/sites/default/files/css/css_h8MbvwzFoPHon25psxDvs_qWZKIaWznJGeScqw5abGU.css","-","1","en","usagov","eJwdykEOwCAIBMAP2fIkg5EQEtDDqo2_b-tlToONIUGFIWmCtS9S74X9wthuTdMyeUDHO3qdfmLmGtbynwQUXy0vYCIdnw","delta=1&language=en&theme=usagov&include=eJwdykEOwCAIBMAP2fIkg5EQEtDDqo2_b-tlToONIUGFIWmCtS9S74X9wthuTdMyeUDHO3qdfmLmGtbynwQUXy0vYCIdnw"
"./html/about-the-us/index.html","js","/themes/custom/usagov/scripts/newFooter.js","-","-","-","-","-",""
"./html/about-the-us/index.html","js","/sites/default/files/js/js_sJY3bzJs3jirGGaSNreFUENeOZtDcSGccrkIaQj9Xmc.js","footer","-","en","usagov","eJx1jUEOwjAMBD_UNH_ghsQfIjcxJpDYlZ0UldcTtVw57s6sthuQbJ6KLFCctb1kpqkfbWiyBoYtE7QsHCpy9_9ReNoYvpOF-MKUm2jI3JD0UPyJIEbRNPJ8VxmU0-_MF_jsN4F0oWsFwml46KPUVRi52XxqzhmCxscC-gXEtkrD","scope=footer&delta=0&language=en&theme=usagov&include=eJx1jUEOwjAMBD_UNH_ghsQfIjcxJpDYlZ0UldcTtVw57s6sthuQbJ6KLFCctb1kpqkfbWiyBoYtE7QsHCpy9_9ReNoYvpOF-MKUm2jI3JD0UPyJIEbRNPJ8VxmU0-_MF_jsN4F0oWsFwml46KPUVRi52XxqzhmCxscC-gXEtkrD"
"./html/about-the-us/index.html","js","/modules/contrib/uswds_ckeditor_integration/js/aftermarket/uswds_accordion.js","-","-","-","-","-","sqrdwl"
"./html/about-the-us/index.html","js","/sites/default/files/js/js_HIkTA9247QPrO8K9vxBNtUZ48syYleNajOmoqo58gkg.js","footer","2","en","usagov","eJx1jUEOwjAMBD_UNH_ghsQfIjcxJpDYlZ0UldcTtVw57s6sthuQbJ6KLFCctb1kpqkfbWiyBoYtE7QsHCpy9_9ReNoYvpOF-MKUm2jI3JD0UPyJIEbRNPJ8VxmU0-_MF_jsN4F0oWsFwml46KPUVRi52XxqzhmCxscC-gXEtkrD","scope=footer&delta=2&language=en&theme=usagov&include=eJx1jUEOwjAMBD_UNH_ghsQfIjcxJpDYlZ0UldcTtVw57s6sthuQbJ6KLFCctb1kpqkfbWiyBoYtE7QsHCpy9_9ReNoYvpOF-MKUm2jI3JD0UPyJIEbRNPJ8VxmU0-_MF_jsN4F0oWsFwml46KPUVRi52XxqzhmCxscC-gXEtkrD"
"./html/about-the-us/index.html","js","/themes/custom/usagov/scripts/modifyMobileNav.js","-","-","-","-","-",""
"./html/absentee-voting/index.html","css","/sites/default/files/css/css_pa5IAdGys8oKT7VGvMnFk9RNNFnySMQYZUPfv9d7uuc.css","-","-","en","usagov","eJxFjkEKxSAMRC9kmyNJNMEKGsVoi7evdfH_ZhhmhuTp1M4ZHCqboRjKDSEVh-nQPlOUYO7Ij8LWMxcaiQ1Lj31azo4JPNYei5iKDUPDeilQGxXT-U_OIXW4FPViWm8eUvsrrS-5Flk31XpspLAHx_Yfk0XKUezHwwp5UbkXq1pIPA","delta=0&language=en&theme=usagov&include=eJxFjkEKxSAMRC9kmyNJNMEKGsVoi7evdfH_ZhhmhuTp1M4ZHCqboRjKDSEVh-nQPlOUYO7Ij8LWMxcaiQ1Lj31azo4JPNYei5iKDUPDeilQGxXT-U_OIXW4FPViWm8eUvsrrS-5Flk31XpspLAHx_Yfk0XKUezHwwp5UbkXq1pIPA"
"./html/absentee-voting/index.html","css","/modules/contrib/uswds_paragraph_components/modules/uswds_paragraph_components_cards/css/uswds-paragraph-components-cards.css","-","-","-","-","-","sqrdwl"
"./html/absentee-voting/index.html","css","/sites/default/files/css/css_eA5ZE4Cwd6bF3HgsWSRdJp200T7y3QMxNGRo1oR5oMQ.css","-","2","en","usagov","eJxFjkEKxSAMRC9kmyNJNMEKGsVoi7evdfH_ZhhmhuTp1M4ZHCqboRjKDSEVh-nQPlOUYO7Ij8LWMxcaiQ1Lj31azo4JPNYei5iKDUPDeilQGxXT-U_OIXW4FPViWm8eUvsrrS-5Flk31XpspLAHx_Yfk0XKUezHwwp5UbkXq1pIPA","delta=2&language=en&theme=usagov&include=eJxFjkEKxSAMRC9kmyNJNMEKGsVoi7evdfH_ZhhmhuTp1M4ZHCqboRjKDSEVh-nQPlOUYO7Ij8LWMxcaiQ1Lj31azo4JPNYei5iKDUPDeilQGxXT-U_OIXW4FPViWm8eUvsrrS-5Flk31XpspLAHx_Yfk0XKUezHwwp5UbkXq1pIPA"
"./html/absentee-voting/index.html","css","/sites/default/files/css/css_h8MbvwzFoPHon25psxDvs_qWZKIaWznJGeScqw5abGU.css","-","3","en","usagov","eJxFjkEKxSAMRC9kmyNJNMEKGsVoi7evdfH_ZhhmhuTp1M4ZHCqboRjKDSEVh-nQPlOUYO7Ij8LWMxcaiQ1Lj31azo4JPNYei5iKDUPDeilQGxXT-U_OIXW4FPViWm8eUvsrrS-5Flk31XpspLAHx_Yfk0XKUezHwwp5UbkXq1pIPA","delta=3&language=en&theme=usagov&include=eJxFjkEKxSAMRC9kmyNJNMEKGsVoi7evdfH_ZhhmhuTp1M4ZHCqboRjKDSEVh-nQPlOUYO7Ij8LWMxcaiQ1Lj31azo4JPNYei5iKDUPDeilQGxXT-U_OIXW4FPViWm8eUvsrrS-5Flk31XpspLAHx_Yfk0XKUezHwwp5UbkXq1pIPA"
"./html/absentee-voting/index.html","js","/themes/custom/usagov/scripts/newFooter.js","-","-","-","-","-",""
"./html/absentee-voting/index.html","js","/sites/default/files/js/js_sJY3bzJs3jirGGaSNreFUENeOZtDcSGccrkIaQj9Xmc.js","footer","-","en","usagov","eJx1jUEOwjAMBD_UNH_ghsQfIjcxJpDYlZ0UldcTtVw57s6sthuQbJ6KLFCctb1kpqkfbWiyBoYtE7QsHCpy9_9ReNoYvpOF-MKUm2jI3JD0UPyJIEbRNPJ8VxmU0-_MF_jsN4F0oWsFwml46KPUVRi52XxqzhmCxscC-gXEtkrD","scope=footer&delta=0&language=en&theme=usagov&include=eJx1jUEOwjAMBD_UNH_ghsQfIjcxJpDYlZ0UldcTtVw57s6sthuQbJ6KLFCctb1kpqkfbWiyBoYtE7QsHCpy9_9ReNoYvpOF-MKUm2jI3JD0UPyJIEbRNPJ8VxmU0-_MF_jsN4F0oWsFwml46KPUVRi52XxqzhmCxscC-gXEtkrD"
"./html/absentee-voting/index.html","js","/modules/contrib/uswds_ckeditor_integration/js/aftermarket/uswds_accordion.js","-","-","-","-","-","sqrdwl"
"./html/absentee-voting/index.html","js","/sites/default/files/js/js_HIkTA9247QPrO8K9vxBNtUZ48syYleNajOmoqo58gkg.js","footer","2","en","usagov","eJx1jUEOwjAMBD_UNH_ghsQfIjcxJpDYlZ0UldcTtVw57s6sthuQbJ6KLFCctb1kpqkfbWiyBoYtE7QsHCpy9_9ReNoYvpOF-MKUm2jI3JD0UPyJIEbRNPJ8VxmU0-_MF_jsN4F0oWsFwml46KPUVRi52XxqzhmCxscC-gXEtkrD","scope=footer&delta=2&language=en&theme=usagov&include=eJx1jUEOwjAMBD_UNH_ghsQfIjcxJpDYlZ0UldcTtVw57s6sthuQbJ6KLFCctb1kpqkfbWiyBoYtE7QsHCpy9_9ReNoYvpOF-MKUm2jI3JD0UPyJIEbRNPJ8VxmU0-_MF_jsN4F0oWsFwml46KPUVRi52XxqzhmCxscC-gXEtkrD"
"./html/absentee-voting/index.html","js","/themes/custom/usagov/scripts/modifyMobileNav.js","-","-","-","-","-",""
"./html/accessibility/index.html","css","/sites/default/files/css/css__7_lnIX5SUimudYZT0iqhhe0r5Ev1QE4En7-BEPHMeY.css","-","-","en","usagov","eJwdykEOwCAIBMAP2fIkg5EQEtDDqo2_b-tlToONIUGFIWmCtS9S74X9wthuTdMyeUDHO3qdfmLmGtbynwQUXy0vYCIdnw","delta=0&language=en&theme=usagov&include=eJwdykEOwCAIBMAP2fIkg5EQEtDDqo2_b-tlToONIUGFIWmCtS9S74X9wthuTdMyeUDHO3qdfmLmGtbynwQUXy0vYCIdnw"
"./html/accessibility/index.html","css","/sites/default/files/css/css_h8MbvwzFoPHon25psxDvs_qWZKIaWznJGeScqw5abGU.css","-","1","en","usagov","eJwdykEOwCAIBMAP2fIkg5EQEtDDqo2_b-tlToONIUGFIWmCtS9S74X9wthuTdMyeUDHO3qdfmLmGtbynwQUXy0vYCIdnw","delta=1&language=en&theme=usagov&include=eJwdykEOwCAIBMAP2fIkg5EQEtDDqo2_b-tlToONIUGFIWmCtS9S74X9wthuTdMyeUDHO3qdfmLmGtbynwQUXy0vYCIdnw"
"./html/accessibility/index.html","js","/themes/custom/usagov/scripts/newFooter.js","-","-","-","-","-",""
"./html/accessibility/index.html","js","/sites/default/files/js/js_sJY3bzJs3jirGGaSNreFUENeOZtDcSGccrkIaQj9Xmc.js","footer","-","en","usagov","eJx1jUEOwjAMBD_UNH_ghsQfIjcxJpDYlZ0UldcTtVw57s6sthuQbJ6KLFCctb1kpqkfbWiyBoYtE7QsHCpy9_9ReNoYvpOF-MKUm2jI3JD0UPyJIEbRNPJ8VxmU0-_MF_jsN4F0oWsFwml46KPUVRi52XxqzhmCxscC-gXEtkrD","scope=footer&delta=0&language=en&theme=usagov&include=eJx1jUEOwjAMBD_UNH_ghsQfIjcxJpDYlZ0UldcTtVw57s6sthuQbJ6KLFCctb1kpqkfbWiyBoYtE7QsHCpy9_9ReNoYvpOF-MKUm2jI3JD0UPyJIEbRNPJ8VxmU0-_MF_jsN4F0oWsFwml46KPUVRi52XxqzhmCxscC-gXEtkrD"
"./html/accessibility/index.html","js","/modules/contrib/uswds_ckeditor_integration/js/aftermarket/uswds_accordion.js","-","-","-","-","-","sqrdwl"
"./html/accessibility/index.html","js","/sites/default/files/js/js_HIkTA9247QPrO8K9vxBNtUZ48syYleNajOmoqo58gkg.js","footer","2","en","usagov","eJx1jUEOwjAMBD_UNH_ghsQfIjcxJpDYlZ0UldcTtVw57s6sthuQbJ6KLFCctb1kpqkfbWiyBoYtE7QsHCpy9_9ReNoYvpOF-MKUm2jI3JD0UPyJIEbRNPJ8VxmU0-_MF_jsN4F0oWsFwml46KPUVRi52XxqzhmCxscC-gXEtkrD","scope=footer&delta=2&language=en&theme=usagov&include=eJx1jUEOwjAMBD_UNH_ghsQfIjcxJpDYlZ0UldcTtVw57s6sthuQbJ6KLFCctb1kpqkfbWiyBoYtE7QsHCpy9_9ReNoYvpOF-MKUm2jI3JD0UPyJIEbRNPJ8VxmU0-_MF_jsN4F0oWsFwml46KPUVRi52XxqzhmCxscC-gXEtkrD"
"./html/accessibility/index.html","js","/themes/custom/usagov/scripts/modifyMobileNav.js","-","-","-","-","-",""
"./html/accessibility-policy/index.html","css","/sites/default/files/css/css_pa5IAdGys8oKT7VGvMnFk9RNNFnySMQYZUPfv9d7uuc.css","-","-","en","usagov","eJxFjkEKxSAMRC9kmyNJNMEKGsVoi7evdfH_ZhhmhuTp1M4ZHCqboRjKDSEVh-nQPlOUYO7Ij8LWMxcaiQ1Lj31azo4JPNYei5iKDUPDeilQGxXT-U_OIXW4FPViWm8eUvsrrS-5Flk31XpspLAHx_Yfk0XKUezHwwp5UbkXq1pIPA","delta=0&language=en&theme=usagov&include=eJxFjkEKxSAMRC9kmyNJNMEKGsVoi7evdfH_ZhhmhuTp1M4ZHCqboRjKDSEVh-nQPlOUYO7Ij8LWMxcaiQ1Lj31azo4JPNYei5iKDUPDeilQGxXT-U_OIXW4FPViWm8eUvsrrS-5Flk31XpspLAHx_Yfk0XKUezHwwp5UbkXq1pIPA"
"./html/accessibility-policy/index.html","css","/modules/contrib/uswds_paragraph_components/modules/uswds_paragraph_components_cards/css/uswds-paragraph-components-cards.css","-","-","-","-","-","sqrdwl"
"./html/accessibility-policy/index.html","css","/sites/default/files/css/css_eA5ZE4Cwd6bF3HgsWSRdJp200T7y3QMxNGRo1oR5oMQ.css","-","2","en","usagov","eJxFjkEKxSAMRC9kmyNJNMEKGsVoi7evdfH_ZhhmhuTp1M4ZHCqboRjKDSEVh-nQPlOUYO7Ij8LWMxcaiQ1Lj31azo4JPNYei5iKDUPDeilQGxXT-U_OIXW4FPViWm8eUvsrrS-5Flk31XpspLAHx_Yfk0XKUezHwwp5UbkXq1pIPA","delta=2&language=en&theme=usagov&include=eJxFjkEKxSAMRC9kmyNJNMEKGsVoi7evdfH_ZhhmhuTp1M4ZHCqboRjKDSEVh-nQPlOUYO7Ij8LWMxcaiQ1Lj31azo4JPNYei5iKDUPDeilQGxXT-U_OIXW4FPViWm8eUvsrrS-5Flk31XpspLAHx_Yfk0XKUezHwwp5UbkXq1pIPA"
"./html/accessibility-policy/index.html","css","/sites/default/files/css/css_h8MbvwzFoPHon25psxDvs_qWZKIaWznJGeScqw5abGU.css","-","3","en","usagov","eJxFjkEKxSAMRC9kmyNJNMEKGsVoi7evdfH_ZhhmhuTp1M4ZHCqboRjKDSEVh-nQPlOUYO7Ij8LWMxcaiQ1Lj31azo4JPNYei5iKDUPDeilQGxXT-U_OIXW4FPViWm8eUvsrrS-5Flk31XpspLAHx_Yfk0XKUezHwwp5UbkXq1pIPA","delta=3&language=en&theme=usagov&include=eJxFjkEKxSAMRC9kmyNJNMEKGsVoi7evdfH_ZhhmhuTp1M4ZHCqboRjKDSEVh-nQPlOUYO7Ij8LWMxcaiQ1Lj31azo4JPNYei5iKDUPDeilQGxXT-U_OIXW4FPViWm8eUvsrrS-5Flk31XpspLAHx_Yfk0XKUezHwwp5UbkXq1pIPA"
"./html/accessibility-policy/index.html","js","/themes/custom/usagov/scripts/newFooter.js","-","-","-","-","-",""
"./html/accessibility-policy/index.html","js","/sites/default/files/js/js_sJY3bzJs3jirGGaSNreFUENeOZtDcSGccrkIaQj9Xmc.js","footer","-","en","usagov","eJx1jUEOwjAMBD_UNH_ghsQfIjcxJpDYlZ0UldcTtVw57s6sthuQbJ6KLFCctb1kpqkfbWiyBoYtE7QsHCpy9_9ReNoYvpOF-MKUm2jI3JD0UPyJIEbRNPJ8VxmU0-_MF_jsN4F0oWsFwml46KPUVRi52XxqzhmCxscC-gXEtkrD","scope=footer&delta=0&language=en&theme=usagov&include=eJx1jUEOwjAMBD_UNH_ghsQfIjcxJpDYlZ0UldcTtVw57s6sthuQbJ6KLFCctb1kpqkfbWiyBoYtE7QsHCpy9_9ReNoYvpOF-MKUm2jI3JD0UPyJIEbRNPJ8VxmU0-_MF_jsN4F0oWsFwml46KPUVRi52XxqzhmCxscC-gXEtkrD"
"./html/accessibility-policy/index.html","js","/modules/contrib/uswds_ckeditor_integration/js/aftermarket/uswds_accordion.js","-","-","-","-","-","sqrdwl"
"./html/accessibility-policy/index.html","js","/sites/default/files/js/js_HIkTA9247QPrO8K9vxBNtUZ48syYleNajOmoqo58gkg.js","footer","2","en","usagov","eJx1jUEOwjAMBD_UNH_ghsQfIjcxJpDYlZ0UldcTtVw57s6sthuQbJ6KLFCctb1kpqkfbWiyBoYtE7QsHCpy9_9ReNoYvpOF-MKUm2jI3JD0UPyJIEbRNPJ8VxmU0-_MF_jsN4F0oWsFwml46KPUVRi52XxqzhmCxscC-gXEtkrD","scope=footer&delta=2&language=en&theme=usagov&include=eJx1jUEOwjAMBD_UNH_ghsQfIjcxJpDYlZ0UldcTtVw57s6sthuQbJ6KLFCctb1kpqkfbWiyBoYtE7QsHCpy9_9ReNoYvpOF-MKUm2jI3JD0UPyJIEbRNPJ8VxmU0-_MF_jsN4F0oWsFwml46KPUVRi52XxqzhmCxscC-gXEtkrD"
"./html/accessibility-policy/index.html","js","/themes/custom/usagov/scripts/modifyMobileNav.js","-","-","-","-","-",""
"./html/adjustment-of-status/index.html","css","/sites/default/files/css/css_pa5IAdGys8oKT7VGvMnFk9RNNFnySMQYZUPfv9d7uuc.css","-","-","en","usagov","eJxFjkEKxSAMRC9kmyNJNMEKGsVoi7evdfH_ZhhmhuTp1M4ZHCqboRjKDSEVh-nQPlOUYO7Ij8LWMxcaiQ1Lj31azo4JPNYei5iKDUPDeilQGxXT-U_OIXW4FPViWm8eUvsrrS-5Flk31XpspLAHx_Yfk0XKUezHwwp5UbkXq1pIPA","delta=0&language=en&theme=usagov&include=eJxFjkEKxSAMRC9kmyNJNMEKGsVoi7evdfH_ZhhmhuTp1M4ZHCqboRjKDSEVh-nQPlOUYO7Ij8LWMxcaiQ1Lj31azo4JPNYei5iKDUPDeilQGxXT-U_OIXW4FPViWm8eUvsrrS-5Flk31XpspLAHx_Yfk0XKUezHwwp5UbkXq1pIPA"
"./html/adjustment-of-status/index.html","css","/modules/contrib/uswds_paragraph_components/modules/uswds_paragraph_components_cards/css/uswds-paragraph-components-cards.css","-","-","-","-","-","sqrdwl"
"./html/adjustment-of-status/index.html","css","/sites/default/files/css/css_eA5ZE4Cwd6bF3HgsWSRdJp200T7y3QMxNGRo1oR5oMQ.css","-","2","en","usagov","eJxFjkEKxSAMRC9kmyNJNMEKGsVoi7evdfH_ZhhmhuTp1M4ZHCqboRjKDSEVh-nQPlOUYO7Ij8LWMxcaiQ1Lj31azo4JPNYei5iKDUPDeilQGxXT-U_OIXW4FPViWm8eUvsrrS-5Flk31XpspLAHx_Yfk0XKUezHwwp5UbkXq1pIPA","delta=2&language=en&theme=usagov&include=eJxFjkEKxSAMRC9kmyNJNMEKGsVoi7evdfH_ZhhmhuTp1M4ZHCqboRjKDSEVh-nQPlOUYO7Ij8LWMxcaiQ1Lj31azo4JPNYei5iKDUPDeilQGxXT-U_OIXW4FPViWm8eUvsrrS-5Flk31XpspLAHx_Yfk0XKUezHwwp5UbkXq1pIPA"
"./html/adjustment-of-status/index.html","css","/sites/default/files/css/css_h8MbvwzFoPHon25psxDvs_qWZKIaWznJGeScqw5abGU.css","-","3","en","usagov","eJxFjkEKxSAMRC9kmyNJNMEKGsVoi7evdfH_ZhhmhuTp1M4ZHCqboRjKDSEVh-nQPlOUYO7Ij8LWMxcaiQ1Lj31azo4JPNYei5iKDUPDeilQGxXT-U_OIXW4FPViWm8eUvsrrS-5Flk31XpspLAHx_Yfk0XKUezHwwp5UbkXq1pIPA","delta=3&language=en&theme=usagov&include=eJxFjkEKxSAMRC9kmyNJNMEKGsVoi7evdfH_ZhhmhuTp1M4ZHCqboRjKDSEVh-nQPlOUYO7Ij8LWMxcaiQ1Lj31azo4JPNYei5iKDUPDeilQGxXT-U_OIXW4FPViWm8eUvsrrS-5Flk31XpspLAHx_Yfk0XKUezHwwp5UbkXq1pIPA"
"./html/adjustment-of-status/index.html","js","/themes/custom/usagov/scripts/newFooter.js","-","-","-","-","-",""
"./html/adjustment-of-status/index.html","js","/sites/default/files/js/js_sJY3bzJs3jirGGaSNreFUENeOZtDcSGccrkIaQj9Xmc.js","footer","-","en","usagov","eJx1jUEOwjAMBD_UNH_ghsQfIjcxJpDYlZ0UldcTtVw57s6sthuQbJ6KLFCctb1kpqkfbWiyBoYtE7QsHCpy9_9ReNoYvpOF-MKUm2jI3JD0UPyJIEbRNPJ8VxmU0-_MF_jsN4F0oWsFwml46KPUVRi52XxqzhmCxscC-gXEtkrD","scope=footer&delta=0&language=en&theme=usagov&include=eJx1jUEOwjAMBD_UNH_ghsQfIjcxJpDYlZ0UldcTtVw57s6sthuQbJ6KLFCctb1kpqkfbWiyBoYtE7QsHCpy9_9ReNoYvpOF-MKUm2jI3JD0UPyJIEbRNPJ8VxmU0-_MF_jsN4F0oWsFwml46KPUVRi52XxqzhmCxscC-gXEtkrD"
"./html/adjustment-of-status/index.html","js","/modules/contrib/uswds_ckeditor_integration/js/aftermarket/uswds_accordion.js","-","-","-","-","-","sqrdwl"
"./html/adjustment-of-status/index.html","js","/sites/default/files/js/js_HIkTA9247QPrO8K9vxBNtUZ48syYleNajOmoqo58gkg.js","footer","2","en","usagov","eJx1jUEOwjAMBD_UNH_ghsQfIjcxJpDYlZ0UldcTtVw57s6sthuQbJ6KLFCctb1kpqkfbWiyBoYtE7QsHCpy9_9ReNoYvpOF-MKUm2jI3JD0UPyJIEbRNPJ8VxmU0-_MF_jsN4F0oWsFwml46KPUVRi52XxqzhmCxscC-gXEtkrD","scope=footer&delta=2&language=en&theme=usagov&include=eJx1jUEOwjAMBD_UNH_ghsQfIjcxJpDYlZ0UldcTtVw57s6sthuQbJ6KLFCctb1kpqkfbWiyBoYtE7QsHCpy9_9ReNoYvpOF-MKUm2jI3JD0UPyJIEbRNPJ8VxmU0-_MF_jsN4F0oWsFwml46KPUVRi52XxqzhmCxscC-gXEtkrD"
"./html/adjustment-of-status/index.html","js","/themes/custom/usagov/scripts/modifyMobileNav.js","-","-","-","-","-",""
"./html/adulthood/index.html","css","/sites/default/files/css/css__7_lnIX5SUimudYZT0iqhhe0r5Ev1QE4En7-BEPHMeY.css","-","-","en","usagov","eJwdykEOwCAIBMAP2fIkg5EQEtDDqo2_b-tlToONIUGFIWmCtS9S74X9wthuTdMyeUDHO3qdfmLmGtbynwQUXy0vYCIdnw","delta=0&language=en&theme=usagov&include=eJwdykEOwCAIBMAP2fIkg5EQEtDDqo2_b-tlToONIUGFIWmCtS9S74X9wthuTdMyeUDHO3qdfmLmGtbynwQUXy0vYCIdnw"
"./html/adulthood/index.html","css","/sites/default/files/css/css_h8MbvwzFoPHon25psxDvs_qWZKIaWznJGeScqw5abGU.css","-","1","en","usagov","eJwdykEOwCAIBMAP2fIkg5EQEtDDqo2_b-tlToONIUGFIWmCtS9S74X9wthuTdMyeUDHO3qdfmLmGtbynwQUXy0vYCIdnw","delta=1&language=en&theme=usagov&include=eJwdykEOwCAIBMAP2fIkg5EQEtDDqo2_b-tlToONIUGFIWmCtS9S74X9wthuTdMyeUDHO3qdfmLmGtbynwQUXy0vYCIdnw"
"./html/adulthood/index.html","js","/themes/custom/usagov/scripts/newFooter.js","-","-","-","-","-",""
"./html/adulthood/index.html","js","/sites/default/files/js/js_sJY3bzJs3jirGGaSNreFUENeOZtDcSGccrkIaQj9Xmc.js","footer","-","en","usagov","eJx1jUEOwjAMBD_UNH_ghsQfIjcxJpDYlZ0UldcTtVw57s6sthuQbJ6KLFCctb1kpqkfbWiyBoYtE7QsHCpy9_9ReNoYvpOF-MKUm2jI3JD0UPyJIEbRNPJ8VxmU0-_MF_jsN4F0oWsFwml46KPUVRi52XxqzhmCxscC-gXEtkrD","scope=footer&delta=0&language=en&theme=usagov&include=eJx1jUEOwjAMBD_UNH_ghsQfIjcxJpDYlZ0UldcTtVw57s6sthuQbJ6KLFCctb1kpqkfbWiyBoYtE7QsHCpy9_9ReNoYvpOF-MKUm2jI3JD0UPyJIEbRNPJ8VxmU0-_MF_jsN4F0oWsFwml46KPUVRi52XxqzhmCxscC-gXEtkrD"
"./html/adulthood/index.html","js","/modules/contrib/uswds_ckeditor_integration/js/aftermarket/uswds_accordion.js","-","-","-","-","-","sqrdwl"
"./html/adulthood/index.html","js","/sites/default/files/js/js_HIkTA9247QPrO8K9vxBNtUZ48syYleNajOmoqo58gkg.js","footer","2","en","usagov","eJx1jUEOwjAMBD_UNH_ghsQfIjcxJpDYlZ0UldcTtVw57s6sthuQbJ6KLFCctb1kpqkfbWiyBoYtE7QsHCpy9_9ReNoYvpOF-MKUm2jI3JD0UPyJIEbRNPJ8VxmU0-_MF_jsN4F0oWsFwml46KPUVRi52XxqzhmCxscC-gXEtkrD","scope=footer&delta=2&language=en&theme=usagov&include=eJx1jUEOwjAMBD_UNH_ghsQfIjcxJpDYlZ0UldcTtVw57s6sthuQbJ6KLFCctb1kpqkfbWiyBoYtE7QsHCpy9_9ReNoYvpOF-MKUm2jI3JD0UPyJIEbRNPJ8VxmU0-_MF_jsN4F0oWsFwml46KPUVRi52XxqzhmCxscC-gXEtkrD"
"./html/adulthood/index.html","js","/themes/custom/usagov/scripts/modifyMobileNav.js","-","-","-","-","-",""
"./html/agencies/administration-for-children-and-families/index.html","css","/sites/default/files/css/css__7_lnIX5SUimudYZT0iqhhe0r5Ev1QE4En7-BEPHMeY.css","-","-","en","usagov","eJwdykEOwCAIBMAP2fIkg5EQEtDDqo2_b-tlToONIUGFIWmCtS9S74X9wthuTdMyeUDHO3qdfmLmGtbynwQUXy0vYCIdnw","delta=0&language=en&theme=usagov&include=eJwdykEOwCAIBMAP2fIkg5EQEtDDqo2_b-tlToONIUGFIWmCtS9S74X9wthuTdMyeUDHO3qdfmLmGtbynwQUXy0vYCIdnw"
"./html/agencies/administration-for-children-and-families/index.html","css","/sites/default/files/css/css_h8MbvwzFoPHon25psxDvs_qWZKIaWznJGeScqw5abGU.css","-","1","en","usagov","eJwdykEOwCAIBMAP2fIkg5EQEtDDqo2_b-tlToONIUGFIWmCtS9S74X9wthuTdMyeUDHO3qdfmLmGtbynwQUXy0vYCIdnw","delta=1&language=en&theme=usagov&include=eJwdykEOwCAIBMAP2fIkg5EQEtDDqo2_b-tlToONIUGFIWmCtS9S74X9wthuTdMyeUDHO3qdfmLmGtbynwQUXy0vYCIdnw"
"./html/agencies/administration-for-children-and-families/index.html","js","/themes/custom/usagov/scripts/newFooter.js","-","-","-","-","-",""
"./html/agencies/administration-for-children-and-families/index.html","js","/sites/default/files/js/js_sJY3bzJs3jirGGaSNreFUENeOZtDcSGccrkIaQj9Xmc.js","footer","-","en","usagov","eJx1jUEOwzAIBD8Ux09CBFPXrQMR4FT9fa3k3OPO7GqHY9Uz164b9uTx7U3qMi4KoQcInq1iNBXYWUb-r-Dlc_gpDvTm0kINmgRXuyr5VkikVmZeH6bTSlkm4Ey6Hyos4ev9kJIzGj03tB9w0UIH","scope=footer&delta=0&language=en&theme=usagov&include=eJx1jUEOwzAIBD8Ux09CBFPXrQMR4FT9fa3k3OPO7GqHY9Uz164b9uTx7U3qMi4KoQcInq1iNBXYWUb-r-Dlc_gpDvTm0kINmgRXuyr5VkikVmZeH6bTSlkm4Ey6Hyos4ev9kJIzGj03tB9w0UIH"
"./html/agencies/administration-for-children-and-families/index.html","js","/modules/contrib/uswds_ckeditor_integration/js/aftermarket/uswds_accordion.js","-","-","-","-","-","sqrdwl"
"./html/agencies/administration-for-children-and-families/index.html","js","/sites/default/files/js/js_JxNk0XijPRI5QYwn5XlgSWW1Bx0YJQ3HYOHPIZ4Crx4.js","footer","2","en","usagov","eJx1jUEOwzAIBD8Ux09CBFPXrQMR4FT9fa3k3OPO7GqHY9Uz164b9uTx7U3qMi4KoQcInq1iNBXYWUb-r-Dlc_gpDvTm0kINmgRXuyr5VkikVmZeH6bTSlkm4Ey6Hyos4ev9kJIzGj03tB9w0UIH","scope=footer&delta=2&language=en&theme=usagov&include=eJx1jUEOwzAIBD8Ux09CBFPXrQMR4FT9fa3k3OPO7GqHY9Uz164b9uTx7U3qMi4KoQcInq1iNBXYWUb-r-Dlc_gpDvTm0kINmgRXuyr5VkikVmZeH6bTSlkm4Ey6Hyos4ev9kJIzGj03tB9w0UIH"
"./html/agencies/administration-for-children-and-families/index.html","js","/themes/custom/usagov/scripts/modifyMobileNav.js","-","-","-","-","-",""
"./html/agencies/administration-for-community-living/index.html","css","/sites/default/files/css/css__7_lnIX5SUimudYZT0iqhhe0r5Ev1QE4En7-BEPHMeY.css","-","-","en","usagov","eJwdykEOwCAIBMAP2fIkg5EQEtDDqo2_b-tlToONIUGFIWmCtS9S74X9wthuTdMyeUDHO3qdfmLmGtbynwQUXy0vYCIdnw","delta=0&language=en&theme=usagov&include=eJwdykEOwCAIBMAP2fIkg5EQEtDDqo2_b-tlToONIUGFIWmCtS9S74X9wthuTdMyeUDHO3qdfmLmGtbynwQUXy0vYCIdnw"
"./html/agencies/administration-for-community-living/index.html","css","/sites/default/files/css/css_h8MbvwzFoPHon25psxDvs_qWZKIaWznJGeScqw5abGU.css","-","1","en","usagov","eJwdykEOwCAIBMAP2fIkg5EQEtDDqo2_b-tlToONIUGFIWmCtS9S74X9wthuTdMyeUDHO3qdfmLmGtbynwQUXy0vYCIdnw","delta=1&language=en&theme=usagov&include=eJwdykEOwCAIBMAP2fIkg5EQEtDDqo2_b-tlToONIUGFIWmCtS9S74X9wthuTdMyeUDHO3qdfmLmGtbynwQUXy0vYCIdnw"
"./html/agencies/administration-for-community-living/index.html","js","/themes/custom/usagov/scripts/newFooter.js","-","-","-","-","-",""
"./html/agencies/administration-for-community-living/index.html","js","/sites/default/files/js/js_sJY3bzJs3jirGGaSNreFUENeOZtDcSGccrkIaQj9Xmc.js","footer","-","en","usagov","eJx1jUEOwzAIBD8Ux09CBFPXrQMR4FT9fa3k3OPO7GqHY9Uz164b9uTx7U3qMi4KoQcInq1iNBXYWUb-r-Dlc_gpDvTm0kINmgRXuyr5VkikVmZeH6bTSlkm4Ey6Hyos4ev9kJIzGj03tB9w0UIH","scope=footer&delta=0&language=en&theme=usagov&include=eJx1jUEOwzAIBD8Ux09CBFPXrQMR4FT9fa3k3OPO7GqHY9Uz164b9uTx7U3qMi4KoQcInq1iNBXYWUb-r-Dlc_gpDvTm0kINmgRXuyr5VkikVmZeH6bTSlkm4Ey6Hyos4ev9kJIzGj03tB9w0UIH"
"./html/agencies/administration-for-community-living/index.html","js","/modules/contrib/uswds_ckeditor_integration/js/aftermarket/uswds_accordion.js","-","-","-","-","-","sqrdwl"
"./html/agencies/administration-for-community-living/index.html","js","/sites/default/files/js/js_JxNk0XijPRI5QYwn5XlgSWW1Bx0YJQ3HYOHPIZ4Crx4.js","footer","2","en","usagov","eJx1jUEOwzAIBD8Ux09CBFPXrQMR4FT9fa3k3OPO7GqHY9Uz164b9uTx7U3qMi4KoQcInq1iNBXYWUb-r-Dlc_gpDvTm0kINmgRXuyr5VkikVmZeH6bTSlkm4Ey6Hyos4ev9kJIzGj03tB9w0UIH","scope=footer&delta=2&language=en&theme=usagov&include=eJx1jUEOwzAIBD8Ux09CBFPXrQMR4FT9fa3k3OPO7GqHY9Uz164b9uTx7U3qMi4KoQcInq1iNBXYWUb-r-Dlc_gpDvTm0kINmgRXuyr5VkikVmZeH6bTSlkm4Ey6Hyos4ev9kJIzGj03tB9w0UIH"
"./html/agencies/administration-for-community-living/index.html","js","/themes/custom/usagov/scripts/modifyMobileNav.js","-","-","-","-","-",""
"./html/agencies/administration-for-native-americans/index.html","css","/sites/default/files/css/css__7_lnIX5SUimudYZT0iqhhe0r5Ev1QE4En7-BEPHMeY.css","-","-","en","usagov","eJwdykEOwCAIBMAP2fIkg5EQEtDDqo2_b-tlToONIUGFIWmCtS9S74X9wthuTdMyeUDHO3qdfmLmGtbynwQUXy0vYCIdnw","delta=0&language=en&theme=usagov&include=eJwdykEOwCAIBMAP2fIkg5EQEtDDqo2_b-tlToONIUGFIWmCtS9S74X9wthuTdMyeUDHO3qdfmLmGtbynwQUXy0vYCIdnw"
"./html/agencies/administration-for-native-americans/index.html","css","/sites/default/files/css/css_h8MbvwzFoPHon25psxDvs_qWZKIaWznJGeScqw5abGU.css","-","1","en","usagov","eJwdykEOwCAIBMAP2fIkg5EQEtDDqo2_b-tlToONIUGFIWmCtS9S74X9wthuTdMyeUDHO3qdfmLmGtbynwQUXy0vYCIdnw","delta=1&language=en&theme=usagov&include=eJwdykEOwCAIBMAP2fIkg5EQEtDDqo2_b-tlToONIUGFIWmCtS9S74X9wthuTdMyeUDHO3qdfmLmGtbynwQUXy0vYCIdnw"
"./html/agencies/administration-for-native-americans/index.html","js","/themes/custom/usagov/scripts/newFooter.js","-","-","-","-","-",""
"./html/agencies/administration-for-native-americans/index.html","js","/sites/default/files/js/js_sJY3bzJs3jirGGaSNreFUENeOZtDcSGccrkIaQj9Xmc.js","footer","-","en","usagov","eJx1jUEOwzAIBD8Ux09CBFPXrQMR4FT9fa3k3OPO7GqHY9Uz164b9uTx7U3qMi4KoQcInq1iNBXYWUb-r-Dlc_gpDvTm0kINmgRXuyr5VkikVmZeH6bTSlkm4Ey6Hyos4ev9kJIzGj03tB9w0UIH","scope=footer&delta=0&language=en&theme=usagov&include=eJx1jUEOwzAIBD8Ux09CBFPXrQMR4FT9fa3k3OPO7GqHY9Uz164b9uTx7U3qMi4KoQcInq1iNBXYWUb-r-Dlc_gpDvTm0kINmgRXuyr5VkikVmZeH6bTSlkm4Ey6Hyos4ev9kJIzGj03tB9w0UIH"
"./html/agencies/administration-for-native-americans/index.html","js","/modules/contrib/uswds_ckeditor_integration/js/aftermarket/uswds_accordion.js","-","-","-","-","-","sqrdwl"
"./html/agencies/administration-for-native-americans/index.html","js","/sites/default/files/js/js_JxNk0XijPRI5QYwn5XlgSWW1Bx0YJQ3HYOHPIZ4Crx4.js","footer","2","en","usagov","eJx1jUEOwzAIBD8Ux09CBFPXrQMR4FT9fa3k3OPO7GqHY9Uz164b9uTx7U3qMi4KoQcInq1iNBXYWUb-r-Dlc_gpDvTm0kINmgRXuyr5VkikVmZeH6bTSlkm4Ey6Hyos4ev9kJIzGj03tB9w0UIH","scope=footer&delta=2&language=en&theme=usagov&include=eJx1jUEOwzAIBD8Ux09CBFPXrQMR4FT9fa3k3OPO7GqHY9Uz164b9uTx7U3qMi4KoQcInq1iNBXYWUb-r-Dlc_gpDvTm0kINmgRXuyr5VkikVmZeH6bTSlkm4Ey6Hyos4ev9kJIzGj03tB9w0UIH"
"./html/agencies/administration-for-native-americans/index.html","js","/themes/custom/usagov/scripts/modifyMobileNav.js","-","-","-","-","-",""
"./html/agencies/administrative-conference-of-the-united-states/index.html","css","/sites/default/files/css/css__7_lnIX5SUimudYZT0iqhhe0r5Ev1QE4En7-BEPHMeY.css","-","-","en","usagov","eJwdykEOwCAIBMAP2fIkg5EQEtDDqo2_b-tlToONIUGFIWmCtS9S74X9wthuTdMyeUDHO3qdfmLmGtbynwQUXy0vYCIdnw","delta=0&language=en&theme=usagov&include=eJwdykEOwCAIBMAP2fIkg5EQEtDDqo2_b-tlToONIUGFIWmCtS9S74X9wthuTdMyeUDHO3qdfmLmGtbynwQUXy0vYCIdnw"
"./html/agencies/administrative-conference-of-the-united-states/index.html","css","/sites/default/files/css/css_h8MbvwzFoPHon25psxDvs_qWZKIaWznJGeScqw5abGU.css","-","1","en","usagov","eJwdykEOwCAIBMAP2fIkg5EQEtDDqo2_b-tlToONIUGFIWmCtS9S74X9wthuTdMyeUDHO3qdfmLmGtbynwQUXy0vYCIdnw","delta=1&language=en&theme=usagov&include=eJwdykEOwCAIBMAP2fIkg5EQEtDDqo2_b-tlToONIUGFIWmCtS9S74X9wthuTdMyeUDHO3qdfmLmGtbynwQUXy0vYCIdnw"
"./html/agencies/administrative-conference-of-the-united-states/index.html","js","/themes/custom/usagov/scripts/newFooter.js","-","-","-","-","-",""
"./html/agencies/administrative-conference-of-the-united-states/index.html","js","/sites/default/files/js/js_sJY3bzJs3jirGGaSNreFUENeOZtDcSGccrkIaQj9Xmc.js","footer","-","en","usagov","eJx1jUEOwzAIBD8Ux09CBFPXrQMR4FT9fa3k3OPO7GqHY9Uz164b9uTx7U3qMi4KoQcInq1iNBXYWUb-r-Dlc_gpDvTm0kINmgRXuyr5VkikVmZeH6bTSlkm4Ey6Hyos4ev9kJIzGj03tB9w0UIH","scope=footer&delta=0&language=en&theme=usagov&include=eJx1jUEOwzAIBD8Ux09CBFPXrQMR4FT9fa3k3OPO7GqHY9Uz164b9uTx7U3qMi4KoQcInq1iNBXYWUb-r-Dlc_gpDvTm0kINmgRXuyr5VkikVmZeH6bTSlkm4Ey6Hyos4ev9kJIzGj03tB9w0UIH"
"./html/agencies/administrative-conference-of-the-united-states/index.html","js","/modules/contrib/uswds_ckeditor_integration/js/aftermarket/uswds_accordion.js","-","-","-","-","-","sqrdwl"
"./html/agencies/administrative-conference-of-the-united-states/index.html","js","/sites/default/files/js/js_JxNk0XijPRI5QYwn5XlgSWW1Bx0YJQ3HYOHPIZ4Crx4.js","footer","2","en","usagov","eJx1jUEOwzAIBD8Ux09CBFPXrQMR4FT9fa3k3OPO7GqHY9Uz164b9uTx7U3qMi4KoQcInq1iNBXYWUb-r-Dlc_gpDvTm0kINmgRXuyr5VkikVmZeH6bTSlkm4Ey6Hyos4ev9kJIzGj03tB9w0UIH","scope=footer&delta=2&language=en&theme=usagov&include=eJx1jUEOwzAIBD8Ux09CBFPXrQMR4FT9fa3k3OPO7GqHY9Uz164b9uTx7U3qMi4KoQcInq1iNBXYWUb-r-Dlc_gpDvTm0kINmgRXuyr5VkikVmZeH6bTSlkm4Ey6Hyos4ev9kJIzGj03tB9w0UIH"
"./html/agencies/administrative-conference-of-the-united-states/index.html","js","/themes/custom/usagov/scripts/modifyMobileNav.js","-","-","-","-","-",""
"./html/agencies/administrative-office-of-the-u-s-courts/index.html","css","/sites/default/files/css/css__7_lnIX5SUimudYZT0iqhhe0r5Ev1QE4En7-BEPHMeY.css","-","-","en","usagov","eJwdykEOwCAIBMAP2fIkg5EQEtDDqo2_b-tlToONIUGFIWmCtS9S74X9wthuTdMyeUDHO3qdfmLmGtbynwQUXy0vYCIdnw","delta=0&language=en&theme=usagov&include=eJwdykEOwCAIBMAP2fIkg5EQEtDDqo2_b-tlToONIUGFIWmCtS9S74X9wthuTdMyeUDHO3qdfmLmGtbynwQUXy0vYCIdnw"
"./html/agencies/administrative-office-of-the-u-s-courts/index.html","css","/sites/default/files/css/css_h8MbvwzFoPHon25psxDvs_qWZKIaWznJGeScqw5abGU.css","-","1","en","usagov","eJwdykEOwCAIBMAP2fIkg5EQEtDDqo2_b-tlToONIUGFIWmCtS9S74X9wthuTdMyeUDHO3qdfmLmGtbynwQUXy0vYCIdnw","delta=1&language=en&theme=usagov&include=eJwdykEOwCAIBMAP2fIkg5EQEtDDqo2_b-tlToONIUGFIWmCtS9S74X9wthuTdMyeUDHO3qdfmLmGtbynwQUXy0vYCIdnw"
"./html/agencies/administrative-office-of-the-u-s-courts/index.html","js","/themes/custom/usagov/scripts/newFooter.js","-","-","-","-","-",""
"./html/agencies/administrative-office-of-the-u-s-courts/index.html","js","/sites/default/files/js/js_sJY3bzJs3jirGGaSNreFUENeOZtDcSGccrkIaQj9Xmc.js","footer","-","en","usagov","eJx1jUEOwzAIBD8Ux09CBFPXrQMR4FT9fa3k3OPO7GqHY9Uz164b9uTx7U3qMi4KoQcInq1iNBXYWUb-r-Dlc_gpDvTm0kINmgRXuyr5VkikVmZeH6bTSlkm4Ey6Hyos4ev9kJIzGj03tB9w0UIH","scope=footer&delta=0&language=en&theme=usagov&include=eJx1jUEOwzAIBD8Ux09CBFPXrQMR4FT9fa3k3OPO7GqHY9Uz164b9uTx7U3qMi4KoQcInq1iNBXYWUb-r-Dlc_gpDvTm0kINmgRXuyr5VkikVmZeH6bTSlkm4Ey6Hyos4ev9kJIzGj03tB9w0UIH"
"./html/agencies/administrative-office-of-the-u-s-courts/index.html","js","/modules/contrib/uswds_ckeditor_integration/js/aftermarket/uswds_accordion.js","-","-","-","-","-","sqrdwl"
"./html/agencies/administrative-office-of-the-u-s-courts/index.html","js","/sites/default/files/js/js_JxNk0XijPRI5QYwn5XlgSWW1Bx0YJQ3HYOHPIZ4Crx4.js","footer","2","en","usagov","eJx1jUEOwzAIBD8Ux09CBFPXrQMR4FT9fa3k3OPO7GqHY9Uz164b9uTx7U3qMi4KoQcInq1iNBXYWUb-r-Dlc_gpDvTm0kINmgRXuyr5VkikVmZeH6bTSlkm4Ey6Hyos4ev9kJIzGj03tB9w0UIH","scope=footer&delta=2&language=en&theme=usagov&include=eJx1jUEOwzAIBD8Ux09CBFPXrQMR4FT9fa3k3OPO7GqHY9Uz164b9uTx7U3qMi4KoQcInq1iNBXYWUb-r-Dlc_gpDvTm0kINmgRXuyr5VkikVmZeH6bTSlkm4Ey6Hyos4ev9kJIzGj03tB9w0UIH"
"./html/agencies/administrative-office-of-the-u-s-courts/index.html","js","/themes/custom/usagov/scripts/modifyMobileNav.js","-","-","-","-","-",""
"./html/agencies/advisory-council-on-historic-preservation/index.html","css","/sites/default/files/css/css__7_lnIX5SUimudYZT0iqhhe0r5Ev1QE4En7-BEPHMeY.css","-","-","en","usagov","eJwdykEOwCAIBMAP2fIkg5EQEtDDqo2_b-tlToONIUGFIWmCtS9S74X9wthuTdMyeUDHO3qdfmLmGtbynwQUXy0vYCIdnw","delta=0&language=en&theme=usagov&include=eJwdykEOwCAIBMAP2fIkg5EQEtDDqo2_b-tlToONIUGFIWmCtS9S74X9wthuTdMyeUDHO3qdfmLmGtbynwQUXy0vYCIdnw"
"./html/agencies/advisory-council-on-historic-preservation/index.html","css","/sites/default/files/css/css_h8MbvwzFoPHon25psxDvs_qWZKIaWznJGeScqw5abGU.css","-","1","en","usagov","eJwdykEOwCAIBMAP2fIkg5EQEtDDqo2_b-tlToONIUGFIWmCtS9S74X9wthuTdMyeUDHO3qdfmLmGtbynwQUXy0vYCIdnw","delta=1&language=en&theme=usagov&include=eJwdykEOwCAIBMAP2fIkg5EQEtDDqo2_b-tlToONIUGFIWmCtS9S74X9wthuTdMyeUDHO3qdfmLmGtbynwQUXy0vYCIdnw"
"./html/agencies/advisory-council-on-historic-preservation/index.html","js","/themes/custom/usagov/scripts/newFooter.js","-","-","-","-","-",""
"./html/agencies/advisory-council-on-historic-preservation/index.html","js","/sites/default/files/js/js_sJY3bzJs3jirGGaSNreFUENeOZtDcSGccrkIaQj9Xmc.js","footer","-","en","usagov","eJx1jUEOwzAIBD8Ux09CBFPXrQMR4FT9fa3k3OPO7GqHY9Uz164b9uTx7U3qMi4KoQcInq1iNBXYWUb-r-Dlc_gpDvTm0kINmgRXuyr5VkikVmZeH6bTSlkm4Ey6Hyos4ev9kJIzGj03tB9w0UIH","scope=footer&delta=0&language=en&theme=usagov&include=eJx1jUEOwzAIBD8Ux09CBFPXrQMR4FT9fa3k3OPO7GqHY9Uz164b9uTx7U3qMi4KoQcInq1iNBXYWUb-r-Dlc_gpDvTm0kINmgRXuyr5VkikVmZeH6bTSlkm4Ey6Hyos4ev9kJIzGj03tB9w0UIH"
"./html/agencies/advisory-council-on-historic-preservation/index.html","js","/modules/contrib/uswds_ckeditor_integration/js/aftermarket/uswds_accordion.js","-","-","-","-","-","sqrdwl"
"./html/agencies/advisory-council-on-historic-preservation/index.html","js","/sites/default/files/js/js_JxNk0XijPRI5QYwn5XlgSWW1Bx0YJQ3HYOHPIZ4Crx4.js","footer","2","en","usagov","eJx1jUEOwzAIBD8Ux09CBFPXrQMR4FT9fa3k3OPO7GqHY9Uz164b9uTx7U3qMi4KoQcInq1iNBXYWUb-r-Dlc_gpDvTm0kINmgRXuyr5VkikVmZeH6bTSlkm4Ey6Hyos4ev9kJIzGj03tB9w0UIH","scope=footer&delta=2&language=en&theme=usagov&include=eJx1jUEOwzAIBD8Ux09CBFPXrQMR4FT9fa3k3OPO7GqHY9Uz164b9uTx7U3qMi4KoQcInq1iNBXYWUb-r-Dlc_gpDvTm0kINmgRXuyr5VkikVmZeH6bTSlkm4Ey6Hyos4ev9kJIzGj03tB9w0UIH"
"./html/agencies/advisory-council-on-historic-preservation/index.html","js","/themes/custom/usagov/scripts/modifyMobileNav.js","-","-","-","-","-",""
"./html/agencies/african-development-foundation/index.html","css","/sites/default/files/css/css__7_lnIX5SUimudYZT0iqhhe0r5Ev1QE4En7-BEPHMeY.css","-","-","en","usagov","eJwdykEOwCAIBMAP2fIkg5EQEtDDqo2_b-tlToONIUGFIWmCtS9S74X9wthuTdMyeUDHO3qdfmLmGtbynwQUXy0vYCIdnw","delta=0&language=en&theme=usagov&include=eJwdykEOwCAIBMAP2fIkg5EQEtDDqo2_b-tlToONIUGFIWmCtS9S74X9wthuTdMyeUDHO3qdfmLmGtbynwQUXy0vYCIdnw"
"./html/agencies/african-development-foundation/index.html","css","/sites/default/files/css/css_h8MbvwzFoPHon25psxDvs_qWZKIaWznJGeScqw5abGU.css","-","1","en","usagov","eJwdykEOwCAIBMAP2fIkg5EQEtDDqo2_b-tlToONIUGFIWmCtS9S74X9wthuTdMyeUDHO3qdfmLmGtbynwQUXy0vYCIdnw","delta=1&language=en&theme=usagov&include=eJwdykEOwCAIBMAP2fIkg5EQEtDDqo2_b-tlToONIUGFIWmCtS9S74X9wthuTdMyeUDHO3qdfmLmGtbynwQUXy0vYCIdnw"
"./html/agencies/african-development-foundation/index.html","js","/themes/custom/usagov/scripts/newFooter.js","-","-","-","-","-",""
"./html/agencies/african-development-foundation/index.html","js","/sites/default/files/js/js_sJY3bzJs3jirGGaSNreFUENeOZtDcSGccrkIaQj9Xmc.js","footer","-","en","usagov","eJx1jUEOwzAIBD8Ux09CBFPXrQMR4FT9fa3k3OPO7GqHY9Uz164b9uTx7U3qMi4KoQcInq1iNBXYWUb-r-Dlc_gpDvTm0kINmgRXuyr5VkikVmZeH6bTSlkm4Ey6Hyos4ev9kJIzGj03tB9w0UIH","scope=footer&delta=0&language=en&theme=usagov&include=eJx1jUEOwzAIBD8Ux09CBFPXrQMR4FT9fa3k3OPO7GqHY9Uz164b9uTx7U3qMi4KoQcInq1iNBXYWUb-r-Dlc_gpDvTm0kINmgRXuyr5VkikVmZeH6bTSlkm4Ey6Hyos4ev9kJIzGj03tB9w0UIH"
"./html/agencies/african-development-foundation/index.html","js","/modules/contrib/uswds_ckeditor_integration/js/aftermarket/uswds_accordion.js","-","-","-","-","-","sqrdwl"
"./html/agencies/african-development-foundation/index.html","js","/sites/default/files/js/js_JxNk0XijPRI5QYwn5XlgSWW1Bx0YJQ3HYOHPIZ4Crx4.js","footer","2","en","usagov","eJx1jUEOwzAIBD8Ux09CBFPXrQMR4FT9fa3k3OPO7GqHY9Uz164b9uTx7U3qMi4KoQcInq1iNBXYWUb-r-Dlc_gpDvTm0kINmgRXuyr5VkikVmZeH6bTSlkm4Ey6Hyos4ev9kJIzGj03tB9w0UIH","scope=footer&delta=2&language=en&theme=usagov&include=eJx1jUEOwzAIBD8Ux09CBFPXrQMR4FT9fa3k3OPO7GqHY9Uz164b9uTx7U3qMi4KoQcInq1iNBXYWUb-r-Dlc_gpDvTm0kINmgRXuyr5VkikVmZeH6bTSlkm4Ey6Hyos4ev9kJIzGj03tB9w0UIH"
"./html/agencies/african-development-foundation/index.html","js","/themes/custom/usagov/scripts/modifyMobileNav.js","-","-","-","-","-",""
"./html/agencies/agency-for-healthcare-research-and-quality/index.html","css","/sites/default/files/css/css__7_lnIX5SUimudYZT0iqhhe0r5Ev1QE4En7-BEPHMeY.css","-","-","en","usagov","eJwdykEOwCAIBMAP2fIkg5EQEtDDqo2_b-tlToONIUGFIWmCtS9S74X9wthuTdMyeUDHO3qdfmLmGtbynwQUXy0vYCIdnw","delta=0&language=en&theme=usagov&include=eJwdykEOwCAIBMAP2fIkg5EQEtDDqo2_b-tlToONIUGFIWmCtS9S74X9wthuTdMyeUDHO3qdfmLmGtbynwQUXy0vYCIdnw"
"./html/agencies/agency-for-healthcare-research-and-quality/index.html","css","/sites/default/files/css/css_h8MbvwzFoPHon25psxDvs_qWZKIaWznJGeScqw5abGU.css","-","1","en","usagov","eJwdykEOwCAIBMAP2fIkg5EQEtDDqo2_b-tlToONIUGFIWmCtS9S74X9wthuTdMyeUDHO3qdfmLmGtbynwQUXy0vYCIdnw","delta=1&language=en&theme=usagov&include=eJwdykEOwCAIBMAP2fIkg5EQEtDDqo2_b-tlToONIUGFIWmCtS9S74X9wthuTdMyeUDHO3qdfmLmGtbynwQUXy0vYCIdnw"
"./html/agencies/agency-for-healthcare-research-and-quality/index.html","js","/themes/custom/usagov/scripts/newFooter.js","-","-","-","-","-",""
"./html/agencies/agency-for-healthcare-research-and-quality/index.html","js","/sites/default/files/js/js_sJY3bzJs3jirGGaSNreFUENeOZtDcSGccrkIaQj9Xmc.js","footer","-","en","usagov","eJx1jUEOwzAIBD8Ux09CBFPXrQMR4FT9fa3k3OPO7GqHY9Uz164b9uTx7U3qMi4KoQcInq1iNBXYWUb-r-Dlc_gpDvTm0kINmgRXuyr5VkikVmZeH6bTSlkm4Ey6Hyos4ev9kJIzGj03tB9w0UIH","scope=footer&delta=0&language=en&theme=usagov&include=eJx1jUEOwzAIBD8Ux09CBFPXrQMR4FT9fa3k3OPO7GqHY9Uz164b9uTx7U3qMi4KoQcInq1iNBXYWUb-r-Dlc_gpDvTm0kINmgRXuyr5VkikVmZeH6bTSlkm4Ey6Hyos4ev9kJIzGj03tB9w0UIH"
"./html/agencies/agency-for-healthcare-research-and-quality/index.html","js","/modules/contrib/uswds_ckeditor_integration/js/aftermarket/uswds_accordion.js","-","-","-","-","-","sqrdwl"
"./html/agencies/agency-for-healthcare-research-and-quality/index.html","js","/sites/default/files/js/js_JxNk0XijPRI5QYwn5XlgSWW1Bx0YJQ3HYOHPIZ4Crx4.js","footer","2","en","usagov","eJx1jUEOwzAIBD8Ux09CBFPXrQMR4FT9fa3k3OPO7GqHY9Uz164b9uTx7U3qMi4KoQcInq1iNBXYWUb-r-Dlc_gpDvTm0kINmgRXuyr5VkikVmZeH6bTSlkm4Ey6Hyos4ev9kJIzGj03tB9w0UIH","scope=footer&delta=2&language=en&theme=usagov&include=eJx1jUEOwzAIBD8Ux09CBFPXrQMR4FT9fa3k3OPO7GqHY9Uz164b9uTx7U3qMi4KoQcInq1iNBXYWUb-r-Dlc_gpDvTm0kINmgRXuyr5VkikVmZeH6bTSlkm4Ey6Hyos4ev9kJIzGj03tB9w0UIH"
"./html/agencies/agency-for-healthcare-research-and-quality/index.html","js","/themes/custom/usagov/scripts/modifyMobileNav.js","-","-","-","-","-",""
"./html/agencies/agency-for-toxic-substances-and-disease-registry/index.html","css","/sites/default/files/css/css__7_lnIX5SUimudYZT0iqhhe0r5Ev1QE4En7-BEPHMeY.css","-","-","en","usagov","eJwdykEOwCAIBMAP2fIkg5EQEtDDqo2_b-tlToONIUGFIWmCtS9S74X9wthuTdMyeUDHO3qdfmLmGtbynwQUXy0vYCIdnw","delta=0&language=en&theme=usagov&include=eJwdykEOwCAIBMAP2fIkg5EQEtDDqo2_b-tlToONIUGFIWmCtS9S74X9wthuTdMyeUDHO3qdfmLmGtbynwQUXy0vYCIdnw"
"./html/agencies/agency-for-toxic-substances-and-disease-registry/index.html","css","/sites/default/files/css/css_h8MbvwzFoPHon25psxDvs_qWZKIaWznJGeScqw5abGU.css","-","1","en","usagov","eJwdykEOwCAIBMAP2fIkg5EQEtDDqo2_b-tlToONIUGFIWmCtS9S74X9wthuTdMyeUDHO3qdfmLmGtbynwQUXy0vYCIdnw","delta=1&language=en&theme=usagov&include=eJwdykEOwCAIBMAP2fIkg5EQEtDDqo2_b-tlToONIUGFIWmCtS9S74X9wthuTdMyeUDHO3qdfmLmGtbynwQUXy0vYCIdnw"
"./html/agencies/agency-for-toxic-substances-and-disease-registry/index.html","js","/themes/custom/usagov/scripts/newFooter.js","-","-","-","-","-",""
"./html/agencies/agency-for-toxic-substances-and-disease-registry/index.html","js","/sites/default/files/js/js_sJY3bzJs3jirGGaSNreFUENeOZtDcSGccrkIaQj9Xmc.js","footer","-","en","usagov","eJx1jUEOwzAIBD8Ux09CBFPXrQMR4FT9fa3k3OPO7GqHY9Uz164b9uTx7U3qMi4KoQcInq1iNBXYWUb-r-Dlc_gpDvTm0kINmgRXuyr5VkikVmZeH6bTSlkm4Ey6Hyos4ev9kJIzGj03tB9w0UIH","scope=footer&delta=0&language=en&theme=usagov&include=eJx1jUEOwzAIBD8Ux09CBFPXrQMR4FT9fa3k3OPO7GqHY9Uz164b9uTx7U3qMi4KoQcInq1iNBXYWUb-r-Dlc_gpDvTm0kINmgRXuyr5VkikVmZeH6bTSlkm4Ey6Hyos4ev9kJIzGj03tB9w0UIH"
"./html/agencies/agency-for-toxic-substances-and-disease-registry/index.html","js","/modules/contrib/uswds_ckeditor_integration/js/aftermarket/uswds_accordion.js","-","-","-","-","-","sqrdwl"
"./html/agencies/agency-for-toxic-substances-and-disease-registry/index.html","js","/sites/default/files/js/js_JxNk0XijPRI5QYwn5XlgSWW1Bx0YJQ3HYOHPIZ4Crx4.js","footer","2","en","usagov","eJx1jUEOwzAIBD8Ux09CBFPXrQMR4FT9fa3k3OPO7GqHY9Uz164b9uTx7U3qMi4KoQcInq1iNBXYWUb-r-Dlc_gpDvTm0kINmgRXuyr5VkikVmZeH6bTSlkm4Ey6Hyos4ev9kJIzGj03tB9w0UIH","scope=footer&delta=2&language=en&theme=usagov&include=eJx1jUEOwzAIBD8Ux09CBFPXrQMR4FT9fa3k3OPO7GqHY9Uz164b9uTx7U3qMi4KoQcInq1iNBXYWUb-r-Dlc_gpDvTm0kINmgRXuyr5VkikVmZeH6bTSlkm4Ey6Hyos4ev9kJIzGj03tB9w0UIH"
"./html/agencies/agency-for-toxic-substances-and-disease-registry/index.html","js","/themes/custom/usagov/scripts/modifyMobileNav.js","-","-","-","-","-",""
"./html/agencies/agricultural-marketing-service/index.html","css","/sites/default/files/css/css__7_lnIX5SUimudYZT0iqhhe0r5Ev1QE4En7-BEPHMeY.css","-","-","en","usagov","eJwdykEOwCAIBMAP2fIkg5EQEtDDqo2_b-tlToONIUGFIWmCtS9S74X9wthuTdMyeUDHO3qdfmLmGtbynwQUXy0vYCIdnw","delta=0&language=en&theme=usagov&include=eJwdykEOwCAIBMAP2fIkg5EQEtDDqo2_b-tlToONIUGFIWmCtS9S74X9wthuTdMyeUDHO3qdfmLmGtbynwQUXy0vYCIdnw"
"./html/agencies/agricultural-marketing-service/index.html","css","/sites/default/files/css/css_h8MbvwzFoPHon25psxDvs_qWZKIaWznJGeScqw5abGU.css","-","1","en","usagov","eJwdykEOwCAIBMAP2fIkg5EQEtDDqo2_b-tlToONIUGFIWmCtS9S74X9wthuTdMyeUDHO3qdfmLmGtbynwQUXy0vYCIdnw","delta=1&language=en&theme=usagov&include=eJwdykEOwCAIBMAP2fIkg5EQEtDDqo2_b-tlToONIUGFIWmCtS9S74X9wthuTdMyeUDHO3qdfmLmGtbynwQUXy0vYCIdnw"
"./html/agencies/agricultural-marketing-service/index.html","js","/themes/custom/usagov/scripts/newFooter.js","-","-","-","-","-",""
"./html/agencies/agricultural-marketing-service/index.html","js","/sites/default/files/js/js_sJY3bzJs3jirGGaSNreFUENeOZtDcSGccrkIaQj9Xmc.js","footer","-","en","usagov","eJx1jUEOwzAIBD8Ux09CBFPXrQMR4FT9fa3k3OPO7GqHY9Uz164b9uTx7U3qMi4KoQcInq1iNBXYWUb-r-Dlc_gpDvTm0kINmgRXuyr5VkikVmZeH6bTSlkm4Ey6Hyos4ev9kJIzGj03tB9w0UIH","scope=footer&delta=0&language=en&theme=usagov&include=eJx1jUEOwzAIBD8Ux09CBFPXrQMR4FT9fa3k3OPO7GqHY9Uz164b9uTx7U3qMi4KoQcInq1iNBXYWUb-r-Dlc_gpDvTm0kINmgRXuyr5VkikVmZeH6bTSlkm4Ey6Hyos4ev9kJIzGj03tB9w0UIH"
"./html/agencies/agricultural-marketing-service/index.html","js","/modules/contrib/uswds_ckeditor_integration/js/aftermarket/uswds_accordion.js","-","-","-","-","-","sqrdwl"
"./html/agencies/agricultural-marketing-service/index.html","js","/sites/default/files/js/js_JxNk0XijPRI5QYwn5XlgSWW1Bx0YJQ3HYOHPIZ4Crx4.js","footer","2","en","usagov","eJx1jUEOwzAIBD8Ux09CBFPXrQMR4FT9fa3k3OPO7GqHY9Uz164b9uTx7U3qMi4KoQcInq1iNBXYWUb-r-Dlc_gpDvTm0kINmgRXuyr5VkikVmZeH6bTSlkm4Ey6Hyos4ev9kJIzGj03tB9w0UIH","scope=footer&delta=2&language=en&theme=usagov&include=eJx1jUEOwzAIBD8Ux09CBFPXrQMR4FT9fa3k3OPO7GqHY9Uz164b9uTx7U3qMi4KoQcInq1iNBXYWUb-r-Dlc_gpDvTm0kINmgRXuyr5VkikVmZeH6bTSlkm4Ey6Hyos4ev9kJIzGj03tB9w0UIH"
"./html/agencies/agricultural-marketing-service/index.html","js","/themes/custom/usagov/scripts/modifyMobileNav.js","-","-","-","-","-",""
"./html/agencies/agricultural-research-service/index.html","css","/sites/default/files/css/css__7_lnIX5SUimudYZT0iqhhe0r5Ev1QE4En7-BEPHMeY.css","-","-","en","usagov","eJwdykEOwCAIBMAP2fIkg5EQEtDDqo2_b-tlToONIUGFIWmCtS9S74X9wthuTdMyeUDHO3qdfmLmGtbynwQUXy0vYCIdnw","delta=0&language=en&theme=usagov&include=eJwdykEOwCAIBMAP2fIkg5EQEtDDqo2_b-tlToONIUGFIWmCtS9S74X9wthuTdMyeUDHO3qdfmLmGtbynwQUXy0vYCIdnw"
"./html/agencies/agricultural-research-service/index.html","css","/sites/default/files/css/css_h8MbvwzFoPHon25psxDvs_qWZKIaWznJGeScqw5abGU.css","-","1","en","usagov","eJwdykEOwCAIBMAP2fIkg5EQEtDDqo2_b-tlToONIUGFIWmCtS9S74X9wthuTdMyeUDHO3qdfmLmGtbynwQUXy0vYCIdnw","delta=1&language=en&theme=usagov&include=eJwdykEOwCAIBMAP2fIkg5EQEtDDqo2_b-tlToONIUGFIWmCtS9S74X9wthuTdMyeUDHO3qdfmLmGtbynwQUXy0vYCIdnw"
"./html/agencies/agricultural-research-service/index.html","js","/themes/custom/usagov/scripts/newFooter.js","-","-","-","-","-",""
"./html/agencies/agricultural-research-service/index.html","js","/sites/default/files/js/js_sJY3bzJs3jirGGaSNreFUENeOZtDcSGccrkIaQj9Xmc.js","footer","-","en","usagov","eJx1jUEOwzAIBD8Ux09CBFPXrQMR4FT9fa3k3OPO7GqHY9Uz164b9uTx7U3qMi4KoQcInq1iNBXYWUb-r-Dlc_gpDvTm0kINmgRXuyr5VkikVmZeH6bTSlkm4Ey6Hyos4ev9kJIzGj03tB9w0UIH","scope=footer&delta=0&language=en&theme=usagov&include=eJx1jUEOwzAIBD8Ux09CBFPXrQMR4FT9fa3k3OPO7GqHY9Uz164b9uTx7U3qMi4KoQcInq1iNBXYWUb-r-Dlc_gpDvTm0kINmgRXuyr5VkikVmZeH6bTSlkm4Ey6Hyos4ev9kJIzGj03tB9w0UIH"
"./html/agencies/agricultural-research-service/index.html","js","/modules/contrib/uswds_ckeditor_integration/js/aftermarket/uswds_accordion.js","-","-","-","-","-","sqrdwl"
"./html/agencies/agricultural-research-service/index.html","js","/sites/default/files/js/js_JxNk0XijPRI5QYwn5XlgSWW1Bx0YJQ3HYOHPIZ4Crx4.js","footer","2","en","usagov","eJx1jUEOwzAIBD8Ux09CBFPXrQMR4FT9fa3k3OPO7GqHY9Uz164b9uTx7U3qMi4KoQcInq1iNBXYWUb-r-Dlc_gpDvTm0kINmgRXuyr5VkikVmZeH6bTSlkm4Ey6Hyos4ev9kJIzGj03tB9w0UIH","scope=footer&delta=2&language=en&theme=usagov&include=eJx1jUEOwzAIBD8Ux09CBFPXrQMR4FT9fa3k3OPO7GqHY9Uz164b9uTx7U3qMi4KoQcInq1iNBXYWUb-r-Dlc_gpDvTm0kINmgRXuyr5VkikVmZeH6bTSlkm4Ey6Hyos4ev9kJIzGj03tB9w0UIH"
"./html/agencies/agricultural-research-service/index.html","js","/themes/custom/usagov/scripts/modifyMobileNav.js","-","-","-","-","-",""
"./html/agencies/alcohol-and-tobacco-tax-and-trade-bureau/index.html","css","/sites/default/files/css/css__7_lnIX5SUimudYZT0iqhhe0r5Ev1QE4En7-BEPHMeY.css","-","-","en","usagov","eJwdykEOwCAIBMAP2fIkg5EQEtDDqo2_b-tlToONIUGFIWmCtS9S74X9wthuTdMyeUDHO3qdfmLmGtbynwQUXy0vYCIdnw","delta=0&language=en&theme=usagov&include=eJwdykEOwCAIBMAP2fIkg5EQEtDDqo2_b-tlToONIUGFIWmCtS9S74X9wthuTdMyeUDHO3qdfmLmGtbynwQUXy0vYCIdnw"
"./html/agencies/alcohol-and-tobacco-tax-and-trade-bureau/index.html","css","/sites/default/files/css/css_h8MbvwzFoPHon25psxDvs_qWZKIaWznJGeScqw5abGU.css","-","1","en","usagov","eJwdykEOwCAIBMAP2fIkg5EQEtDDqo2_b-tlToONIUGFIWmCtS9S74X9wthuTdMyeUDHO3qdfmLmGtbynwQUXy0vYCIdnw","delta=1&language=en&theme=usagov&include=eJwdykEOwCAIBMAP2fIkg5EQEtDDqo2_b-tlToONIUGFIWmCtS9S74X9wthuTdMyeUDHO3qdfmLmGtbynwQUXy0vYCIdnw"
"./html/agencies/alcohol-and-tobacco-tax-and-trade-bureau/index.html","js","/themes/custom/usagov/scripts/newFooter.js","-","-","-","-","-",""
"./html/agencies/alcohol-and-tobacco-tax-and-trade-bureau/index.html","js","/sites/default/files/js/js_sJY3bzJs3jirGGaSNreFUENeOZtDcSGccrkIaQj9Xmc.js","footer","-","en","usagov","eJx1jUEOwzAIBD8Ux09CBFPXrQMR4FT9fa3k3OPO7GqHY9Uz164b9uTx7U3qMi4KoQcInq1iNBXYWUb-r-Dlc_gpDvTm0kINmgRXuyr5VkikVmZeH6bTSlkm4Ey6Hyos4ev9kJIzGj03tB9w0UIH","scope=footer&delta=0&language=en&theme=usagov&include=eJx1jUEOwzAIBD8Ux09CBFPXrQMR4FT9fa3k3OPO7GqHY9Uz164b9uTx7U3qMi4KoQcInq1iNBXYWUb-r-Dlc_gpDvTm0kINmgRXuyr5VkikVmZeH6bTSlkm4Ey6Hyos4ev9kJIzGj03tB9w0UIH"
"./html/agencies/alcohol-and-tobacco-tax-and-trade-bureau/index.html","js","/modules/contrib/uswds_ckeditor_integration/js/aftermarket/uswds_accordion.js","-","-","-","-","-","sqrdwl"
"./html/agencies/alcohol-and-tobacco-tax-and-trade-bureau/index.html","js","/sites/default/files/js/js_JxNk0XijPRI5QYwn5XlgSWW1Bx0YJQ3HYOHPIZ4Crx4.js","footer","2","en","usagov","eJx1jUEOwzAIBD8Ux09CBFPXrQMR4FT9fa3k3OPO7GqHY9Uz164b9uTx7U3qMi4KoQcInq1iNBXYWUb-r-Dlc_gpDvTm0kINmgRXuyr5VkikVmZeH6bTSlkm4Ey6Hyos4ev9kJIzGj03tB9w0UIH","scope=footer&delta=2&language=en&theme=usagov&include=eJx1jUEOwzAIBD8Ux09CBFPXrQMR4FT9fa3k3OPO7GqHY9Uz164b9uTx7U3qMi4KoQcInq1iNBXYWUb-r-Dlc_gpDvTm0kINmgRXuyr5VkikVmZeH6bTSlkm4Ey6Hyos4ev9kJIzGj03tB9w0UIH"
"./html/agencies/alcohol-and-tobacco-tax-and-trade-bureau/index.html","js","/themes/custom/usagov/scripts/modifyMobileNav.js","-","-","-","-","-",""
"./html/agencies/american-battle-monuments-commission/index.html","css","/sites/default/files/css/css__7_lnIX5SUimudYZT0iqhhe0r5Ev1QE4En7-BEPHMeY.css","-","-","en","usagov","eJwdykEOwCAIBMAP2fIkg5EQEtDDqo2_b-tlToONIUGFIWmCtS9S74X9wthuTdMyeUDHO3qdfmLmGtbynwQUXy0vYCIdnw","delta=0&language=en&theme=usagov&include=eJwdykEOwCAIBMAP2fIkg5EQEtDDqo2_b-tlToONIUGFIWmCtS9S74X9wthuTdMyeUDHO3qdfmLmGtbynwQUXy0vYCIdnw"
"./html/agencies/american-battle-monuments-commission/index.html","css","/sites/default/files/css/css_h8MbvwzFoPHon25psxDvs_qWZKIaWznJGeScqw5abGU.css","-","1","en","usagov","eJwdykEOwCAIBMAP2fIkg5EQEtDDqo2_b-tlToONIUGFIWmCtS9S74X9wthuTdMyeUDHO3qdfmLmGtbynwQUXy0vYCIdnw","delta=1&language=en&theme=usagov&include=eJwdykEOwCAIBMAP2fIkg5EQEtDDqo2_b-tlToONIUGFIWmCtS9S74X9wthuTdMyeUDHO3qdfmLmGtbynwQUXy0vYCIdnw"
"./html/agencies/american-battle-monuments-commission/index.html","js","/themes/custom/usagov/scripts/newFooter.js","-","-","-","-","-",""
"./html/agencies/american-battle-monuments-commission/index.html","js","/sites/default/files/js/js_sJY3bzJs3jirGGaSNreFUENeOZtDcSGccrkIaQj9Xmc.js","footer","-","en","usagov","eJx1jUEOwzAIBD8Ux09CBFPXrQMR4FT9fa3k3OPO7GqHY9Uz164b9uTx7U3qMi4KoQcInq1iNBXYWUb-r-Dlc_gpDvTm0kINmgRXuyr5VkikVmZeH6bTSlkm4Ey6Hyos4ev9kJIzGj03tB9w0UIH","scope=footer&delta=0&language=en&theme=usagov&include=eJx1jUEOwzAIBD8Ux09CBFPXrQMR4FT9fa3k3OPO7GqHY9Uz164b9uTx7U3qMi4KoQcInq1iNBXYWUb-r-Dlc_gpDvTm0kINmgRXuyr5VkikVmZeH6bTSlkm4Ey6Hyos4ev9kJIzGj03tB9w0UIH"
"./html/agencies/american-battle-monuments-commission/index.html","js","/modules/contrib/uswds_ckeditor_integration/js/aftermarket/uswds_accordion.js","-","-","-","-","-","sqrdwl"
"./html/agencies/american-battle-monuments-commission/index.html","js","/sites/default/files/js/js_JxNk0XijPRI5QYwn5XlgSWW1Bx0YJQ3HYOHPIZ4Crx4.js","footer","2","en","usagov","eJx1jUEOwzAIBD8Ux09CBFPXrQMR4FT9fa3k3OPO7GqHY9Uz164b9uTx7U3qMi4KoQcInq1iNBXYWUb-r-Dlc_gpDvTm0kINmgRXuyr5VkikVmZeH6bTSlkm4Ey6Hyos4ev9kJIzGj03tB9w0UIH","scope=footer&delta=2&language=en&theme=usagov&include=eJx1jUEOwzAIBD8Ux09CBFPXrQMR4FT9fa3k3OPO7GqHY9Uz164b9uTx7U3qMi4KoQcInq1iNBXYWUb-r-Dlc_gpDvTm0kINmgRXuyr5VkikVmZeH6bTSlkm4Ey6Hyos4ev9kJIzGj03tB9w0UIH"
"./html/agencies/american-battle-monuments-commission/index.html","js","/themes/custom/usagov/scripts/modifyMobileNav.js","-","-","-","-","-",""
"./html/agencies/americorps/index.html","css","/sites/default/files/css/css__7_lnIX5SUimudYZT0iqhhe0r5Ev1QE4En7-BEPHMeY.css","-","-","en","usagov","eJwdykEOwCAIBMAP2fIkg5EQEtDDqo2_b-tlToONIUGFIWmCtS9S74X9wthuTdMyeUDHO3qdfmLmGtbynwQUXy0vYCIdnw","delta=0&language=en&theme=usagov&include=eJwdykEOwCAIBMAP2fIkg5EQEtDDqo2_b-tlToONIUGFIWmCtS9S74X9wthuTdMyeUDHO3qdfmLmGtbynwQUXy0vYCIdnw"
"./html/agencies/americorps/index.html","css","/sites/default/files/css/css_h8MbvwzFoPHon25psxDvs_qWZKIaWznJGeScqw5abGU.css","-","1","en","usagov","eJwdykEOwCAIBMAP2fIkg5EQEtDDqo2_b-tlToONIUGFIWmCtS9S74X9wthuTdMyeUDHO3qdfmLmGtbynwQUXy0vYCIdnw","delta=1&language=en&theme=usagov&include=eJwdykEOwCAIBMAP2fIkg5EQEtDDqo2_b-tlToONIUGFIWmCtS9S74X9wthuTdMyeUDHO3qdfmLmGtbynwQUXy0vYCIdnw"
"./html/agencies/americorps/index.html","js","/themes/custom/usagov/scripts/newFooter.js","-","-","-","-","-",""
"./html/agencies/americorps/index.html","js","/sites/default/files/js/js_sJY3bzJs3jirGGaSNreFUENeOZtDcSGccrkIaQj9Xmc.js","footer","-","en","usagov","eJx1jUEOwzAIBD8Ux09CBFPXrQMR4FT9fa3k3OPO7GqHY9Uz164b9uTx7U3qMi4KoQcInq1iNBXYWUb-r-Dlc_gpDvTm0kINmgRXuyr5VkikVmZeH6bTSlkm4Ey6Hyos4ev9kJIzGj03tB9w0UIH","scope=footer&delta=0&language=en&theme=usagov&include=eJx1jUEOwzAIBD8Ux09CBFPXrQMR4FT9fa3k3OPO7GqHY9Uz164b9uTx7U3qMi4KoQcInq1iNBXYWUb-r-Dlc_gpDvTm0kINmgRXuyr5VkikVmZeH6bTSlkm4Ey6Hyos4ev9kJIzGj03tB9w0UIH"
"./html/agencies/americorps/index.html","js","/modules/contrib/uswds_ckeditor_integration/js/aftermarket/uswds_accordion.js","-","-","-","-","-","sqrdwl"
"./html/agencies/americorps/index.html","js","/sites/default/files/js/js_JxNk0XijPRI5QYwn5XlgSWW1Bx0YJQ3HYOHPIZ4Crx4.js","footer","2","en","usagov","eJx1jUEOwzAIBD8Ux09CBFPXrQMR4FT9fa3k3OPO7GqHY9Uz164b9uTx7U3qMi4KoQcInq1iNBXYWUb-r-Dlc_gpDvTm0kINmgRXuyr5VkikVmZeH6bTSlkm4Ey6Hyos4ev9kJIzGj03tB9w0UIH","scope=footer&delta=2&language=en&theme=usagov&include=eJx1jUEOwzAIBD8Ux09CBFPXrQMR4FT9fa3k3OPO7GqHY9Uz164b9uTx7U3qMi4KoQcInq1iNBXYWUb-r-Dlc_gpDvTm0kINmgRXuyr5VkikVmZeH6bTSlkm4Ey6Hyos4ev9kJIzGj03tB9w0UIH"
"./html/agencies/americorps/index.html","js","/themes/custom/usagov/scripts/modifyMobileNav.js","-","-","-","-","-",""
"./html/agencies/americorps-seniors/index.html","css","/sites/default/files/css/css__7_lnIX5SUimudYZT0iqhhe0r5Ev1QE4En7-BEPHMeY.css","-","-","en","usagov","eJwdykEOwCAIBMAP2fIkg5EQEtDDqo2_b-tlToONIUGFIWmCtS9S74X9wthuTdMyeUDHO3qdfmLmGtbynwQUXy0vYCIdnw","delta=0&language=en&theme=usagov&include=eJwdykEOwCAIBMAP2fIkg5EQEtDDqo2_b-tlToONIUGFIWmCtS9S74X9wthuTdMyeUDHO3qdfmLmGtbynwQUXy0vYCIdnw"
"./html/agencies/americorps-seniors/index.html","css","/sites/default/files/css/css_h8MbvwzFoPHon25psxDvs_qWZKIaWznJGeScqw5abGU.css","-","1","en","usagov","eJwdykEOwCAIBMAP2fIkg5EQEtDDqo2_b-tlToONIUGFIWmCtS9S74X9wthuTdMyeUDHO3qdfmLmGtbynwQUXy0vYCIdnw","delta=1&language=en&theme=usagov&include=eJwdykEOwCAIBMAP2fIkg5EQEtDDqo2_b-tlToONIUGFIWmCtS9S74X9wthuTdMyeUDHO3qdfmLmGtbynwQUXy0vYCIdnw"
"./html/agencies/americorps-seniors/index.html","js","/themes/custom/usagov/scripts/newFooter.js","-","-","-","-","-",""
"./html/agencies/americorps-seniors/index.html","js","/sites/default/files/js/js_sJY3bzJs3jirGGaSNreFUENeOZtDcSGccrkIaQj9Xmc.js","footer","-","en","usagov","eJx1jUEOwzAIBD8Ux09CBFPXrQMR4FT9fa3k3OPO7GqHY9Uz164b9uTx7U3qMi4KoQcInq1iNBXYWUb-r-Dlc_gpDvTm0kINmgRXuyr5VkikVmZeH6bTSlkm4Ey6Hyos4ev9kJIzGj03tB9w0UIH","scope=footer&delta=0&language=en&theme=usagov&include=eJx1jUEOwzAIBD8Ux09CBFPXrQMR4FT9fa3k3OPO7GqHY9Uz164b9uTx7U3qMi4KoQcInq1iNBXYWUb-r-Dlc_gpDvTm0kINmgRXuyr5VkikVmZeH6bTSlkm4Ey6Hyos4ev9kJIzGj03tB9w0UIH"
"./html/agencies/americorps-seniors/index.html","js","/modules/contrib/uswds_ckeditor_integration/js/aftermarket/uswds_accordion.js","-","-","-","-","-","sqrdwl"
"./html/agencies/americorps-seniors/index.html","js","/sites/default/files/js/js_JxNk0XijPRI5QYwn5XlgSWW1Bx0YJQ3HYOHPIZ4Crx4.js","footer","2","en","usagov","eJx1jUEOwzAIBD8Ux09CBFPXrQMR4FT9fa3k3OPO7GqHY9Uz164b9uTx7U3qMi4KoQcInq1iNBXYWUb-r-Dlc_gpDvTm0kINmgRXuyr5VkikVmZeH6bTSlkm4Ey6Hyos4ev9kJIzGj03tB9w0UIH","scope=footer&delta=2&language=en&theme=usagov&include=eJx1jUEOwzAIBD8Ux09CBFPXrQMR4FT9fa3k3OPO7GqHY9Uz164b9uTx7U3qMi4KoQcInq1iNBXYWUb-r-Dlc_gpDvTm0kINmgRXuyr5VkikVmZeH6bTSlkm4Ey6Hyos4ev9kJIzGj03tB9w0UIH"
"./html/agencies/americorps-seniors/index.html","js","/themes/custom/usagov/scripts/modifyMobileNav.js","-","-","-","-","-",""
"./html/agencies/animal-and-plant-health-inspection-service/index.html","css","/sites/default/files/css/css__7_lnIX5SUimudYZT0iqhhe0r5Ev1QE4En7-BEPHMeY.css","-","-","en","usagov","eJwdykEOwCAIBMAP2fIkg5EQEtDDqo2_b-tlToONIUGFIWmCtS9S74X9wthuTdMyeUDHO3qdfmLmGtbynwQUXy0vYCIdnw","delta=0&language=en&theme=usagov&include=eJwdykEOwCAIBMAP2fIkg5EQEtDDqo2_b-tlToONIUGFIWmCtS9S74X9wthuTdMyeUDHO3qdfmLmGtbynwQUXy0vYCIdnw"
"./html/agencies/animal-and-plant-health-inspection-service/index.html","css","/sites/default/files/css/css_h8MbvwzFoPHon25psxDvs_qWZKIaWznJGeScqw5abGU.css","-","1","en","usagov","eJwdykEOwCAIBMAP2fIkg5EQEtDDqo2_b-tlToONIUGFIWmCtS9S74X9wthuTdMyeUDHO3qdfmLmGtbynwQUXy0vYCIdnw","delta=1&language=en&theme=usagov&include=eJwdykEOwCAIBMAP2fIkg5EQEtDDqo2_b-tlToONIUGFIWmCtS9S74X9wthuTdMyeUDHO3qdfmLmGtbynwQUXy0vYCIdnw"
"./html/agencies/animal-and-plant-health-inspection-service/index.html","js","/themes/custom/usagov/scripts/newFooter.js","-","-","-","-","-",""
"./html/agencies/animal-and-plant-health-inspection-service/index.html","js","/sites/default/files/js/js_sJY3bzJs3jirGGaSNreFUENeOZtDcSGccrkIaQj9Xmc.js","footer","-","en","usagov","eJx1jUEOwzAIBD8Ux09CBFPXrQMR4FT9fa3k3OPO7GqHY9Uz164b9uTx7U3qMi4KoQcInq1iNBXYWUb-r-Dlc_gpDvTm0kINmgRXuyr5VkikVmZeH6bTSlkm4Ey6Hyos4ev9kJIzGj03tB9w0UIH","scope=footer&delta=0&language=en&theme=usagov&include=eJx1jUEOwzAIBD8Ux09CBFPXrQMR4FT9fa3k3OPO7GqHY9Uz164b9uTx7U3qMi4KoQcInq1iNBXYWUb-r-Dlc_gpDvTm0kINmgRXuyr5VkikVmZeH6bTSlkm4Ey6Hyos4ev9kJIzGj03tB9w0UIH"
"./html/agencies/animal-and-plant-health-inspection-service/index.html","js","/modules/contrib/uswds_ckeditor_integration/js/aftermarket/uswds_accordion.js","-","-","-","-","-","sqrdwl"
"./html/agencies/animal-and-plant-health-inspection-service/index.html","js","/sites/default/files/js/js_JxNk0XijPRI5QYwn5XlgSWW1Bx0YJQ3HYOHPIZ4Crx4.js","footer","2","en","usagov","eJx1jUEOwzAIBD8Ux09CBFPXrQMR4FT9fa3k3OPO7GqHY9Uz164b9uTx7U3qMi4KoQcInq1iNBXYWUb-r-Dlc_gpDvTm0kINmgRXuyr5VkikVmZeH6bTSlkm4Ey6Hyos4ev9kJIzGj03tB9w0UIH","scope=footer&delta=2&language=en&theme=usagov&include=eJx1jUEOwzAIBD8Ux09CBFPXrQMR4FT9fa3k3OPO7GqHY9Uz164b9uTx7U3qMi4KoQcInq1iNBXYWUb-r-Dlc_gpDvTm0kINmgRXuyr5VkikVmZeH6bTSlkm4Ey6Hyos4ev9kJIzGj03tB9w0UIH"
"./html/agencies/animal-and-plant-health-inspection-service/index.html","js","/themes/custom/usagov/scripts/modifyMobileNav.js","-","-","-","-","-",""
"./html/agencies/antitrust-division/index.html","css","/sites/default/files/css/css__7_lnIX5SUimudYZT0iqhhe0r5Ev1QE4En7-BEPHMeY.css","-","-","en","usagov","eJwdykEOwCAIBMAP2fIkg5EQEtDDqo2_b-tlToONIUGFIWmCtS9S74X9wthuTdMyeUDHO3qdfmLmGtbynwQUXy0vYCIdnw","delta=0&language=en&theme=usagov&include=eJwdykEOwCAIBMAP2fIkg5EQEtDDqo2_b-tlToONIUGFIWmCtS9S74X9wthuTdMyeUDHO3qdfmLmGtbynwQUXy0vYCIdnw"
"./html/agencies/antitrust-division/index.html","css","/sites/default/files/css/css_h8MbvwzFoPHon25psxDvs_qWZKIaWznJGeScqw5abGU.css","-","1","en","usagov","eJwdykEOwCAIBMAP2fIkg5EQEtDDqo2_b-tlToONIUGFIWmCtS9S74X9wthuTdMyeUDHO3qdfmLmGtbynwQUXy0vYCIdnw","delta=1&language=en&theme=usagov&include=eJwdykEOwCAIBMAP2fIkg5EQEtDDqo2_b-tlToONIUGFIWmCtS9S74X9wthuTdMyeUDHO3qdfmLmGtbynwQUXy0vYCIdnw"
"./html/agencies/antitrust-division/index.html","js","/themes/custom/usagov/scripts/newFooter.js","-","-","-","-","-",""
"./html/agencies/antitrust-division/index.html","js","/sites/default/files/js/js_sJY3bzJs3jirGGaSNreFUENeOZtDcSGccrkIaQj9Xmc.js","footer","-","en","usagov","eJx1jUEOwzAIBD8Ux09CBFPXrQMR4FT9fa3k3OPO7GqHY9Uz164b9uTx7U3qMi4KoQcInq1iNBXYWUb-r-Dlc_gpDvTm0kINmgRXuyr5VkikVmZeH6bTSlkm4Ey6Hyos4ev9kJIzGj03tB9w0UIH","scope=footer&delta=0&language=en&theme=usagov&include=eJx1jUEOwzAIBD8Ux09CBFPXrQMR4FT9fa3k3OPO7GqHY9Uz164b9uTx7U3qMi4KoQcInq1iNBXYWUb-r-Dlc_gpDvTm0kINmgRXuyr5VkikVmZeH6bTSlkm4Ey6Hyos4ev9kJIzGj03tB9w0UIH"
"./html/agencies/antitrust-division/index.html","js","/modules/contrib/uswds_ckeditor_integration/js/aftermarket/uswds_accordion.js","-","-","-","-","-","sqrdwl"
"./html/agencies/antitrust-division/index.html","js","/sites/default/files/js/js_JxNk0XijPRI5QYwn5XlgSWW1Bx0YJQ3HYOHPIZ4Crx4.js","footer","2","en","usagov","eJx1jUEOwzAIBD8Ux09CBFPXrQMR4FT9fa3k3OPO7GqHY9Uz164b9uTx7U3qMi4KoQcInq1iNBXYWUb-r-Dlc_gpDvTm0kINmgRXuyr5VkikVmZeH6bTSlkm4Ey6Hyos4ev9kJIzGj03tB9w0UIH","scope=footer&delta=2&language=en&theme=usagov&include=eJx1jUEOwzAIBD8Ux09CBFPXrQMR4FT9fa3k3OPO7GqHY9Uz164b9uTx7U3qMi4KoQcInq1iNBXYWUb-r-Dlc_gpDvTm0kINmgRXuyr5VkikVmZeH6bTSlkm4Ey6Hyos4ev9kJIzGj03tB9w0UIH"
"./html/agencies/antitrust-division/index.html","js","/themes/custom/usagov/scripts/modifyMobileNav.js","-","-","-","-","-",""
"./html/agencies/appalachian-regional-commission/index.html","css","/sites/default/files/css/css__7_lnIX5SUimudYZT0iqhhe0r5Ev1QE4En7-BEPHMeY.css","-","-","en","usagov","eJwdykEOwCAIBMAP2fIkg5EQEtDDqo2_b-tlToONIUGFIWmCtS9S74X9wthuTdMyeUDHO3qdfmLmGtbynwQUXy0vYCIdnw","delta=0&language=en&theme=usagov&include=eJwdykEOwCAIBMAP2fIkg5EQEtDDqo2_b-tlToONIUGFIWmCtS9S74X9wthuTdMyeUDHO3qdfmLmGtbynwQUXy0vYCIdnw"
"./html/agencies/appalachian-regional-commission/index.html","css","/sites/default/files/css/css_h8MbvwzFoPHon25psxDvs_qWZKIaWznJGeScqw5abGU.css","-","1","en","usagov","eJwdykEOwCAIBMAP2fIkg5EQEtDDqo2_b-tlToONIUGFIWmCtS9S74X9wthuTdMyeUDHO3qdfmLmGtbynwQUXy0vYCIdnw","delta=1&language=en&theme=usagov&include=eJwdykEOwCAIBMAP2fIkg5EQEtDDqo2_b-tlToONIUGFIWmCtS9S74X9wthuTdMyeUDHO3qdfmLmGtbynwQUXy0vYCIdnw"
"./html/agencies/appalachian-regional-commission/index.html","js","/themes/custom/usagov/scripts/newFooter.js","-","-","-","-","-",""
"./html/agencies/appalachian-regional-commission/index.html","js","/sites/default/files/js/js_sJY3bzJs3jirGGaSNreFUENeOZtDcSGccrkIaQj9Xmc.js","footer","-","en","usagov","eJx1jUEOwzAIBD8Ux09CBFPXrQMR4FT9fa3k3OPO7GqHY9Uz164b9uTx7U3qMi4KoQcInq1iNBXYWUb-r-Dlc_gpDvTm0kINmgRXuyr5VkikVmZeH6bTSlkm4Ey6Hyos4ev9kJIzGj03tB9w0UIH","scope=footer&delta=0&language=en&theme=usagov&include=eJx1jUEOwzAIBD8Ux09CBFPXrQMR4FT9fa3k3OPO7GqHY9Uz164b9uTx7U3qMi4KoQcInq1iNBXYWUb-r-Dlc_gpDvTm0kINmgRXuyr5VkikVmZeH6bTSlkm4Ey6Hyos4ev9kJIzGj03tB9w0UIH"
"./html/agencies/appalachian-regional-commission/index.html","js","/modules/contrib/uswds_ckeditor_integration/js/aftermarket/uswds_accordion.js","-","-","-","-","-","sqrdwl"
"./html/agencies/appalachian-regional-commission/index.html","js","/sites/default/files/js/js_JxNk0XijPRI5QYwn5XlgSWW1Bx0YJQ3HYOHPIZ4Crx4.js","footer","2","en","usagov","eJx1jUEOwzAIBD8Ux09CBFPXrQMR4FT9fa3k3OPO7GqHY9Uz164b9uTx7U3qMi4KoQcInq1iNBXYWUb-r-Dlc_gpDvTm0kINmgRXuyr5VkikVmZeH6bTSlkm4Ey6Hyos4ev9kJIzGj03tB9w0UIH","scope=footer&delta=2&language=en&theme=usagov&include=eJx1jUEOwzAIBD8Ux09CBFPXrQMR4FT9fa3k3OPO7GqHY9Uz164b9uTx7U3qMi4KoQcInq1iNBXYWUb-r-Dlc_gpDvTm0kINmgRXuyr5VkikVmZeH6bTSlkm4Ey6Hyos4ev9kJIzGj03tB9w0UIH"
"./html/agencies/appalachian-regional-commission/index.html","js","/themes/custom/usagov/scripts/modifyMobileNav.js","-","-","-","-","-",""
"./html/agencies/architect-of-the-capitol/index.html","css","/sites/default/files/css/css__7_lnIX5SUimudYZT0iqhhe0r5Ev1QE4En7-BEPHMeY.css","-","-","en","usagov","eJwdykEOwCAIBMAP2fIkg5EQEtDDqo2_b-tlToONIUGFIWmCtS9S74X9wthuTdMyeUDHO3qdfmLmGtbynwQUXy0vYCIdnw","delta=0&language=en&theme=usagov&include=eJwdykEOwCAIBMAP2fIkg5EQEtDDqo2_b-tlToONIUGFIWmCtS9S74X9wthuTdMyeUDHO3qdfmLmGtbynwQUXy0vYCIdnw"
"./html/agencies/architect-of-the-capitol/index.html","css","/sites/default/files/css/css_h8MbvwzFoPHon25psxDvs_qWZKIaWznJGeScqw5abGU.css","-","1","en","usagov","eJwdykEOwCAIBMAP2fIkg5EQEtDDqo2_b-tlToONIUGFIWmCtS9S74X9wthuTdMyeUDHO3qdfmLmGtbynwQUXy0vYCIdnw","delta=1&language=en&theme=usagov&include=eJwdykEOwCAIBMAP2fIkg5EQEtDDqo2_b-tlToONIUGFIWmCtS9S74X9wthuTdMyeUDHO3qdfmLmGtbynwQUXy0vYCIdnw"
"./html/agencies/architect-of-the-capitol/index.html","js","/themes/custom/usagov/scripts/newFooter.js","-","-","-","-","-",""
"./html/agencies/architect-of-the-capitol/index.html","js","/sites/default/files/js/js_sJY3bzJs3jirGGaSNreFUENeOZtDcSGccrkIaQj9Xmc.js","footer","-","en","usagov","eJx1jUEOwzAIBD8Ux09CBFPXrQMR4FT9fa3k3OPO7GqHY9Uz164b9uTx7U3qMi4KoQcInq1iNBXYWUb-r-Dlc_gpDvTm0kINmgRXuyr5VkikVmZeH6bTSlkm4Ey6Hyos4ev9kJIzGj03tB9w0UIH","scope=footer&delta=0&language=en&theme=usagov&include=eJx1jUEOwzAIBD8Ux09CBFPXrQMR4FT9fa3k3OPO7GqHY9Uz164b9uTx7U3qMi4KoQcInq1iNBXYWUb-r-Dlc_gpDvTm0kINmgRXuyr5VkikVmZeH6bTSlkm4Ey6Hyos4ev9kJIzGj03tB9w0UIH"
"./html/agencies/architect-of-the-capitol/index.html","js","/modules/contrib/uswds_ckeditor_integration/js/aftermarket/uswds_accordion.js","-","-","-","-","-","sqrdwl"
"./html/agencies/architect-of-the-capitol/index.html","js","/sites/default/files/js/js_JxNk0XijPRI5QYwn5XlgSWW1Bx0YJQ3HYOHPIZ4Crx4.js","footer","2","en","usagov","eJx1jUEOwzAIBD8Ux09CBFPXrQMR4FT9fa3k3OPO7GqHY9Uz164b9uTx7U3qMi4KoQcInq1iNBXYWUb-r-Dlc_gpDvTm0kINmgRXuyr5VkikVmZeH6bTSlkm4Ey6Hyos4ev9kJIzGj03tB9w0UIH","scope=footer&delta=2&language=en&theme=usagov&include=eJx1jUEOwzAIBD8Ux09CBFPXrQMR4FT9fa3k3OPO7GqHY9Uz164b9uTx7U3qMi4KoQcInq1iNBXYWUb-r-Dlc_gpDvTm0kINmgRXuyr5VkikVmZeH6bTSlkm4Ey6Hyos4ev9kJIzGj03tB9w0UIH"
"./html/agencies/architect-of-the-capitol/index.html","js","/themes/custom/usagov/scripts/modifyMobileNav.js","-","-","-","-","-",""
"./html/agencies/armed-forces-retirement-home/index.html","css","/sites/default/files/css/css__7_lnIX5SUimudYZT0iqhhe0r5Ev1QE4En7-BEPHMeY.css","-","-","en","usagov","eJwdykEOwCAIBMAP2fIkg5EQEtDDqo2_b-tlToONIUGFIWmCtS9S74X9wthuTdMyeUDHO3qdfmLmGtbynwQUXy0vYCIdnw","delta=0&language=en&theme=usagov&include=eJwdykEOwCAIBMAP2fIkg5EQEtDDqo2_b-tlToONIUGFIWmCtS9S74X9wthuTdMyeUDHO3qdfmLmGtbynwQUXy0vYCIdnw"
"./html/agencies/armed-forces-retirement-home/index.html","css","/sites/default/files/css/css_h8MbvwzFoPHon25psxDvs_qWZKIaWznJGeScqw5abGU.css","-","1","en","usagov","eJwdykEOwCAIBMAP2fIkg5EQEtDDqo2_b-tlToONIUGFIWmCtS9S74X9wthuTdMyeUDHO3qdfmLmGtbynwQUXy0vYCIdnw","delta=1&language=en&theme=usagov&include=eJwdykEOwCAIBMAP2fIkg5EQEtDDqo2_b-tlToONIUGFIWmCtS9S74X9wthuTdMyeUDHO3qdfmLmGtbynwQUXy0vYCIdnw"
"./html/agencies/armed-forces-retirement-home/index.html","js","/themes/custom/usagov/scripts/newFooter.js","-","-","-","-","-",""
"./html/agencies/armed-forces-retirement-home/index.html","js","/sites/default/files/js/js_sJY3bzJs3jirGGaSNreFUENeOZtDcSGccrkIaQj9Xmc.js","footer","-","en","usagov","eJx1jUEOwzAIBD8Ux09CBFPXrQMR4FT9fa3k3OPO7GqHY9Uz164b9uTx7U3qMi4KoQcInq1iNBXYWUb-r-Dlc_gpDvTm0kINmgRXuyr5VkikVmZeH6bTSlkm4Ey6Hyos4ev9kJIzGj03tB9w0UIH","scope=footer&delta=0&language=en&theme=usagov&include=eJx1jUEOwzAIBD8Ux09CBFPXrQMR4FT9fa3k3OPO7GqHY9Uz164b9uTx7U3qMi4KoQcInq1iNBXYWUb-r-Dlc_gpDvTm0kINmgRXuyr5VkikVmZeH6bTSlkm4Ey6Hyos4ev9kJIzGj03tB9w0UIH"
"./html/agencies/armed-forces-retirement-home/index.html","js","/modules/contrib/uswds_ckeditor_integration/js/aftermarket/uswds_accordion.js","-","-","-","-","-","sqrdwl"
"./html/agencies/armed-forces-retirement-home/index.html","js","/sites/default/files/js/js_JxNk0XijPRI5QYwn5XlgSWW1Bx0YJQ3HYOHPIZ4Crx4.js","footer","2","en","usagov","eJx1jUEOwzAIBD8Ux09CBFPXrQMR4FT9fa3k3OPO7GqHY9Uz164b9uTx7U3qMi4KoQcInq1iNBXYWUb-r-Dlc_gpDvTm0kINmgRXuyr5VkikVmZeH6bTSlkm4Ey6Hyos4ev9kJIzGj03tB9w0UIH","scope=footer&delta=2&language=en&theme=usagov&include=eJx1jUEOwzAIBD8Ux09CBFPXrQMR4FT9fa3k3OPO7GqHY9Uz164b9uTx7U3qMi4KoQcInq1iNBXYWUb-r-Dlc_gpDvTm0kINmgRXuyr5VkikVmZeH6bTSlkm4Ey6Hyos4ev9kJIzGj03tB9w0UIH"
"./html/agencies/armed-forces-retirement-home/index.html","js","/themes/custom/usagov/scripts/modifyMobileNav.js","-","-","-","-","-",""
"./html/agencies/arms-control-and-international-security/index.html","css","/sites/default/files/css/css__7_lnIX5SUimudYZT0iqhhe0r5Ev1QE4En7-BEPHMeY.css","-","-","en","usagov","eJwdykEOwCAIBMAP2fIkg5EQEtDDqo2_b-tlToONIUGFIWmCtS9S74X9wthuTdMyeUDHO3qdfmLmGtbynwQUXy0vYCIdnw","delta=0&language=en&theme=usagov&include=eJwdykEOwCAIBMAP2fIkg5EQEtDDqo2_b-tlToONIUGFIWmCtS9S74X9wthuTdMyeUDHO3qdfmLmGtbynwQUXy0vYCIdnw"
"./html/agencies/arms-control-and-international-security/index.html","css","/sites/default/files/css/css_h8MbvwzFoPHon25psxDvs_qWZKIaWznJGeScqw5abGU.css","-","1","en","usagov","eJwdykEOwCAIBMAP2fIkg5EQEtDDqo2_b-tlToONIUGFIWmCtS9S74X9wthuTdMyeUDHO3qdfmLmGtbynwQUXy0vYCIdnw","delta=1&language=en&theme=usagov&include=eJwdykEOwCAIBMAP2fIkg5EQEtDDqo2_b-tlToONIUGFIWmCtS9S74X9wthuTdMyeUDHO3qdfmLmGtbynwQUXy0vYCIdnw"
"./html/agencies/arms-control-and-international-security/index.html","js","/themes/custom/usagov/scripts/newFooter.js","-","-","-","-","-",""
"./html/agencies/arms-control-and-international-security/index.html","js","/sites/default/files/js/js_sJY3bzJs3jirGGaSNreFUENeOZtDcSGccrkIaQj9Xmc.js","footer","-","en","usagov","eJx1jUEOwzAIBD8Ux09CBFPXrQMR4FT9fa3k3OPO7GqHY9Uz164b9uTx7U3qMi4KoQcInq1iNBXYWUb-r-Dlc_gpDvTm0kINmgRXuyr5VkikVmZeH6bTSlkm4Ey6Hyos4ev9kJIzGj03tB9w0UIH","scope=footer&delta=0&language=en&theme=usagov&include=eJx1jUEOwzAIBD8Ux09CBFPXrQMR4FT9fa3k3OPO7GqHY9Uz164b9uTx7U3qMi4KoQcInq1iNBXYWUb-r-Dlc_gpDvTm0kINmgRXuyr5VkikVmZeH6bTSlkm4Ey6Hyos4ev9kJIzGj03tB9w0UIH"
"./html/agencies/arms-control-and-international-security/index.html","js","/modules/contrib/uswds_ckeditor_integration/js/aftermarket/uswds_accordion.js","-","-","-","-","-","sqrdwl"
"./html/agencies/arms-control-and-international-security/index.html","js","/sites/default/files/js/js_JxNk0XijPRI5QYwn5XlgSWW1Bx0YJQ3HYOHPIZ4Crx4.js","footer","2","en","usagov","eJx1jUEOwzAIBD8Ux09CBFPXrQMR4FT9fa3k3OPO7GqHY9Uz164b9uTx7U3qMi4KoQcInq1iNBXYWUb-r-Dlc_gpDvTm0kINmgRXuyr5VkikVmZeH6bTSlkm4Ey6Hyos4ev9kJIzGj03tB9w0UIH","scope=footer&delta=2&language=en&theme=usagov&include=eJx1jUEOwzAIBD8Ux09CBFPXrQMR4FT9fa3k3OPO7GqHY9Uz164b9uTx7U3qMi4KoQcInq1iNBXYWUb-r-Dlc_gpDvTm0kINmgRXuyr5VkikVmZeH6bTSlkm4Ey6Hyos4ev9kJIzGj03tB9w0UIH"
"./html/agencies/arms-control-and-international-security/index.html","js","/themes/custom/usagov/scripts/modifyMobileNav.js","-","-","-","-","-",""
"./html/agencies/bankruptcy-courts/index.html","css","/sites/default/files/css/css__7_lnIX5SUimudYZT0iqhhe0r5Ev1QE4En7-BEPHMeY.css","-","-","en","usagov","eJwdykEOwCAIBMAP2fIkg5EQEtDDqo2_b-tlToONIUGFIWmCtS9S74X9wthuTdMyeUDHO3qdfmLmGtbynwQUXy0vYCIdnw","delta=0&language=en&theme=usagov&include=eJwdykEOwCAIBMAP2fIkg5EQEtDDqo2_b-tlToONIUGFIWmCtS9S74X9wthuTdMyeUDHO3qdfmLmGtbynwQUXy0vYCIdnw"
"./html/agencies/bankruptcy-courts/index.html","css","/sites/default/files/css/css_h8MbvwzFoPHon25psxDvs_qWZKIaWznJGeScqw5abGU.css","-","1","en","usagov","eJwdykEOwCAIBMAP2fIkg5EQEtDDqo2_b-tlToONIUGFIWmCtS9S74X9wthuTdMyeUDHO3qdfmLmGtbynwQUXy0vYCIdnw","delta=1&language=en&theme=usagov&include=eJwdykEOwCAIBMAP2fIkg5EQEtDDqo2_b-tlToONIUGFIWmCtS9S74X9wthuTdMyeUDHO3qdfmLmGtbynwQUXy0vYCIdnw"
"./html/agencies/bankruptcy-courts/index.html","js","/themes/custom/usagov/scripts/newFooter.js","-","-","-","-","-",""
"./html/agencies/bankruptcy-courts/index.html","js","/sites/default/files/js/js_sJY3bzJs3jirGGaSNreFUENeOZtDcSGccrkIaQj9Xmc.js","footer","-","en","usagov","eJx1jUEOwzAIBD8Ux09CBFPXrQMR4FT9fa3k3OPO7GqHY9Uz164b9uTx7U3qMi4KoQcInq1iNBXYWUb-r-Dlc_gpDvTm0kINmgRXuyr5VkikVmZeH6bTSlkm4Ey6Hyos4ev9kJIzGj03tB9w0UIH","scope=footer&delta=0&language=en&theme=usagov&include=eJx1jUEOwzAIBD8Ux09CBFPXrQMR4FT9fa3k3OPO7GqHY9Uz164b9uTx7U3qMi4KoQcInq1iNBXYWUb-r-Dlc_gpDvTm0kINmgRXuyr5VkikVmZeH6bTSlkm4Ey6Hyos4ev9kJIzGj03tB9w0UIH"
"./html/agencies/bankruptcy-courts/index.html","js","/modules/contrib/uswds_ckeditor_integration/js/aftermarket/uswds_accordion.js","-","-","-","-","-","sqrdwl"
"./html/agencies/bankruptcy-courts/index.html","js","/sites/default/files/js/js_JxNk0XijPRI5QYwn5XlgSWW1Bx0YJQ3HYOHPIZ4Crx4.js","footer","2","en","usagov","eJx1jUEOwzAIBD8Ux09CBFPXrQMR4FT9fa3k3OPO7GqHY9Uz164b9uTx7U3qMi4KoQcInq1iNBXYWUb-r-Dlc_gpDvTm0kINmgRXuyr5VkikVmZeH6bTSlkm4Ey6Hyos4ev9kJIzGj03tB9w0UIH","scope=footer&delta=2&language=en&theme=usagov&include=eJx1jUEOwzAIBD8Ux09CBFPXrQMR4FT9fa3k3OPO7GqHY9Uz164b9uTx7U3qMi4KoQcInq1iNBXYWUb-r-Dlc_gpDvTm0kINmgRXuyr5VkikVmZeH6bTSlkm4Ey6Hyos4ev9kJIzGj03tB9w0UIH"
"./html/agencies/bankruptcy-courts/index.html","js","/themes/custom/usagov/scripts/modifyMobileNav.js","-","-","-","-","-",""
"./html/agencies/barry-m-goldwater-scholarship-and-excellence-in-education-foundation/index.html","css","/sites/default/files/css/css__7_lnIX5SUimudYZT0iqhhe0r5Ev1QE4En7-BEPHMeY.css","-","-","en","usagov","eJwdykEOwCAIBMAP2fIkg5EQEtDDqo2_b-tlToONIUGFIWmCtS9S74X9wthuTdMyeUDHO3qdfmLmGtbynwQUXy0vYCIdnw","delta=0&language=en&theme=usagov&include=eJwdykEOwCAIBMAP2fIkg5EQEtDDqo2_b-tlToONIUGFIWmCtS9S74X9wthuTdMyeUDHO3qdfmLmGtbynwQUXy0vYCIdnw"
"./html/agencies/barry-m-goldwater-scholarship-and-excellence-in-education-foundation/index.html","css","/sites/default/files/css/css_h8MbvwzFoPHon25psxDvs_qWZKIaWznJGeScqw5abGU.css","-","1","en","usagov","eJwdykEOwCAIBMAP2fIkg5EQEtDDqo2_b-tlToONIUGFIWmCtS9S74X9wthuTdMyeUDHO3qdfmLmGtbynwQUXy0vYCIdnw","delta=1&language=en&theme=usagov&include=eJwdykEOwCAIBMAP2fIkg5EQEtDDqo2_b-tlToONIUGFIWmCtS9S74X9wthuTdMyeUDHO3qdfmLmGtbynwQUXy0vYCIdnw"
"./html/agencies/barry-m-goldwater-scholarship-and-excellence-in-education-foundation/index.html","js","/themes/custom/usagov/scripts/newFooter.js","-","-","-","-","-",""
"./html/agencies/barry-m-goldwater-scholarship-and-excellence-in-education-foundation/index.html","js","/sites/default/files/js/js_sJY3bzJs3jirGGaSNreFUENeOZtDcSGccrkIaQj9Xmc.js","footer","-","en","usagov","eJx1jUEOwzAIBD8Ux09CBFPXrQMR4FT9fa3k3OPO7GqHY9Uz164b9uTx7U3qMi4KoQcInq1iNBXYWUb-r-Dlc_gpDvTm0kINmgRXuyr5VkikVmZeH6bTSlkm4Ey6Hyos4ev9kJIzGj03tB9w0UIH","scope=footer&delta=0&language=en&theme=usagov&include=eJx1jUEOwzAIBD8Ux09CBFPXrQMR4FT9fa3k3OPO7GqHY9Uz164b9uTx7U3qMi4KoQcInq1iNBXYWUb-r-Dlc_gpDvTm0kINmgRXuyr5VkikVmZeH6bTSlkm4Ey6Hyos4ev9kJIzGj03tB9w0UIH"
"./html/agencies/barry-m-goldwater-scholarship-and-excellence-in-education-foundation/index.html","js","/modules/contrib/uswds_ckeditor_integration/js/aftermarket/uswds_accordion.js","-","-","-","-","-","sqrdwl"
"./html/agencies/barry-m-goldwater-scholarship-and-excellence-in-education-foundation/index.html","js","/sites/default/files/js/js_JxNk0XijPRI5QYwn5XlgSWW1Bx0YJQ3HYOHPIZ4Crx4.js","footer","2","en","usagov","eJx1jUEOwzAIBD8Ux09CBFPXrQMR4FT9fa3k3OPO7GqHY9Uz164b9uTx7U3qMi4KoQcInq1iNBXYWUb-r-Dlc_gpDvTm0kINmgRXuyr5VkikVmZeH6bTSlkm4Ey6Hyos4ev9kJIzGj03tB9w0UIH","scope=footer&delta=2&language=en&theme=usagov&include=eJx1jUEOwzAIBD8Ux09CBFPXrQMR4FT9fa3k3OPO7GqHY9Uz164b9uTx7U3qMi4KoQcInq1iNBXYWUb-r-Dlc_gpDvTm0kINmgRXuyr5VkikVmZeH6bTSlkm4Ey6Hyos4ev9kJIzGj03tB9w0UIH"
"./html/agencies/barry-m-goldwater-scholarship-and-excellence-in-education-foundation/index.html","js","/themes/custom/usagov/scripts/modifyMobileNav.js","-","-","-","-","-",""
"./html/agencies/bonneville-power-administration/index.html","css","/sites/default/files/css/css__7_lnIX5SUimudYZT0iqhhe0r5Ev1QE4En7-BEPHMeY.css","-","-","en","usagov","eJwdykEOwCAIBMAP2fIkg5EQEtDDqo2_b-tlToONIUGFIWmCtS9S74X9wthuTdMyeUDHO3qdfmLmGtbynwQUXy0vYCIdnw","delta=0&language=en&theme=usagov&include=eJwdykEOwCAIBMAP2fIkg5EQEtDDqo2_b-tlToONIUGFIWmCtS9S74X9wthuTdMyeUDHO3qdfmLmGtbynwQUXy0vYCIdnw"
"./html/agencies/bonneville-power-administration/index.html","css","/sites/default/files/css/css_h8MbvwzFoPHon25psxDvs_qWZKIaWznJGeScqw5abGU.css","-","1","en","usagov","eJwdykEOwCAIBMAP2fIkg5EQEtDDqo2_b-tlToONIUGFIWmCtS9S74X9wthuTdMyeUDHO3qdfmLmGtbynwQUXy0vYCIdnw","delta=1&language=en&theme=usagov&include=eJwdykEOwCAIBMAP2fIkg5EQEtDDqo2_b-tlToONIUGFIWmCtS9S74X9wthuTdMyeUDHO3qdfmLmGtbynwQUXy0vYCIdnw"
"./html/agencies/bonneville-power-administration/index.html","js","/themes/custom/usagov/scripts/newFooter.js","-","-","-","-","-",""
"./html/agencies/bonneville-power-administration/index.html","js","/sites/default/files/js/js_sJY3bzJs3jirGGaSNreFUENeOZtDcSGccrkIaQj9Xmc.js","footer","-","en","usagov","eJx1jUEOwzAIBD8Ux09CBFPXrQMR4FT9fa3k3OPO7GqHY9Uz164b9uTx7U3qMi4KoQcInq1iNBXYWUb-r-Dlc_gpDvTm0kINmgRXuyr5VkikVmZeH6bTSlkm4Ey6Hyos4ev9kJIzGj03tB9w0UIH","scope=footer&delta=0&language=en&theme=usagov&include=eJx1jUEOwzAIBD8Ux09CBFPXrQMR4FT9fa3k3OPO7GqHY9Uz164b9uTx7U3qMi4KoQcInq1iNBXYWUb-r-Dlc_gpDvTm0kINmgRXuyr5VkikVmZeH6bTSlkm4Ey6Hyos4ev9kJIzGj03tB9w0UIH"
"./html/agencies/bonneville-power-administration/index.html","js","/modules/contrib/uswds_ckeditor_integration/js/aftermarket/uswds_accordion.js","-","-","-","-","-","sqrdwl"
"./html/agencies/bonneville-power-administration/index.html","js","/sites/default/files/js/js_JxNk0XijPRI5QYwn5XlgSWW1Bx0YJQ3HYOHPIZ4Crx4.js","footer","2","en","usagov","eJx1jUEOwzAIBD8Ux09CBFPXrQMR4FT9fa3k3OPO7GqHY9Uz164b9uTx7U3qMi4KoQcInq1iNBXYWUb-r-Dlc_gpDvTm0kINmgRXuyr5VkikVmZeH6bTSlkm4Ey6Hyos4ev9kJIzGj03tB9w0UIH","scope=footer&delta=2&language=en&theme=usagov&include=eJx1jUEOwzAIBD8Ux09CBFPXrQMR4FT9fa3k3OPO7GqHY9Uz164b9uTx7U3qMi4KoQcInq1iNBXYWUb-r-Dlc_gpDvTm0kINmgRXuyr5VkikVmZeH6bTSlkm4Ey6Hyos4ev9kJIzGj03tB9w0UIH"
"./html/agencies/bonneville-power-administration/index.html","js","/themes/custom/usagov/scripts/modifyMobileNav.js","-","-","-","-","-",""
"./html/agencies/bureau-of-alcohol-tobacco-firearms-and-explosives/index.html","css","/sites/default/files/css/css__7_lnIX5SUimudYZT0iqhhe0r5Ev1QE4En7-BEPHMeY.css","-","-","en","usagov","eJwdykEOwCAIBMAP2fIkg5EQEtDDqo2_b-tlToONIUGFIWmCtS9S74X9wthuTdMyeUDHO3qdfmLmGtbynwQUXy0vYCIdnw","delta=0&language=en&theme=usagov&include=eJwdykEOwCAIBMAP2fIkg5EQEtDDqo2_b-tlToONIUGFIWmCtS9S74X9wthuTdMyeUDHO3qdfmLmGtbynwQUXy0vYCIdnw"
"./html/agencies/bureau-of-alcohol-tobacco-firearms-and-explosives/index.html","css","/sites/default/files/css/css_h8MbvwzFoPHon25psxDvs_qWZKIaWznJGeScqw5abGU.css","-","1","en","usagov","eJwdykEOwCAIBMAP2fIkg5EQEtDDqo2_b-tlToONIUGFIWmCtS9S74X9wthuTdMyeUDHO3qdfmLmGtbynwQUXy0vYCIdnw","delta=1&language=en&theme=usagov&include=eJwdykEOwCAIBMAP2fIkg5EQEtDDqo2_b-tlToONIUGFIWmCtS9S74X9wthuTdMyeUDHO3qdfmLmGtbynwQUXy0vYCIdnw"
"./html/agencies/bureau-of-alcohol-tobacco-firearms-and-explosives/index.html","js","/themes/custom/usagov/scripts/newFooter.js","-","-","-","-","-",""
"./html/agencies/bureau-of-alcohol-tobacco-firearms-and-explosives/index.html","js","/sites/default/files/js/js_sJY3bzJs3jirGGaSNreFUENeOZtDcSGccrkIaQj9Xmc.js","footer","-","en","usagov","eJx1jUEOwzAIBD8Ux09CBFPXrQMR4FT9fa3k3OPO7GqHY9Uz164b9uTx7U3qMi4KoQcInq1iNBXYWUb-r-Dlc_gpDvTm0kINmgRXuyr5VkikVmZeH6bTSlkm4Ey6Hyos4ev9kJIzGj03tB9w0UIH","scope=footer&delta=0&language=en&theme=usagov&include=eJx1jUEOwzAIBD8Ux09CBFPXrQMR4FT9fa3k3OPO7GqHY9Uz164b9uTx7U3qMi4KoQcInq1iNBXYWUb-r-Dlc_gpDvTm0kINmgRXuyr5VkikVmZeH6bTSlkm4Ey6Hyos4ev9kJIzGj03tB9w0UIH"
"./html/agencies/bureau-of-alcohol-tobacco-firearms-and-explosives/index.html","js","/modules/contrib/uswds_ckeditor_integration/js/aftermarket/uswds_accordion.js","-","-","-","-","-","sqrdwl"
"./html/agencies/bureau-of-alcohol-tobacco-firearms-and-explosives/index.html","js","/sites/default/files/js/js_JxNk0XijPRI5QYwn5XlgSWW1Bx0YJQ3HYOHPIZ4Crx4.js","footer","2","en","usagov","eJx1jUEOwzAIBD8Ux09CBFPXrQMR4FT9fa3k3OPO7GqHY9Uz164b9uTx7U3qMi4KoQcInq1iNBXYWUb-r-Dlc_gpDvTm0kINmgRXuyr5VkikVmZeH6bTSlkm4Ey6Hyos4ev9kJIzGj03tB9w0UIH","scope=footer&delta=2&language=en&theme=usagov&include=eJx1jUEOwzAIBD8Ux09CBFPXrQMR4FT9fa3k3OPO7GqHY9Uz164b9uTx7U3qMi4KoQcInq1iNBXYWUb-r-Dlc_gpDvTm0kINmgRXuyr5VkikVmZeH6bTSlkm4Ey6Hyos4ev9kJIzGj03tB9w0UIH"
"./html/agencies/bureau-of-alcohol-tobacco-firearms-and-explosives/index.html","js","/themes/custom/usagov/scripts/modifyMobileNav.js","-","-","-","-","-",""
"./html/agencies/bureau-of-consular-affairs/index.html","css","/sites/default/files/css/css__7_lnIX5SUimudYZT0iqhhe0r5Ev1QE4En7-BEPHMeY.css","-","-","en","usagov","eJwdykEOwCAIBMAP2fIkg5EQEtDDqo2_b-tlToONIUGFIWmCtS9S74X9wthuTdMyeUDHO3qdfmLmGtbynwQUXy0vYCIdnw","delta=0&language=en&theme=usagov&include=eJwdykEOwCAIBMAP2fIkg5EQEtDDqo2_b-tlToONIUGFIWmCtS9S74X9wthuTdMyeUDHO3qdfmLmGtbynwQUXy0vYCIdnw"
"./html/agencies/bureau-of-consular-affairs/index.html","css","/sites/default/files/css/css_h8MbvwzFoPHon25psxDvs_qWZKIaWznJGeScqw5abGU.css","-","1","en","usagov","eJwdykEOwCAIBMAP2fIkg5EQEtDDqo2_b-tlToONIUGFIWmCtS9S74X9wthuTdMyeUDHO3qdfmLmGtbynwQUXy0vYCIdnw","delta=1&language=en&theme=usagov&include=eJwdykEOwCAIBMAP2fIkg5EQEtDDqo2_b-tlToONIUGFIWmCtS9S74X9wthuTdMyeUDHO3qdfmLmGtbynwQUXy0vYCIdnw"
"./html/agencies/bureau-of-consular-affairs/index.html","js","/themes/custom/usagov/scripts/newFooter.js","-","-","-","-","-",""
"./html/agencies/bureau-of-consular-affairs/index.html","js","/sites/default/files/js/js_sJY3bzJs3jirGGaSNreFUENeOZtDcSGccrkIaQj9Xmc.js","footer","-","en","usagov","eJx1jUEOwzAIBD8Ux09CBFPXrQMR4FT9fa3k3OPO7GqHY9Uz164b9uTx7U3qMi4KoQcInq1iNBXYWUb-r-Dlc_gpDvTm0kINmgRXuyr5VkikVmZeH6bTSlkm4Ey6Hyos4ev9kJIzGj03tB9w0UIH","scope=footer&delta=0&language=en&theme=usagov&include=eJx1jUEOwzAIBD8Ux09CBFPXrQMR4FT9fa3k3OPO7GqHY9Uz164b9uTx7U3qMi4KoQcInq1iNBXYWUb-r-Dlc_gpDvTm0kINmgRXuyr5VkikVmZeH6bTSlkm4Ey6Hyos4ev9kJIzGj03tB9w0UIH"
"./html/agencies/bureau-of-consular-affairs/index.html","js","/modules/contrib/uswds_ckeditor_integration/js/aftermarket/uswds_accordion.js","-","-","-","-","-","sqrdwl"
"./html/agencies/bureau-of-consular-affairs/index.html","js","/sites/default/files/js/js_JxNk0XijPRI5QYwn5XlgSWW1Bx0YJQ3HYOHPIZ4Crx4.js","footer","2","en","usagov","eJx1jUEOwzAIBD8Ux09CBFPXrQMR4FT9fa3k3OPO7GqHY9Uz164b9uTx7U3qMi4KoQcInq1iNBXYWUb-r-Dlc_gpDvTm0kINmgRXuyr5VkikVmZeH6bTSlkm4Ey6Hyos4ev9kJIzGj03tB9w0UIH","scope=footer&delta=2&language=en&theme=usagov&include=eJx1jUEOwzAIBD8Ux09CBFPXrQMR4FT9fa3k3OPO7GqHY9Uz164b9uTx7U3qMi4KoQcInq1iNBXYWUb-r-Dlc_gpDvTm0kINmgRXuyr5VkikVmZeH6bTSlkm4Ey6Hyos4ev9kJIzGj03tB9w0UIH"
"./html/agencies/bureau-of-consular-affairs/index.html","js","/themes/custom/usagov/scripts/modifyMobileNav.js","-","-","-","-","-",""
"./html/agencies/bureau-of-economic-analysis/index.html","css","/sites/default/files/css/css__7_lnIX5SUimudYZT0iqhhe0r5Ev1QE4En7-BEPHMeY.css","-","-","en","usagov","eJwdykEOwCAIBMAP2fIkg5EQEtDDqo2_b-tlToONIUGFIWmCtS9S74X9wthuTdMyeUDHO3qdfmLmGtbynwQUXy0vYCIdnw","delta=0&language=en&theme=usagov&include=eJwdykEOwCAIBMAP2fIkg5EQEtDDqo2_b-tlToONIUGFIWmCtS9S74X9wthuTdMyeUDHO3qdfmLmGtbynwQUXy0vYCIdnw"
"./html/agencies/bureau-of-economic-analysis/index.html","css","/sites/default/files/css/css_h8MbvwzFoPHon25psxDvs_qWZKIaWznJGeScqw5abGU.css","-","1","en","usagov","eJwdykEOwCAIBMAP2fIkg5EQEtDDqo2_b-tlToONIUGFIWmCtS9S74X9wthuTdMyeUDHO3qdfmLmGtbynwQUXy0vYCIdnw","delta=1&language=en&theme=usagov&include=eJwdykEOwCAIBMAP2fIkg5EQEtDDqo2_b-tlToONIUGFIWmCtS9S74X9wthuTdMyeUDHO3qdfmLmGtbynwQUXy0vYCIdnw"
"./html/agencies/bureau-of-economic-analysis/index.html","js","/themes/custom/usagov/scripts/newFooter.js","-","-","-","-","-",""
"./html/agencies/bureau-of-economic-analysis/index.html","js","/sites/default/files/js/js_sJY3bzJs3jirGGaSNreFUENeOZtDcSGccrkIaQj9Xmc.js","footer","-","en","usagov","eJx1jUEOwzAIBD8Ux09CBFPXrQMR4FT9fa3k3OPO7GqHY9Uz164b9uTx7U3qMi4KoQcInq1iNBXYWUb-r-Dlc_gpDvTm0kINmgRXuyr5VkikVmZeH6bTSlkm4Ey6Hyos4ev9kJIzGj03tB9w0UIH","scope=footer&delta=0&language=en&theme=usagov&include=eJx1jUEOwzAIBD8Ux09CBFPXrQMR4FT9fa3k3OPO7GqHY9Uz164b9uTx7U3qMi4KoQcInq1iNBXYWUb-r-Dlc_gpDvTm0kINmgRXuyr5VkikVmZeH6bTSlkm4Ey6Hyos4ev9kJIzGj03tB9w0UIH"
"./html/agencies/bureau-of-economic-analysis/index.html","js","/modules/contrib/uswds_ckeditor_integration/js/aftermarket/uswds_accordion.js","-","-","-","-","-","sqrdwl"
"./html/agencies/bureau-of-economic-analysis/index.html","js","/sites/default/files/js/js_JxNk0XijPRI5QYwn5XlgSWW1Bx0YJQ3HYOHPIZ4Crx4.js","footer","2","en","usagov","eJx1jUEOwzAIBD8Ux09CBFPXrQMR4FT9fa3k3OPO7GqHY9Uz164b9uTx7U3qMi4KoQcInq1iNBXYWUb-r-Dlc_gpDvTm0kINmgRXuyr5VkikVmZeH6bTSlkm4Ey6Hyos4ev9kJIzGj03tB9w0UIH","scope=footer&delta=2&language=en&theme=usagov&include=eJx1jUEOwzAIBD8Ux09CBFPXrQMR4FT9fa3k3OPO7GqHY9Uz164b9uTx7U3qMi4KoQcInq1iNBXYWUb-r-Dlc_gpDvTm0kINmgRXuyr5VkikVmZeH6bTSlkm4Ey6Hyos4ev9kJIzGj03tB9w0UIH"
"./html/agencies/bureau-of-economic-analysis/index.html","js","/themes/custom/usagov/scripts/modifyMobileNav.js","-","-","-","-","-",""
"./html/agencies/bureau-of-engraving-and-printing/index.html","css","/sites/default/files/css/css__7_lnIX5SUimudYZT0iqhhe0r5Ev1QE4En7-BEPHMeY.css","-","-","en","usagov","eJwdykEOwCAIBMAP2fIkg5EQEtDDqo2_b-tlToONIUGFIWmCtS9S74X9wthuTdMyeUDHO3qdfmLmGtbynwQUXy0vYCIdnw","delta=0&language=en&theme=usagov&include=eJwdykEOwCAIBMAP2fIkg5EQEtDDqo2_b-tlToONIUGFIWmCtS9S74X9wthuTdMyeUDHO3qdfmLmGtbynwQUXy0vYCIdnw"
"./html/agencies/bureau-of-engraving-and-printing/index.html","css","/sites/default/files/css/css_h8MbvwzFoPHon25psxDvs_qWZKIaWznJGeScqw5abGU.css","-","1","en","usagov","eJwdykEOwCAIBMAP2fIkg5EQEtDDqo2_b-tlToONIUGFIWmCtS9S74X9wthuTdMyeUDHO3qdfmLmGtbynwQUXy0vYCIdnw","delta=1&language=en&theme=usagov&include=eJwdykEOwCAIBMAP2fIkg5EQEtDDqo2_b-tlToONIUGFIWmCtS9S74X9wthuTdMyeUDHO3qdfmLmGtbynwQUXy0vYCIdnw"
"./html/agencies/bureau-of-engraving-and-printing/index.html","js","/themes/custom/usagov/scripts/newFooter.js","-","-","-","-","-",""
"./html/agencies/bureau-of-engraving-and-printing/index.html","js","/sites/default/files/js/js_sJY3bzJs3jirGGaSNreFUENeOZtDcSGccrkIaQj9Xmc.js","footer","-","en","usagov","eJx1jUEOwzAIBD8Ux09CBFPXrQMR4FT9fa3k3OPO7GqHY9Uz164b9uTx7U3qMi4KoQcInq1iNBXYWUb-r-Dlc_gpDvTm0kINmgRXuyr5VkikVmZeH6bTSlkm4Ey6Hyos4ev9kJIzGj03tB9w0UIH","scope=footer&delta=0&language=en&theme=usagov&include=eJx1jUEOwzAIBD8Ux09CBFPXrQMR4FT9fa3k3OPO7GqHY9Uz164b9uTx7U3qMi4KoQcInq1iNBXYWUb-r-Dlc_gpDvTm0kINmgRXuyr5VkikVmZeH6bTSlkm4Ey6Hyos4ev9kJIzGj03tB9w0UIH"
"./html/agencies/bureau-of-engraving-and-printing/index.html","js","/modules/contrib/uswds_ckeditor_integration/js/aftermarket/uswds_accordion.js","-","-","-","-","-","sqrdwl"
"./html/agencies/bureau-of-engraving-and-printing/index.html","js","/sites/default/files/js/js_JxNk0XijPRI5QYwn5XlgSWW1Bx0YJQ3HYOHPIZ4Crx4.js","footer","2","en","usagov","eJx1jUEOwzAIBD8Ux09CBFPXrQMR4FT9fa3k3OPO7GqHY9Uz164b9uTx7U3qMi4KoQcInq1iNBXYWUb-r-Dlc_gpDvTm0kINmgRXuyr5VkikVmZeH6bTSlkm4Ey6Hyos4ev9kJIzGj03tB9w0UIH","scope=footer&delta=2&language=en&theme=usagov&include=eJx1jUEOwzAIBD8Ux09CBFPXrQMR4FT9fa3k3OPO7GqHY9Uz164b9uTx7U3qMi4KoQcInq1iNBXYWUb-r-Dlc_gpDvTm0kINmgRXuyr5VkikVmZeH6bTSlkm4Ey6Hyos4ev9kJIzGj03tB9w0UIH"
"./html/agencies/bureau-of-engraving-and-printing/index.html","js","/themes/custom/usagov/scripts/modifyMobileNav.js","-","-","-","-","-",""
"./html/agencies/bureau-of-indian-affairs/index.html","css","/sites/default/files/css/css__7_lnIX5SUimudYZT0iqhhe0r5Ev1QE4En7-BEPHMeY.css","-","-","en","usagov","eJwdykEOwCAIBMAP2fIkg5EQEtDDqo2_b-tlToONIUGFIWmCtS9S74X9wthuTdMyeUDHO3qdfmLmGtbynwQUXy0vYCIdnw","delta=0&language=en&theme=usagov&include=eJwdykEOwCAIBMAP2fIkg5EQEtDDqo2_b-tlToONIUGFIWmCtS9S74X9wthuTdMyeUDHO3qdfmLmGtbynwQUXy0vYCIdnw"
"./html/agencies/bureau-of-indian-affairs/index.html","css","/sites/default/files/css/css_h8MbvwzFoPHon25psxDvs_qWZKIaWznJGeScqw5abGU.css","-","1","en","usagov","eJwdykEOwCAIBMAP2fIkg5EQEtDDqo2_b-tlToONIUGFIWmCtS9S74X9wthuTdMyeUDHO3qdfmLmGtbynwQUXy0vYCIdnw","delta=1&language=en&theme=usagov&include=eJwdykEOwCAIBMAP2fIkg5EQEtDDqo2_b-tlToONIUGFIWmCtS9S74X9wthuTdMyeUDHO3qdfmLmGtbynwQUXy0vYCIdnw"
"./html/agencies/bureau-of-indian-affairs/index.html","js","/themes/custom/usagov/scripts/newFooter.js","-","-","-","-","-",""
"./html/agencies/bureau-of-indian-affairs/index.html","js","/sites/default/files/js/js_sJY3bzJs3jirGGaSNreFUENeOZtDcSGccrkIaQj9Xmc.js","footer","-","en","usagov","eJx1jUEOwzAIBD8Ux09CBFPXrQMR4FT9fa3k3OPO7GqHY9Uz164b9uTx7U3qMi4KoQcInq1iNBXYWUb-r-Dlc_gpDvTm0kINmgRXuyr5VkikVmZeH6bTSlkm4Ey6Hyos4ev9kJIzGj03tB9w0UIH","scope=footer&delta=0&language=en&theme=usagov&include=eJx1jUEOwzAIBD8Ux09CBFPXrQMR4FT9fa3k3OPO7GqHY9Uz164b9uTx7U3qMi4KoQcInq1iNBXYWUb-r-Dlc_gpDvTm0kINmgRXuyr5VkikVmZeH6bTSlkm4Ey6Hyos4ev9kJIzGj03tB9w0UIH"
"./html/agencies/bureau-of-indian-affairs/index.html","js","/modules/contrib/uswds_ckeditor_integration/js/aftermarket/uswds_accordion.js","-","-","-","-","-","sqrdwl"
"./html/agencies/bureau-of-indian-affairs/index.html","js","/sites/default/files/js/js_JxNk0XijPRI5QYwn5XlgSWW1Bx0YJQ3HYOHPIZ4Crx4.js","footer","2","en","usagov","eJx1jUEOwzAIBD8Ux09CBFPXrQMR4FT9fa3k3OPO7GqHY9Uz164b9uTx7U3qMi4KoQcInq1iNBXYWUb-r-Dlc_gpDvTm0kINmgRXuyr5VkikVmZeH6bTSlkm4Ey6Hyos4ev9kJIzGj03tB9w0UIH","scope=footer&delta=2&language=en&theme=usagov&include=eJx1jUEOwzAIBD8Ux09CBFPXrQMR4FT9fa3k3OPO7GqHY9Uz164b9uTx7U3qMi4KoQcInq1iNBXYWUb-r-Dlc_gpDvTm0kINmgRXuyr5VkikVmZeH6bTSlkm4Ey6Hyos4ev9kJIzGj03tB9w0UIH"
"./html/agencies/bureau-of-indian-affairs/index.html","js","/themes/custom/usagov/scripts/modifyMobileNav.js","-","-","-","-","-",""
"./html/agencies/bureau-of-industry-and-security/index.html","css","/sites/default/files/css/css__7_lnIX5SUimudYZT0iqhhe0r5Ev1QE4En7-BEPHMeY.css","-","-","en","usagov","eJwdykEOwCAIBMAP2fIkg5EQEtDDqo2_b-tlToONIUGFIWmCtS9S74X9wthuTdMyeUDHO3qdfmLmGtbynwQUXy0vYCIdnw","delta=0&language=en&theme=usagov&include=eJwdykEOwCAIBMAP2fIkg5EQEtDDqo2_b-tlToONIUGFIWmCtS9S74X9wthuTdMyeUDHO3qdfmLmGtbynwQUXy0vYCIdnw"
"./html/agencies/bureau-of-industry-and-security/index.html","css","/sites/default/files/css/css_h8MbvwzFoPHon25psxDvs_qWZKIaWznJGeScqw5abGU.css","-","1","en","usagov","eJwdykEOwCAIBMAP2fIkg5EQEtDDqo2_b-tlToONIUGFIWmCtS9S74X9wthuTdMyeUDHO3qdfmLmGtbynwQUXy0vYCIdnw","delta=1&language=en&theme=usagov&include=eJwdykEOwCAIBMAP2fIkg5EQEtDDqo2_b-tlToONIUGFIWmCtS9S74X9wthuTdMyeUDHO3qdfmLmGtbynwQUXy0vYCIdnw"
"./html/agencies/bureau-of-industry-and-security/index.html","js","/themes/custom/usagov/scripts/newFooter.js","-","-","-","-","-",""
"./html/agencies/bureau-of-industry-and-security/index.html","js","/sites/default/files/js/js_sJY3bzJs3jirGGaSNreFUENeOZtDcSGccrkIaQj9Xmc.js","footer","-","en","usagov","eJx1jUEOwzAIBD8Ux09CBFPXrQMR4FT9fa3k3OPO7GqHY9Uz164b9uTx7U3qMi4KoQcInq1iNBXYWUb-r-Dlc_gpDvTm0kINmgRXuyr5VkikVmZeH6bTSlkm4Ey6Hyos4ev9kJIzGj03tB9w0UIH","scope=footer&delta=0&language=en&theme=usagov&include=eJx1jUEOwzAIBD8Ux09CBFPXrQMR4FT9fa3k3OPO7GqHY9Uz164b9uTx7U3qMi4KoQcInq1iNBXYWUb-r-Dlc_gpDvTm0kINmgRXuyr5VkikVmZeH6bTSlkm4Ey6Hyos4ev9kJIzGj03tB9w0UIH"
"./html/agencies/bureau-of-industry-and-security/index.html","js","/modules/contrib/uswds_ckeditor_integration/js/aftermarket/uswds_accordion.js","-","-","-","-","-","sqrdwl"
"./html/agencies/bureau-of-industry-and-security/index.html","js","/sites/default/files/js/js_JxNk0XijPRI5QYwn5XlgSWW1Bx0YJQ3HYOHPIZ4Crx4.js","footer","2","en","usagov","eJx1jUEOwzAIBD8Ux09CBFPXrQMR4FT9fa3k3OPO7GqHY9Uz164b9uTx7U3qMi4KoQcInq1iNBXYWUb-r-Dlc_gpDvTm0kINmgRXuyr5VkikVmZeH6bTSlkm4Ey6Hyos4ev9kJIzGj03tB9w0UIH","scope=footer&delta=2&language=en&theme=usagov&include=eJx1jUEOwzAIBD8Ux09CBFPXrQMR4FT9fa3k3OPO7GqHY9Uz164b9uTx7U3qMi4KoQcInq1iNBXYWUb-r-Dlc_gpDvTm0kINmgRXuyr5VkikVmZeH6bTSlkm4Ey6Hyos4ev9kJIzGj03tB9w0UIH"
"./html/agencies/bureau-of-industry-and-security/index.html","js","/themes/custom/usagov/scripts/modifyMobileNav.js","-","-","-","-","-",""
"./html/agencies/bureau-of-international-labor-affairs/index.html","css","/sites/default/files/css/css__7_lnIX5SUimudYZT0iqhhe0r5Ev1QE4En7-BEPHMeY.css","-","-","en","usagov","eJwdykEOwCAIBMAP2fIkg5EQEtDDqo2_b-tlToONIUGFIWmCtS9S74X9wthuTdMyeUDHO3qdfmLmGtbynwQUXy0vYCIdnw","delta=0&language=en&theme=usagov&include=eJwdykEOwCAIBMAP2fIkg5EQEtDDqo2_b-tlToONIUGFIWmCtS9S74X9wthuTdMyeUDHO3qdfmLmGtbynwQUXy0vYCIdnw"
"./html/agencies/bureau-of-international-labor-affairs/index.html","css","/sites/default/files/css/css_h8MbvwzFoPHon25psxDvs_qWZKIaWznJGeScqw5abGU.css","-","1","en","usagov","eJwdykEOwCAIBMAP2fIkg5EQEtDDqo2_b-tlToONIUGFIWmCtS9S74X9wthuTdMyeUDHO3qdfmLmGtbynwQUXy0vYCIdnw","delta=1&language=en&theme=usagov&include=eJwdykEOwCAIBMAP2fIkg5EQEtDDqo2_b-tlToONIUGFIWmCtS9S74X9wthuTdMyeUDHO3qdfmLmGtbynwQUXy0vYCIdnw"
"./html/agencies/bureau-of-international-labor-affairs/index.html","js","/themes/custom/usagov/scripts/newFooter.js","-","-","-","-","-",""
"./html/agencies/bureau-of-international-labor-affairs/index.html","js","/sites/default/files/js/js_sJY3bzJs3jirGGaSNreFUENeOZtDcSGccrkIaQj9Xmc.js","footer","-","en","usagov","eJx1jUEOwzAIBD8Ux09CBFPXrQMR4FT9fa3k3OPO7GqHY9Uz164b9uTx7U3qMi4KoQcInq1iNBXYWUb-r-Dlc_gpDvTm0kINmgRXuyr5VkikVmZeH6bTSlkm4Ey6Hyos4ev9kJIzGj03tB9w0UIH","scope=footer&delta=0&language=en&theme=usagov&include=eJx1jUEOwzAIBD8Ux09CBFPXrQMR4FT9fa3k3OPO7GqHY9Uz164b9uTx7U3qMi4KoQcInq1iNBXYWUb-r-Dlc_gpDvTm0kINmgRXuyr5VkikVmZeH6bTSlkm4Ey6Hyos4ev9kJIzGj03tB9w0UIH"
"./html/agencies/bureau-of-international-labor-affairs/index.html","js","/modules/contrib/uswds_ckeditor_integration/js/aftermarket/uswds_accordion.js","-","-","-","-","-","sqrdwl"
"./html/agencies/bureau-of-international-labor-affairs/index.html","js","/sites/default/files/js/js_JxNk0XijPRI5QYwn5XlgSWW1Bx0YJQ3HYOHPIZ4Crx4.js","footer","2","en","usagov","eJx1jUEOwzAIBD8Ux09CBFPXrQMR4FT9fa3k3OPO7GqHY9Uz164b9uTx7U3qMi4KoQcInq1iNBXYWUb-r-Dlc_gpDvTm0kINmgRXuyr5VkikVmZeH6bTSlkm4Ey6Hyos4ev9kJIzGj03tB9w0UIH","scope=footer&delta=2&language=en&theme=usagov&include=eJx1jUEOwzAIBD8Ux09CBFPXrQMR4FT9fa3k3OPO7GqHY9Uz164b9uTx7U3qMi4KoQcInq1iNBXYWUb-r-Dlc_gpDvTm0kINmgRXuyr5VkikVmZeH6bTSlkm4Ey6Hyos4ev9kJIzGj03tB9w0UIH"
"./html/agencies/bureau-of-international-labor-affairs/index.html","js","/themes/custom/usagov/scripts/modifyMobileNav.js","-","-","-","-","-",""
"./html/agencies/bureau-of-justice-statistics/index.html","css","/sites/default/files/css/css__7_lnIX5SUimudYZT0iqhhe0r5Ev1QE4En7-BEPHMeY.css","-","-","en","usagov","eJwdykEOwCAIBMAP2fIkg5EQEtDDqo2_b-tlToONIUGFIWmCtS9S74X9wthuTdMyeUDHO3qdfmLmGtbynwQUXy0vYCIdnw","delta=0&language=en&theme=usagov&include=eJwdykEOwCAIBMAP2fIkg5EQEtDDqo2_b-tlToONIUGFIWmCtS9S74X9wthuTdMyeUDHO3qdfmLmGtbynwQUXy0vYCIdnw"
"./html/agencies/bureau-of-justice-statistics/index.html","css","/sites/default/files/css/css_h8MbvwzFoPHon25psxDvs_qWZKIaWznJGeScqw5abGU.css","-","1","en","usagov","eJwdykEOwCAIBMAP2fIkg5EQEtDDqo2_b-tlToONIUGFIWmCtS9S74X9wthuTdMyeUDHO3qdfmLmGtbynwQUXy0vYCIdnw","delta=1&language=en&theme=usagov&include=eJwdykEOwCAIBMAP2fIkg5EQEtDDqo2_b-tlToONIUGFIWmCtS9S74X9wthuTdMyeUDHO3qdfmLmGtbynwQUXy0vYCIdnw"
"./html/agencies/bureau-of-justice-statistics/index.html","js","/themes/custom/usagov/scripts/newFooter.js","-","-","-","-","-",""
"./html/agencies/bureau-of-justice-statistics/index.html","js","/sites/default/files/js/js_sJY3bzJs3jirGGaSNreFUENeOZtDcSGccrkIaQj9Xmc.js","footer","-","en","usagov","eJx1jUEOwzAIBD8Ux09CBFPXrQMR4FT9fa3k3OPO7GqHY9Uz164b9uTx7U3qMi4KoQcInq1iNBXYWUb-r-Dlc_gpDvTm0kINmgRXuyr5VkikVmZeH6bTSlkm4Ey6Hyos4ev9kJIzGj03tB9w0UIH","scope=footer&delta=0&language=en&theme=usagov&include=eJx1jUEOwzAIBD8Ux09CBFPXrQMR4FT9fa3k3OPO7GqHY9Uz164b9uTx7U3qMi4KoQcInq1iNBXYWUb-r-Dlc_gpDvTm0kINmgRXuyr5VkikVmZeH6bTSlkm4Ey6Hyos4ev9kJIzGj03tB9w0UIH"
"./html/agencies/bureau-of-justice-statistics/index.html","js","/modules/contrib/uswds_ckeditor_integration/js/aftermarket/uswds_accordion.js","-","-","-","-","-","sqrdwl"
"./html/agencies/bureau-of-justice-statistics/index.html","js","/sites/default/files/js/js_JxNk0XijPRI5QYwn5XlgSWW1Bx0YJQ3HYOHPIZ4Crx4.js","footer","2","en","usagov","eJx1jUEOwzAIBD8Ux09CBFPXrQMR4FT9fa3k3OPO7GqHY9Uz164b9uTx7U3qMi4KoQcInq1iNBXYWUb-r-Dlc_gpDvTm0kINmgRXuyr5VkikVmZeH6bTSlkm4Ey6Hyos4ev9kJIzGj03tB9w0UIH","scope=footer&delta=2&language=en&theme=usagov&include=eJx1jUEOwzAIBD8Ux09CBFPXrQMR4FT9fa3k3OPO7GqHY9Uz164b9uTx7U3qMi4KoQcInq1iNBXYWUb-r-Dlc_gpDvTm0kINmgRXuyr5VkikVmZeH6bTSlkm4Ey6Hyos4ev9kJIzGj03tB9w0UIH"
"./html/agencies/bureau-of-justice-statistics/index.html","js","/themes/custom/usagov/scripts/modifyMobileNav.js","-","-","-","-","-",""
"./html/agencies/bureau-of-labor-statistics/index.html","css","/sites/default/files/css/css__7_lnIX5SUimudYZT0iqhhe0r5Ev1QE4En7-BEPHMeY.css","-","-","en","usagov","eJwdykEOwCAIBMAP2fIkg5EQEtDDqo2_b-tlToONIUGFIWmCtS9S74X9wthuTdMyeUDHO3qdfmLmGtbynwQUXy0vYCIdnw","delta=0&language=en&theme=usagov&include=eJwdykEOwCAIBMAP2fIkg5EQEtDDqo2_b-tlToONIUGFIWmCtS9S74X9wthuTdMyeUDHO3qdfmLmGtbynwQUXy0vYCIdnw"
"./html/agencies/bureau-of-labor-statistics/index.html","css","/sites/default/files/css/css_h8MbvwzFoPHon25psxDvs_qWZKIaWznJGeScqw5abGU.css","-","1","en","usagov","eJwdykEOwCAIBMAP2fIkg5EQEtDDqo2_b-tlToONIUGFIWmCtS9S74X9wthuTdMyeUDHO3qdfmLmGtbynwQUXy0vYCIdnw","delta=1&language=en&theme=usagov&include=eJwdykEOwCAIBMAP2fIkg5EQEtDDqo2_b-tlToONIUGFIWmCtS9S74X9wthuTdMyeUDHO3qdfmLmGtbynwQUXy0vYCIdnw"
"./html/agencies/bureau-of-labor-statistics/index.html","js","/themes/custom/usagov/scripts/newFooter.js","-","-","-","-","-",""
"./html/agencies/bureau-of-labor-statistics/index.html","js","/sites/default/files/js/js_sJY3bzJs3jirGGaSNreFUENeOZtDcSGccrkIaQj9Xmc.js","footer","-","en","usagov","eJx1jUEOwzAIBD8Ux09CBFPXrQMR4FT9fa3k3OPO7GqHY9Uz164b9uTx7U3qMi4KoQcInq1iNBXYWUb-r-Dlc_gpDvTm0kINmgRXuyr5VkikVmZeH6bTSlkm4Ey6Hyos4ev9kJIzGj03tB9w0UIH","scope=footer&delta=0&language=en&theme=usagov&include=eJx1jUEOwzAIBD8Ux09CBFPXrQMR4FT9fa3k3OPO7GqHY9Uz164b9uTx7U3qMi4KoQcInq1iNBXYWUb-r-Dlc_gpDvTm0kINmgRXuyr5VkikVmZeH6bTSlkm4Ey6Hyos4ev9kJIzGj03tB9w0UIH"
"./html/agencies/bureau-of-labor-statistics/index.html","js","/modules/contrib/uswds_ckeditor_integration/js/aftermarket/uswds_accordion.js","-","-","-","-","-","sqrdwl"
"./html/agencies/bureau-of-labor-statistics/index.html","js","/sites/default/files/js/js_JxNk0XijPRI5QYwn5XlgSWW1Bx0YJQ3HYOHPIZ4Crx4.js","footer","2","en","usagov","eJx1jUEOwzAIBD8Ux09CBFPXrQMR4FT9fa3k3OPO7GqHY9Uz164b9uTx7U3qMi4KoQcInq1iNBXYWUb-r-Dlc_gpDvTm0kINmgRXuyr5VkikVmZeH6bTSlkm4Ey6Hyos4ev9kJIzGj03tB9w0UIH","scope=footer&delta=2&language=en&theme=usagov&include=eJx1jUEOwzAIBD8Ux09CBFPXrQMR4FT9fa3k3OPO7GqHY9Uz164b9uTx7U3qMi4KoQcInq1iNBXYWUb-r-Dlc_gpDvTm0kINmgRXuyr5VkikVmZeH6bTSlkm4Ey6Hyos4ev9kJIzGj03tB9w0UIH"
"./html/agencies/bureau-of-labor-statistics/index.html","js","/themes/custom/usagov/scripts/modifyMobileNav.js","-","-","-","-","-",""
"./html/agencies/bureau-of-land-management/index.html","css","/sites/default/files/css/css__7_lnIX5SUimudYZT0iqhhe0r5Ev1QE4En7-BEPHMeY.css","-","-","en","usagov","eJwdykEOwCAIBMAP2fIkg5EQEtDDqo2_b-tlToONIUGFIWmCtS9S74X9wthuTdMyeUDHO3qdfmLmGtbynwQUXy0vYCIdnw","delta=0&language=en&theme=usagov&include=eJwdykEOwCAIBMAP2fIkg5EQEtDDqo2_b-tlToONIUGFIWmCtS9S74X9wthuTdMyeUDHO3qdfmLmGtbynwQUXy0vYCIdnw"
"./html/agencies/bureau-of-land-management/index.html","css","/sites/default/files/css/css_h8MbvwzFoPHon25psxDvs_qWZKIaWznJGeScqw5abGU.css","-","1","en","usagov","eJwdykEOwCAIBMAP2fIkg5EQEtDDqo2_b-tlToONIUGFIWmCtS9S74X9wthuTdMyeUDHO3qdfmLmGtbynwQUXy0vYCIdnw","delta=1&language=en&theme=usagov&include=eJwdykEOwCAIBMAP2fIkg5EQEtDDqo2_b-tlToONIUGFIWmCtS9S74X9wthuTdMyeUDHO3qdfmLmGtbynwQUXy0vYCIdnw"
"./html/agencies/bureau-of-land-management/index.html","js","/themes/custom/usagov/scripts/newFooter.js","-","-","-","-","-",""
"./html/agencies/bureau-of-land-management/index.html","js","/sites/default/files/js/js_sJY3bzJs3jirGGaSNreFUENeOZtDcSGccrkIaQj9Xmc.js","footer","-","en","usagov","eJx1jUEOwzAIBD8Ux09CBFPXrQMR4FT9fa3k3OPO7GqHY9Uz164b9uTx7U3qMi4KoQcInq1iNBXYWUb-r-Dlc_gpDvTm0kINmgRXuyr5VkikVmZeH6bTSlkm4Ey6Hyos4ev9kJIzGj03tB9w0UIH","scope=footer&delta=0&language=en&theme=usagov&include=eJx1jUEOwzAIBD8Ux09CBFPXrQMR4FT9fa3k3OPO7GqHY9Uz164b9uTx7U3qMi4KoQcInq1iNBXYWUb-r-Dlc_gpDvTm0kINmgRXuyr5VkikVmZeH6bTSlkm4Ey6Hyos4ev9kJIzGj03tB9w0UIH"
"./html/agencies/bureau-of-land-management/index.html","js","/modules/contrib/uswds_ckeditor_integration/js/aftermarket/uswds_accordion.js","-","-","-","-","-","sqrdwl"
"./html/agencies/bureau-of-land-management/index.html","js","/sites/default/files/js/js_JxNk0XijPRI5QYwn5XlgSWW1Bx0YJQ3HYOHPIZ4Crx4.js","footer","2","en","usagov","eJx1jUEOwzAIBD8Ux09CBFPXrQMR4FT9fa3k3OPO7GqHY9Uz164b9uTx7U3qMi4KoQcInq1iNBXYWUb-r-Dlc_gpDvTm0kINmgRXuyr5VkikVmZeH6bTSlkm4Ey6Hyos4ev9kJIzGj03tB9w0UIH","scope=footer&delta=2&language=en&theme=usagov&include=eJx1jUEOwzAIBD8Ux09CBFPXrQMR4FT9fa3k3OPO7GqHY9Uz164b9uTx7U3qMi4KoQcInq1iNBXYWUb-r-Dlc_gpDvTm0kINmgRXuyr5VkikVmZeH6bTSlkm4Ey6Hyos4ev9kJIzGj03tB9w0UIH"
"./html/agencies/bureau-of-land-management/index.html","js","/themes/custom/usagov/scripts/modifyMobileNav.js","-","-","-","-","-",""
"./html/agencies/bureau-of-ocean-energy-management/index.html","css","/sites/default/files/css/css__7_lnIX5SUimudYZT0iqhhe0r5Ev1QE4En7-BEPHMeY.css","-","-","en","usagov","eJwdykEOwCAIBMAP2fIkg5EQEtDDqo2_b-tlToONIUGFIWmCtS9S74X9wthuTdMyeUDHO3qdfmLmGtbynwQUXy0vYCIdnw","delta=0&language=en&theme=usagov&include=eJwdykEOwCAIBMAP2fIkg5EQEtDDqo2_b-tlToONIUGFIWmCtS9S74X9wthuTdMyeUDHO3qdfmLmGtbynwQUXy0vYCIdnw"
"./html/agencies/bureau-of-ocean-energy-management/index.html","css","/sites/default/files/css/css_h8MbvwzFoPHon25psxDvs_qWZKIaWznJGeScqw5abGU.css","-","1","en","usagov","eJwdykEOwCAIBMAP2fIkg5EQEtDDqo2_b-tlToONIUGFIWmCtS9S74X9wthuTdMyeUDHO3qdfmLmGtbynwQUXy0vYCIdnw","delta=1&language=en&theme=usagov&include=eJwdykEOwCAIBMAP2fIkg5EQEtDDqo2_b-tlToONIUGFIWmCtS9S74X9wthuTdMyeUDHO3qdfmLmGtbynwQUXy0vYCIdnw"
"./html/agencies/bureau-of-ocean-energy-management/index.html","js","/themes/custom/usagov/scripts/newFooter.js","-","-","-","-","-",""
"./html/agencies/bureau-of-ocean-energy-management/index.html","js","/sites/default/files/js/js_sJY3bzJs3jirGGaSNreFUENeOZtDcSGccrkIaQj9Xmc.js","footer","-","en","usagov","eJx1jUEOwzAIBD8Ux09CBFPXrQMR4FT9fa3k3OPO7GqHY9Uz164b9uTx7U3qMi4KoQcInq1iNBXYWUb-r-Dlc_gpDvTm0kINmgRXuyr5VkikVmZeH6bTSlkm4Ey6Hyos4ev9kJIzGj03tB9w0UIH","scope=footer&delta=0&language=en&theme=usagov&include=eJx1jUEOwzAIBD8Ux09CBFPXrQMR4FT9fa3k3OPO7GqHY9Uz164b9uTx7U3qMi4KoQcInq1iNBXYWUb-r-Dlc_gpDvTm0kINmgRXuyr5VkikVmZeH6bTSlkm4Ey6Hyos4ev9kJIzGj03tB9w0UIH"
"./html/agencies/bureau-of-ocean-energy-management/index.html","js","/modules/contrib/uswds_ckeditor_integration/js/aftermarket/uswds_accordion.js","-","-","-","-","-","sqrdwl"
"./html/agencies/bureau-of-ocean-energy-management/index.html","js","/sites/default/files/js/js_JxNk0XijPRI5QYwn5XlgSWW1Bx0YJQ3HYOHPIZ4Crx4.js","footer","2","en","usagov","eJx1jUEOwzAIBD8Ux09CBFPXrQMR4FT9fa3k3OPO7GqHY9Uz164b9uTx7U3qMi4KoQcInq1iNBXYWUb-r-Dlc_gpDvTm0kINmgRXuyr5VkikVmZeH6bTSlkm4Ey6Hyos4ev9kJIzGj03tB9w0UIH","scope=footer&delta=2&language=en&theme=usagov&include=eJx1jUEOwzAIBD8Ux09CBFPXrQMR4FT9fa3k3OPO7GqHY9Uz164b9uTx7U3qMi4KoQcInq1iNBXYWUb-r-Dlc_gpDvTm0kINmgRXuyr5VkikVmZeH6bTSlkm4Ey6Hyos4ev9kJIzGj03tB9w0UIH"
"./html/agencies/bureau-of-ocean-energy-management/index.html","js","/themes/custom/usagov/scripts/modifyMobileNav.js","-","-","-","-","-",""
"./html/agencies/bureau-of-reclamation/index.html","css","/sites/default/files/css/css__7_lnIX5SUimudYZT0iqhhe0r5Ev1QE4En7-BEPHMeY.css","-","-","en","usagov","eJwdykEOwCAIBMAP2fIkg5EQEtDDqo2_b-tlToONIUGFIWmCtS9S74X9wthuTdMyeUDHO3qdfmLmGtbynwQUXy0vYCIdnw","delta=0&language=en&theme=usagov&include=eJwdykEOwCAIBMAP2fIkg5EQEtDDqo2_b-tlToONIUGFIWmCtS9S74X9wthuTdMyeUDHO3qdfmLmGtbynwQUXy0vYCIdnw"
"./html/agencies/bureau-of-reclamation/index.html","css","/sites/default/files/css/css_h8MbvwzFoPHon25psxDvs_qWZKIaWznJGeScqw5abGU.css","-","1","en","usagov","eJwdykEOwCAIBMAP2fIkg5EQEtDDqo2_b-tlToONIUGFIWmCtS9S74X9wthuTdMyeUDHO3qdfmLmGtbynwQUXy0vYCIdnw","delta=1&language=en&theme=usagov&include=eJwdykEOwCAIBMAP2fIkg5EQEtDDqo2_b-tlToONIUGFIWmCtS9S74X9wthuTdMyeUDHO3qdfmLmGtbynwQUXy0vYCIdnw"
"./html/agencies/bureau-of-reclamation/index.html","js","/themes/custom/usagov/scripts/newFooter.js","-","-","-","-","-",""
"./html/agencies/bureau-of-reclamation/index.html","js","/sites/default/files/js/js_sJY3bzJs3jirGGaSNreFUENeOZtDcSGccrkIaQj9Xmc.js","footer","-","en","usagov","eJx1jUEOwzAIBD8Ux09CBFPXrQMR4FT9fa3k3OPO7GqHY9Uz164b9uTx7U3qMi4KoQcInq1iNBXYWUb-r-Dlc_gpDvTm0kINmgRXuyr5VkikVmZeH6bTSlkm4Ey6Hyos4ev9kJIzGj03tB9w0UIH","scope=footer&delta=0&language=en&theme=usagov&include=eJx1jUEOwzAIBD8Ux09CBFPXrQMR4FT9fa3k3OPO7GqHY9Uz164b9uTx7U3qMi4KoQcInq1iNBXYWUb-r-Dlc_gpDvTm0kINmgRXuyr5VkikVmZeH6bTSlkm4Ey6Hyos4ev9kJIzGj03tB9w0UIH"
"./html/agencies/bureau-of-reclamation/index.html","js","/modules/contrib/uswds_ckeditor_integration/js/aftermarket/uswds_accordion.js","-","-","-","-","-","sqrdwl"
"./html/agencies/bureau-of-reclamation/index.html","js","/sites/default/files/js/js_JxNk0XijPRI5QYwn5XlgSWW1Bx0YJQ3HYOHPIZ4Crx4.js","footer","2","en","usagov","eJx1jUEOwzAIBD8Ux09CBFPXrQMR4FT9fa3k3OPO7GqHY9Uz164b9uTx7U3qMi4KoQcInq1iNBXYWUb-r-Dlc_gpDvTm0kINmgRXuyr5VkikVmZeH6bTSlkm4Ey6Hyos4ev9kJIzGj03tB9w0UIH","scope=footer&delta=2&language=en&theme=usagov&include=eJx1jUEOwzAIBD8Ux09CBFPXrQMR4FT9fa3k3OPO7GqHY9Uz164b9uTx7U3qMi4KoQcInq1iNBXYWUb-r-Dlc_gpDvTm0kINmgRXuyr5VkikVmZeH6bTSlkm4Ey6Hyos4ev9kJIzGj03tB9w0UIH"
"./html/agencies/bureau-of-reclamation/index.html","js","/themes/custom/usagov/scripts/modifyMobileNav.js","-","-","-","-","-",""
"./html/agencies/bureau-of-safety-and-environmental-enforcement/index.html","css","/sites/default/files/css/css__7_lnIX5SUimudYZT0iqhhe0r5Ev1QE4En7-BEPHMeY.css","-","-","en","usagov","eJwdykEOwCAIBMAP2fIkg5EQEtDDqo2_b-tlToONIUGFIWmCtS9S74X9wthuTdMyeUDHO3qdfmLmGtbynwQUXy0vYCIdnw","delta=0&language=en&theme=usagov&include=eJwdykEOwCAIBMAP2fIkg5EQEtDDqo2_b-tlToONIUGFIWmCtS9S74X9wthuTdMyeUDHO3qdfmLmGtbynwQUXy0vYCIdnw"
"./html/agencies/bureau-of-safety-and-environmental-enforcement/index.html","css","/sites/default/files/css/css_h8MbvwzFoPHon25psxDvs_qWZKIaWznJGeScqw5abGU.css","-","1","en","usagov","eJwdykEOwCAIBMAP2fIkg5EQEtDDqo2_b-tlToONIUGFIWmCtS9S74X9wthuTdMyeUDHO3qdfmLmGtbynwQUXy0vYCIdnw","delta=1&language=en&theme=usagov&include=eJwdykEOwCAIBMAP2fIkg5EQEtDDqo2_b-tlToONIUGFIWmCtS9S74X9wthuTdMyeUDHO3qdfmLmGtbynwQUXy0vYCIdnw"
"./html/agencies/bureau-of-safety-and-environmental-enforcement/index.html","js","/themes/custom/usagov/scripts/newFooter.js","-","-","-","-","-",""
"./html/agencies/bureau-of-safety-and-environmental-enforcement/index.html","js","/sites/default/files/js/js_sJY3bzJs3jirGGaSNreFUENeOZtDcSGccrkIaQj9Xmc.js","footer","-","en","usagov","eJx1jUEOwzAIBD8Ux09CBFPXrQMR4FT9fa3k3OPO7GqHY9Uz164b9uTx7U3qMi4KoQcInq1iNBXYWUb-r-Dlc_gpDvTm0kINmgRXuyr5VkikVmZeH6bTSlkm4Ey6Hyos4ev9kJIzGj03tB9w0UIH","scope=footer&delta=0&language=en&theme=usagov&include=eJx1jUEOwzAIBD8Ux09CBFPXrQMR4FT9fa3k3OPO7GqHY9Uz164b9uTx7U3qMi4KoQcInq1iNBXYWUb-r-Dlc_gpDvTm0kINmgRXuyr5VkikVmZeH6bTSlkm4Ey6Hyos4ev9kJIzGj03tB9w0UIH"
"./html/agencies/bureau-of-safety-and-environmental-enforcement/index.html","js","/modules/contrib/uswds_ckeditor_integration/js/aftermarket/uswds_accordion.js","-","-","-","-","-","sqrdwl"
"./html/agencies/bureau-of-safety-and-environmental-enforcement/index.html","js","/sites/default/files/js/js_JxNk0XijPRI5QYwn5XlgSWW1Bx0YJQ3HYOHPIZ4Crx4.js","footer","2","en","usagov","eJx1jUEOwzAIBD8Ux09CBFPXrQMR4FT9fa3k3OPO7GqHY9Uz164b9uTx7U3qMi4KoQcInq1iNBXYWUb-r-Dlc_gpDvTm0kINmgRXuyr5VkikVmZeH6bTSlkm4Ey6Hyos4ev9kJIzGj03tB9w0UIH","scope=footer&delta=2&language=en&theme=usagov&include=eJx1jUEOwzAIBD8Ux09CBFPXrQMR4FT9fa3k3OPO7GqHY9Uz164b9uTx7U3qMi4KoQcInq1iNBXYWUb-r-Dlc_gpDvTm0kINmgRXuyr5VkikVmZeH6bTSlkm4Ey6Hyos4ev9kJIzGj03tB9w0UIH"
"./html/agencies/bureau-of-safety-and-environmental-enforcement/index.html","js","/themes/custom/usagov/scripts/modifyMobileNav.js","-","-","-","-","-",""
"./html/agencies/bureau-of-the-fiscal-service/index.html","css","/sites/default/files/css/css__7_lnIX5SUimudYZT0iqhhe0r5Ev1QE4En7-BEPHMeY.css","-","-","en","usagov","eJwdykEOwCAIBMAP2fIkg5EQEtDDqo2_b-tlToONIUGFIWmCtS9S74X9wthuTdMyeUDHO3qdfmLmGtbynwQUXy0vYCIdnw","delta=0&language=en&theme=usagov&include=eJwdykEOwCAIBMAP2fIkg5EQEtDDqo2_b-tlToONIUGFIWmCtS9S74X9wthuTdMyeUDHO3qdfmLmGtbynwQUXy0vYCIdnw"
"./html/agencies/bureau-of-the-fiscal-service/index.html","css","/sites/default/files/css/css_h8MbvwzFoPHon25psxDvs_qWZKIaWznJGeScqw5abGU.css","-","1","en","usagov","eJwdykEOwCAIBMAP2fIkg5EQEtDDqo2_b-tlToONIUGFIWmCtS9S74X9wthuTdMyeUDHO3qdfmLmGtbynwQUXy0vYCIdnw","delta=1&language=en&theme=usagov&include=eJwdykEOwCAIBMAP2fIkg5EQEtDDqo2_b-tlToONIUGFIWmCtS9S74X9wthuTdMyeUDHO3qdfmLmGtbynwQUXy0vYCIdnw"
"./html/agencies/bureau-of-the-fiscal-service/index.html","js","/themes/custom/usagov/scripts/newFooter.js","-","-","-","-","-",""
"./html/agencies/bureau-of-the-fiscal-service/index.html","js","/sites/default/files/js/js_sJY3bzJs3jirGGaSNreFUENeOZtDcSGccrkIaQj9Xmc.js","footer","-","en","usagov","eJx1jUEOwzAIBD8Ux09CBFPXrQMR4FT9fa3k3OPO7GqHY9Uz164b9uTx7U3qMi4KoQcInq1iNBXYWUb-r-Dlc_gpDvTm0kINmgRXuyr5VkikVmZeH6bTSlkm4Ey6Hyos4ev9kJIzGj03tB9w0UIH","scope=footer&delta=0&language=en&theme=usagov&include=eJx1jUEOwzAIBD8Ux09CBFPXrQMR4FT9fa3k3OPO7GqHY9Uz164b9uTx7U3qMi4KoQcInq1iNBXYWUb-r-Dlc_gpDvTm0kINmgRXuyr5VkikVmZeH6bTSlkm4Ey6Hyos4ev9kJIzGj03tB9w0UIH"
"./html/agencies/bureau-of-the-fiscal-service/index.html","js","/modules/contrib/uswds_ckeditor_integration/js/aftermarket/uswds_accordion.js","-","-","-","-","-","sqrdwl"
"./html/agencies/bureau-of-the-fiscal-service/index.html","js","/sites/default/files/js/js_JxNk0XijPRI5QYwn5XlgSWW1Bx0YJQ3HYOHPIZ4Crx4.js","footer","2","en","usagov","eJx1jUEOwzAIBD8Ux09CBFPXrQMR4FT9fa3k3OPO7GqHY9Uz164b9uTx7U3qMi4KoQcInq1iNBXYWUb-r-Dlc_gpDvTm0kINmgRXuyr5VkikVmZeH6bTSlkm4Ey6Hyos4ev9kJIzGj03tB9w0UIH","scope=footer&delta=2&language=en&theme=usagov&include=eJx1jUEOwzAIBD8Ux09CBFPXrQMR4FT9fa3k3OPO7GqHY9Uz164b9uTx7U3qMi4KoQcInq1iNBXYWUb-r-Dlc_gpDvTm0kINmgRXuyr5VkikVmZeH6bTSlkm4Ey6Hyos4ev9kJIzGj03tB9w0UIH"
"./html/agencies/bureau-of-the-fiscal-service/index.html","js","/themes/custom/usagov/scripts/modifyMobileNav.js","-","-","-","-","-",""
"./html/agencies/bureau-of-transportation-statistics/index.html","css","/sites/default/files/css/css__7_lnIX5SUimudYZT0iqhhe0r5Ev1QE4En7-BEPHMeY.css","-","-","en","usagov","eJwdykEOwCAIBMAP2fIkg5EQEtDDqo2_b-tlToONIUGFIWmCtS9S74X9wthuTdMyeUDHO3qdfmLmGtbynwQUXy0vYCIdnw","delta=0&language=en&theme=usagov&include=eJwdykEOwCAIBMAP2fIkg5EQEtDDqo2_b-tlToONIUGFIWmCtS9S74X9wthuTdMyeUDHO3qdfmLmGtbynwQUXy0vYCIdnw"
"./html/agencies/bureau-of-transportation-statistics/index.html","css","/sites/default/files/css/css_h8MbvwzFoPHon25psxDvs_qWZKIaWznJGeScqw5abGU.css","-","1","en","usagov","eJwdykEOwCAIBMAP2fIkg5EQEtDDqo2_b-tlToONIUGFIWmCtS9S74X9wthuTdMyeUDHO3qdfmLmGtbynwQUXy0vYCIdnw","delta=1&language=en&theme=usagov&include=eJwdykEOwCAIBMAP2fIkg5EQEtDDqo2_b-tlToONIUGFIWmCtS9S74X9wthuTdMyeUDHO3qdfmLmGtbynwQUXy0vYCIdnw"
"./html/agencies/bureau-of-transportation-statistics/index.html","js","/themes/custom/usagov/scripts/newFooter.js","-","-","-","-","-",""
"./html/agencies/bureau-of-transportation-statistics/index.html","js","/sites/default/files/js/js_sJY3bzJs3jirGGaSNreFUENeOZtDcSGccrkIaQj9Xmc.js","footer","-","en","usagov","eJx1jUEOwzAIBD8Ux09CBFPXrQMR4FT9fa3k3OPO7GqHY9Uz164b9uTx7U3qMi4KoQcInq1iNBXYWUb-r-Dlc_gpDvTm0kINmgRXuyr5VkikVmZeH6bTSlkm4Ey6Hyos4ev9kJIzGj03tB9w0UIH","scope=footer&delta=0&language=en&theme=usagov&include=eJx1jUEOwzAIBD8Ux09CBFPXrQMR4FT9fa3k3OPO7GqHY9Uz164b9uTx7U3qMi4KoQcInq1iNBXYWUb-r-Dlc_gpDvTm0kINmgRXuyr5VkikVmZeH6bTSlkm4Ey6Hyos4ev9kJIzGj03tB9w0UIH"
"./html/agencies/bureau-of-transportation-statistics/index.html","js","/modules/contrib/uswds_ckeditor_integration/js/aftermarket/uswds_accordion.js","-","-","-","-","-","sqrdwl"
"./html/agencies/bureau-of-transportation-statistics/index.html","js","/sites/default/files/js/js_JxNk0XijPRI5QYwn5XlgSWW1Bx0YJQ3HYOHPIZ4Crx4.js","footer","2","en","usagov","eJx1jUEOwzAIBD8Ux09CBFPXrQMR4FT9fa3k3OPO7GqHY9Uz164b9uTx7U3qMi4KoQcInq1iNBXYWUb-r-Dlc_gpDvTm0kINmgRXuyr5VkikVmZeH6bTSlkm4Ey6Hyos4ev9kJIzGj03tB9w0UIH","scope=footer&delta=2&language=en&theme=usagov&include=eJx1jUEOwzAIBD8Ux09CBFPXrQMR4FT9fa3k3OPO7GqHY9Uz164b9uTx7U3qMi4KoQcInq1iNBXYWUb-r-Dlc_gpDvTm0kINmgRXuyr5VkikVmZeH6bTSlkm4Ey6Hyos4ev9kJIzGj03tB9w0UIH"
"./html/agencies/bureau-of-transportation-statistics/index.html","js","/themes/custom/usagov/scripts/modifyMobileNav.js","-","-","-","-","-",""
"./html/agencies/center-for-food-safety-and-applied-nutrition/index.html","css","/sites/default/files/css/css__7_lnIX5SUimudYZT0iqhhe0r5Ev1QE4En7-BEPHMeY.css","-","-","en","usagov","eJwdykEOwCAIBMAP2fIkg5EQEtDDqo2_b-tlToONIUGFIWmCtS9S74X9wthuTdMyeUDHO3qdfmLmGtbynwQUXy0vYCIdnw","delta=0&language=en&theme=usagov&include=eJwdykEOwCAIBMAP2fIkg5EQEtDDqo2_b-tlToONIUGFIWmCtS9S74X9wthuTdMyeUDHO3qdfmLmGtbynwQUXy0vYCIdnw"
"./html/agencies/center-for-food-safety-and-applied-nutrition/index.html","css","/sites/default/files/css/css_h8MbvwzFoPHon25psxDvs_qWZKIaWznJGeScqw5abGU.css","-","1","en","usagov","eJwdykEOwCAIBMAP2fIkg5EQEtDDqo2_b-tlToONIUGFIWmCtS9S74X9wthuTdMyeUDHO3qdfmLmGtbynwQUXy0vYCIdnw","delta=1&language=en&theme=usagov&include=eJwdykEOwCAIBMAP2fIkg5EQEtDDqo2_b-tlToONIUGFIWmCtS9S74X9wthuTdMyeUDHO3qdfmLmGtbynwQUXy0vYCIdnw"
"./html/agencies/center-for-food-safety-and-applied-nutrition/index.html","js","/themes/custom/usagov/scripts/newFooter.js","-","-","-","-","-",""
"./html/agencies/center-for-food-safety-and-applied-nutrition/index.html","js","/sites/default/files/js/js_sJY3bzJs3jirGGaSNreFUENeOZtDcSGccrkIaQj9Xmc.js","footer","-","en","usagov","eJx1jUEOwzAIBD8Ux09CBFPXrQMR4FT9fa3k3OPO7GqHY9Uz164b9uTx7U3qMi4KoQcInq1iNBXYWUb-r-Dlc_gpDvTm0kINmgRXuyr5VkikVmZeH6bTSlkm4Ey6Hyos4ev9kJIzGj03tB9w0UIH","scope=footer&delta=0&language=en&theme=usagov&include=eJx1jUEOwzAIBD8Ux09CBFPXrQMR4FT9fa3k3OPO7GqHY9Uz164b9uTx7U3qMi4KoQcInq1iNBXYWUb-r-Dlc_gpDvTm0kINmgRXuyr5VkikVmZeH6bTSlkm4Ey6Hyos4ev9kJIzGj03tB9w0UIH"
"./html/agencies/center-for-food-safety-and-applied-nutrition/index.html","js","/modules/contrib/uswds_ckeditor_integration/js/aftermarket/uswds_accordion.js","-","-","-","-","-","sqrdwl"
"./html/agencies/center-for-food-safety-and-applied-nutrition/index.html","js","/sites/default/files/js/js_JxNk0XijPRI5QYwn5XlgSWW1Bx0YJQ3HYOHPIZ4Crx4.js","footer","2","en","usagov","eJx1jUEOwzAIBD8Ux09CBFPXrQMR4FT9fa3k3OPO7GqHY9Uz164b9uTx7U3qMi4KoQcInq1iNBXYWUb-r-Dlc_gpDvTm0kINmgRXuyr5VkikVmZeH6bTSlkm4Ey6Hyos4ev9kJIzGj03tB9w0UIH","scope=footer&delta=2&language=en&theme=usagov&include=eJx1jUEOwzAIBD8Ux09CBFPXrQMR4FT9fa3k3OPO7GqHY9Uz164b9uTx7U3qMi4KoQcInq1iNBXYWUb-r-Dlc_gpDvTm0kINmgRXuyr5VkikVmZeH6bTSlkm4Ey6Hyos4ev9kJIzGj03tB9w0UIH"
"./html/agencies/center-for-food-safety-and-applied-nutrition/index.html","js","/themes/custom/usagov/scripts/modifyMobileNav.js","-","-","-","-","-",""
"./html/agencies/center-for-nutrition-policy-and-promotion/index.html","css","/sites/default/files/css/css__7_lnIX5SUimudYZT0iqhhe0r5Ev1QE4En7-BEPHMeY.css","-","-","en","usagov","eJwdykEOwCAIBMAP2fIkg5EQEtDDqo2_b-tlToONIUGFIWmCtS9S74X9wthuTdMyeUDHO3qdfmLmGtbynwQUXy0vYCIdnw","delta=0&language=en&theme=usagov&include=eJwdykEOwCAIBMAP2fIkg5EQEtDDqo2_b-tlToONIUGFIWmCtS9S74X9wthuTdMyeUDHO3qdfmLmGtbynwQUXy0vYCIdnw"
"./html/agencies/center-for-nutrition-policy-and-promotion/index.html","css","/sites/default/files/css/css_h8MbvwzFoPHon25psxDvs_qWZKIaWznJGeScqw5abGU.css","-","1","en","usagov","eJwdykEOwCAIBMAP2fIkg5EQEtDDqo2_b-tlToONIUGFIWmCtS9S74X9wthuTdMyeUDHO3qdfmLmGtbynwQUXy0vYCIdnw","delta=1&language=en&theme=usagov&include=eJwdykEOwCAIBMAP2fIkg5EQEtDDqo2_b-tlToONIUGFIWmCtS9S74X9wthuTdMyeUDHO3qdfmLmGtbynwQUXy0vYCIdnw"
"./html/agencies/center-for-nutrition-policy-and-promotion/index.html","js","/themes/custom/usagov/scripts/newFooter.js","-","-","-","-","-",""
"./html/agencies/center-for-nutrition-policy-and-promotion/index.html","js","/sites/default/files/js/js_sJY3bzJs3jirGGaSNreFUENeOZtDcSGccrkIaQj9Xmc.js","footer","-","en","usagov","eJx1jUEOwzAIBD8Ux09CBFPXrQMR4FT9fa3k3OPO7GqHY9Uz164b9uTx7U3qMi4KoQcInq1iNBXYWUb-r-Dlc_gpDvTm0kINmgRXuyr5VkikVmZeH6bTSlkm4Ey6Hyos4ev9kJIzGj03tB9w0UIH","scope=footer&delta=0&language=en&theme=usagov&include=eJx1jUEOwzAIBD8Ux09CBFPXrQMR4FT9fa3k3OPO7GqHY9Uz164b9uTx7U3qMi4KoQcInq1iNBXYWUb-r-Dlc_gpDvTm0kINmgRXuyr5VkikVmZeH6bTSlkm4Ey6Hyos4ev9kJIzGj03tB9w0UIH"
"./html/agencies/center-for-nutrition-policy-and-promotion/index.html","js","/modules/contrib/uswds_ckeditor_integration/js/aftermarket/uswds_accordion.js","-","-","-","-","-","sqrdwl"
"./html/agencies/center-for-nutrition-policy-and-promotion/index.html","js","/sites/default/files/js/js_JxNk0XijPRI5QYwn5XlgSWW1Bx0YJQ3HYOHPIZ4Crx4.js","footer","2","en","usagov","eJx1jUEOwzAIBD8Ux09CBFPXrQMR4FT9fa3k3OPO7GqHY9Uz164b9uTx7U3qMi4KoQcInq1iNBXYWUb-r-Dlc_gpDvTm0kINmgRXuyr5VkikVmZeH6bTSlkm4Ey6Hyos4ev9kJIzGj03tB9w0UIH","scope=footer&delta=2&language=en&theme=usagov&include=eJx1jUEOwzAIBD8Ux09CBFPXrQMR4FT9fa3k3OPO7GqHY9Uz164b9uTx7U3qMi4KoQcInq1iNBXYWUb-r-Dlc_gpDvTm0kINmgRXuyr5VkikVmZeH6bTSlkm4Ey6Hyos4ev9kJIzGj03tB9w0UIH"
"./html/agencies/center-for-nutrition-policy-and-promotion/index.html","js","/themes/custom/usagov/scripts/modifyMobileNav.js","-","-","-","-","-",""
"./html/agencies/center-for-parent-information-and-resources/index.html","css","/sites/default/files/css/css__7_lnIX5SUimudYZT0iqhhe0r5Ev1QE4En7-BEPHMeY.css","-","-","en","usagov","eJwdykEOwCAIBMAP2fIkg5EQEtDDqo2_b-tlToONIUGFIWmCtS9S74X9wthuTdMyeUDHO3qdfmLmGtbynwQUXy0vYCIdnw","delta=0&language=en&theme=usagov&include=eJwdykEOwCAIBMAP2fIkg5EQEtDDqo2_b-tlToONIUGFIWmCtS9S74X9wthuTdMyeUDHO3qdfmLmGtbynwQUXy0vYCIdnw"
"./html/agencies/center-for-parent-information-and-resources/index.html","css","/sites/default/files/css/css_h8MbvwzFoPHon25psxDvs_qWZKIaWznJGeScqw5abGU.css","-","1","en","usagov","eJwdykEOwCAIBMAP2fIkg5EQEtDDqo2_b-tlToONIUGFIWmCtS9S74X9wthuTdMyeUDHO3qdfmLmGtbynwQUXy0vYCIdnw","delta=1&language=en&theme=usagov&include=eJwdykEOwCAIBMAP2fIkg5EQEtDDqo2_b-tlToONIUGFIWmCtS9S74X9wthuTdMyeUDHO3qdfmLmGtbynwQUXy0vYCIdnw"
"./html/agencies/center-for-parent-information-and-resources/index.html","js","/themes/custom/usagov/scripts/newFooter.js","-","-","-","-","-",""
"./html/agencies/center-for-parent-information-and-resources/index.html","js","/sites/default/files/js/js_sJY3bzJs3jirGGaSNreFUENeOZtDcSGccrkIaQj9Xmc.js","footer","-","en","usagov","eJx1jUEOwzAIBD8Ux09CBFPXrQMR4FT9fa3k3OPO7GqHY9Uz164b9uTx7U3qMi4KoQcInq1iNBXYWUb-r-Dlc_gpDvTm0kINmgRXuyr5VkikVmZeH6bTSlkm4Ey6Hyos4ev9kJIzGj03tB9w0UIH","scope=footer&delta=0&language=en&theme=usagov&include=eJx1jUEOwzAIBD8Ux09CBFPXrQMR4FT9fa3k3OPO7GqHY9Uz164b9uTx7U3qMi4KoQcInq1iNBXYWUb-r-Dlc_gpDvTm0kINmgRXuyr5VkikVmZeH6bTSlkm4Ey6Hyos4ev9kJIzGj03tB9w0UIH"
"./html/agencies/center-for-parent-information-and-resources/index.html","js","/modules/contrib/uswds_ckeditor_integration/js/aftermarket/uswds_accordion.js","-","-","-","-","-","sqrdwl"
"./html/agencies/center-for-parent-information-and-resources/index.html","js","/sites/default/files/js/js_JxNk0XijPRI5QYwn5XlgSWW1Bx0YJQ3HYOHPIZ4Crx4.js","footer","2","en","usagov","eJx1jUEOwzAIBD8Ux09CBFPXrQMR4FT9fa3k3OPO7GqHY9Uz164b9uTx7U3qMi4KoQcInq1iNBXYWUb-r-Dlc_gpDvTm0kINmgRXuyr5VkikVmZeH6bTSlkm4Ey6Hyos4ev9kJIzGj03tB9w0UIH","scope=footer&delta=2&language=en&theme=usagov&include=eJx1jUEOwzAIBD8Ux09CBFPXrQMR4FT9fa3k3OPO7GqHY9Uz164b9uTx7U3qMi4KoQcInq1iNBXYWUb-r-Dlc_gpDvTm0kINmgRXuyr5VkikVmZeH6bTSlkm4Ey6Hyos4ev9kJIzGj03tB9w0UIH"
"./html/agencies/center-for-parent-information-and-resources/index.html","js","/themes/custom/usagov/scripts/modifyMobileNav.js","-","-","-","-","-",""
"./html/agencies/centers-for-disease-control-and-prevention/index.html","css","/sites/default/files/css/css__7_lnIX5SUimudYZT0iqhhe0r5Ev1QE4En7-BEPHMeY.css","-","-","en","usagov","eJwdykEOwCAIBMAP2fIkg5EQEtDDqo2_b-tlToONIUGFIWmCtS9S74X9wthuTdMyeUDHO3qdfmLmGtbynwQUXy0vYCIdnw","delta=0&language=en&theme=usagov&include=eJwdykEOwCAIBMAP2fIkg5EQEtDDqo2_b-tlToONIUGFIWmCtS9S74X9wthuTdMyeUDHO3qdfmLmGtbynwQUXy0vYCIdnw"
"./html/agencies/centers-for-disease-control-and-prevention/index.html","css","/sites/default/files/css/css_h8MbvwzFoPHon25psxDvs_qWZKIaWznJGeScqw5abGU.css","-","1","en","usagov","eJwdykEOwCAIBMAP2fIkg5EQEtDDqo2_b-tlToONIUGFIWmCtS9S74X9wthuTdMyeUDHO3qdfmLmGtbynwQUXy0vYCIdnw","delta=1&language=en&theme=usagov&include=eJwdykEOwCAIBMAP2fIkg5EQEtDDqo2_b-tlToONIUGFIWmCtS9S74X9wthuTdMyeUDHO3qdfmLmGtbynwQUXy0vYCIdnw"
"./html/agencies/centers-for-disease-control-and-prevention/index.html","js","/themes/custom/usagov/scripts/newFooter.js","-","-","-","-","-",""
"./html/agencies/centers-for-disease-control-and-prevention/index.html","js","/sites/default/files/js/js_sJY3bzJs3jirGGaSNreFUENeOZtDcSGccrkIaQj9Xmc.js","footer","-","en","usagov","eJx1jUEOwzAIBD8Ux09CBFPXrQMR4FT9fa3k3OPO7GqHY9Uz164b9uTx7U3qMi4KoQcInq1iNBXYWUb-r-Dlc_gpDvTm0kINmgRXuyr5VkikVmZeH6bTSlkm4Ey6Hyos4ev9kJIzGj03tB9w0UIH","scope=footer&delta=0&language=en&theme=usagov&include=eJx1jUEOwzAIBD8Ux09CBFPXrQMR4FT9fa3k3OPO7GqHY9Uz164b9uTx7U3qMi4KoQcInq1iNBXYWUb-r-Dlc_gpDvTm0kINmgRXuyr5VkikVmZeH6bTSlkm4Ey6Hyos4ev9kJIzGj03tB9w0UIH"
"./html/agencies/centers-for-disease-control-and-prevention/index.html","js","/modules/contrib/uswds_ckeditor_integration/js/aftermarket/uswds_accordion.js","-","-","-","-","-","sqrdwl"
"./html/agencies/centers-for-disease-control-and-prevention/index.html","js","/sites/default/files/js/js_JxNk0XijPRI5QYwn5XlgSWW1Bx0YJQ3HYOHPIZ4Crx4.js","footer","2","en","usagov","eJx1jUEOwzAIBD8Ux09CBFPXrQMR4FT9fa3k3OPO7GqHY9Uz164b9uTx7U3qMi4KoQcInq1iNBXYWUb-r-Dlc_gpDvTm0kINmgRXuyr5VkikVmZeH6bTSlkm4Ey6Hyos4ev9kJIzGj03tB9w0UIH","scope=footer&delta=2&language=en&theme=usagov&include=eJx1jUEOwzAIBD8Ux09CBFPXrQMR4FT9fa3k3OPO7GqHY9Uz164b9uTx7U3qMi4KoQcInq1iNBXYWUb-r-Dlc_gpDvTm0kINmgRXuyr5VkikVmZeH6bTSlkm4Ey6Hyos4ev9kJIzGj03tB9w0UIH"
"./html/agencies/centers-for-disease-control-and-prevention/index.html","js","/themes/custom/usagov/scripts/modifyMobileNav.js","-","-","-","-","-",""
"./html/agencies/centers-for-medicare-and-medicaid-services/index.html","css","/sites/default/files/css/css__7_lnIX5SUimudYZT0iqhhe0r5Ev1QE4En7-BEPHMeY.css","-","-","en","usagov","eJwdykEOwCAIBMAP2fIkg5EQEtDDqo2_b-tlToONIUGFIWmCtS9S74X9wthuTdMyeUDHO3qdfmLmGtbynwQUXy0vYCIdnw","delta=0&language=en&theme=usagov&include=eJwdykEOwCAIBMAP2fIkg5EQEtDDqo2_b-tlToONIUGFIWmCtS9S74X9wthuTdMyeUDHO3qdfmLmGtbynwQUXy0vYCIdnw"
"./html/agencies/centers-for-medicare-and-medicaid-services/index.html","css","/sites/default/files/css/css_h8MbvwzFoPHon25psxDvs_qWZKIaWznJGeScqw5abGU.css","-","1","en","usagov","eJwdykEOwCAIBMAP2fIkg5EQEtDDqo2_b-tlToONIUGFIWmCtS9S74X9wthuTdMyeUDHO3qdfmLmGtbynwQUXy0vYCIdnw","delta=1&language=en&theme=usagov&include=eJwdykEOwCAIBMAP2fIkg5EQEtDDqo2_b-tlToONIUGFIWmCtS9S74X9wthuTdMyeUDHO3qdfmLmGtbynwQUXy0vYCIdnw"
"./html/agencies/centers-for-medicare-and-medicaid-services/index.html","js","/themes/custom/usagov/scripts/newFooter.js","-","-","-","-","-",""
"./html/agencies/centers-for-medicare-and-medicaid-services/index.html","js","/sites/default/files/js/js_sJY3bzJs3jirGGaSNreFUENeOZtDcSGccrkIaQj9Xmc.js","footer","-","en","usagov","eJx1jUEOwzAIBD8Ux09CBFPXrQMR4FT9fa3k3OPO7GqHY9Uz164b9uTx7U3qMi4KoQcInq1iNBXYWUb-r-Dlc_gpDvTm0kINmgRXuyr5VkikVmZeH6bTSlkm4Ey6Hyos4ev9kJIzGj03tB9w0UIH","scope=footer&delta=0&language=en&theme=usagov&include=eJx1jUEOwzAIBD8Ux09CBFPXrQMR4FT9fa3k3OPO7GqHY9Uz164b9uTx7U3qMi4KoQcInq1iNBXYWUb-r-Dlc_gpDvTm0kINmgRXuyr5VkikVmZeH6bTSlkm4Ey6Hyos4ev9kJIzGj03tB9w0UIH"
"./html/agencies/centers-for-medicare-and-medicaid-services/index.html","js","/modules/contrib/uswds_ckeditor_integration/js/aftermarket/uswds_accordion.js","-","-","-","-","-","sqrdwl"
"./html/agencies/centers-for-medicare-and-medicaid-services/index.html","js","/sites/default/files/js/js_JxNk0XijPRI5QYwn5XlgSWW1Bx0YJQ3HYOHPIZ4Crx4.js","footer","2","en","usagov","eJx1jUEOwzAIBD8Ux09CBFPXrQMR4FT9fa3k3OPO7GqHY9Uz164b9uTx7U3qMi4KoQcInq1iNBXYWUb-r-Dlc_gpDvTm0kINmgRXuyr5VkikVmZeH6bTSlkm4Ey6Hyos4ev9kJIzGj03tB9w0UIH","scope=footer&delta=2&language=en&theme=usagov&include=eJx1jUEOwzAIBD8Ux09CBFPXrQMR4FT9fa3k3OPO7GqHY9Uz164b9uTx7U3qMi4KoQcInq1iNBXYWUb-r-Dlc_gpDvTm0kINmgRXuyr5VkikVmZeH6bTSlkm4Ey6Hyos4ev9kJIzGj03tB9w0UIH"
"./html/agencies/centers-for-medicare-and-medicaid-services/index.html","js","/themes/custom/usagov/scripts/modifyMobileNav.js","-","-","-","-","-",""
"./html/agencies/central-intelligence-agency/index.html","css","/sites/default/files/css/css__7_lnIX5SUimudYZT0iqhhe0r5Ev1QE4En7-BEPHMeY.css","-","-","en","usagov","eJwdykEOwCAIBMAP2fIkg5EQEtDDqo2_b-tlToONIUGFIWmCtS9S74X9wthuTdMyeUDHO3qdfmLmGtbynwQUXy0vYCIdnw","delta=0&language=en&theme=usagov&include=eJwdykEOwCAIBMAP2fIkg5EQEtDDqo2_b-tlToONIUGFIWmCtS9S74X9wthuTdMyeUDHO3qdfmLmGtbynwQUXy0vYCIdnw"
"./html/agencies/central-intelligence-agency/index.html","css","/sites/default/files/css/css_h8MbvwzFoPHon25psxDvs_qWZKIaWznJGeScqw5abGU.css","-","1","en","usagov","eJwdykEOwCAIBMAP2fIkg5EQEtDDqo2_b-tlToONIUGFIWmCtS9S74X9wthuTdMyeUDHO3qdfmLmGtbynwQUXy0vYCIdnw","delta=1&language=en&theme=usagov&include=eJwdykEOwCAIBMAP2fIkg5EQEtDDqo2_b-tlToONIUGFIWmCtS9S74X9wthuTdMyeUDHO3qdfmLmGtbynwQUXy0vYCIdnw"
"./html/agencies/central-intelligence-agency/index.html","js","/themes/custom/usagov/scripts/newFooter.js","-","-","-","-","-",""
"./html/agencies/central-intelligence-agency/index.html","js","/sites/default/files/js/js_sJY3bzJs3jirGGaSNreFUENeOZtDcSGccrkIaQj9Xmc.js","footer","-","en","usagov","eJx1jUEOwzAIBD8Ux09CBFPXrQMR4FT9fa3k3OPO7GqHY9Uz164b9uTx7U3qMi4KoQcInq1iNBXYWUb-r-Dlc_gpDvTm0kINmgRXuyr5VkikVmZeH6bTSlkm4Ey6Hyos4ev9kJIzGj03tB9w0UIH","scope=footer&delta=0&language=en&theme=usagov&include=eJx1jUEOwzAIBD8Ux09CBFPXrQMR4FT9fa3k3OPO7GqHY9Uz164b9uTx7U3qMi4KoQcInq1iNBXYWUb-r-Dlc_gpDvTm0kINmgRXuyr5VkikVmZeH6bTSlkm4Ey6Hyos4ev9kJIzGj03tB9w0UIH"
"./html/agencies/central-intelligence-agency/index.html","js","/modules/contrib/uswds_ckeditor_integration/js/aftermarket/uswds_accordion.js","-","-","-","-","-","sqrdwl"
"./html/agencies/central-intelligence-agency/index.html","js","/sites/default/files/js/js_JxNk0XijPRI5QYwn5XlgSWW1Bx0YJQ3HYOHPIZ4Crx4.js","footer","2","en","usagov","eJx1jUEOwzAIBD8Ux09CBFPXrQMR4FT9fa3k3OPO7GqHY9Uz164b9uTx7U3qMi4KoQcInq1iNBXYWUb-r-Dlc_gpDvTm0kINmgRXuyr5VkikVmZeH6bTSlkm4Ey6Hyos4ev9kJIzGj03tB9w0UIH","scope=footer&delta=2&language=en&theme=usagov&include=eJx1jUEOwzAIBD8Ux09CBFPXrQMR4FT9fa3k3OPO7GqHY9Uz164b9uTx7U3qMi4KoQcInq1iNBXYWUb-r-Dlc_gpDvTm0kINmgRXuyr5VkikVmZeH6bTSlkm4Ey6Hyos4ev9kJIzGj03tB9w0UIH"
"./html/agencies/central-intelligence-agency/index.html","js","/themes/custom/usagov/scripts/modifyMobileNav.js","-","-","-","-","-",""
"./html/agencies/chief-acquisition-officers-council/index.html","css","/sites/default/files/css/css__7_lnIX5SUimudYZT0iqhhe0r5Ev1QE4En7-BEPHMeY.css","-","-","en","usagov","eJwdykEOwCAIBMAP2fIkg5EQEtDDqo2_b-tlToONIUGFIWmCtS9S74X9wthuTdMyeUDHO3qdfmLmGtbynwQUXy0vYCIdnw","delta=0&language=en&theme=usagov&include=eJwdykEOwCAIBMAP2fIkg5EQEtDDqo2_b-tlToONIUGFIWmCtS9S74X9wthuTdMyeUDHO3qdfmLmGtbynwQUXy0vYCIdnw"
"./html/agencies/chief-acquisition-officers-council/index.html","css","/sites/default/files/css/css_h8MbvwzFoPHon25psxDvs_qWZKIaWznJGeScqw5abGU.css","-","1","en","usagov","eJwdykEOwCAIBMAP2fIkg5EQEtDDqo2_b-tlToONIUGFIWmCtS9S74X9wthuTdMyeUDHO3qdfmLmGtbynwQUXy0vYCIdnw","delta=1&language=en&theme=usagov&include=eJwdykEOwCAIBMAP2fIkg5EQEtDDqo2_b-tlToONIUGFIWmCtS9S74X9wthuTdMyeUDHO3qdfmLmGtbynwQUXy0vYCIdnw"
"./html/agencies/chief-acquisition-officers-council/index.html","js","/themes/custom/usagov/scripts/newFooter.js","-","-","-","-","-",""
"./html/agencies/chief-acquisition-officers-council/index.html","js","/sites/default/files/js/js_sJY3bzJs3jirGGaSNreFUENeOZtDcSGccrkIaQj9Xmc.js","footer","-","en","usagov","eJx1jUEOwzAIBD8Ux09CBFPXrQMR4FT9fa3k3OPO7GqHY9Uz164b9uTx7U3qMi4KoQcInq1iNBXYWUb-r-Dlc_gpDvTm0kINmgRXuyr5VkikVmZeH6bTSlkm4Ey6Hyos4ev9kJIzGj03tB9w0UIH","scope=footer&delta=0&language=en&theme=usagov&include=eJx1jUEOwzAIBD8Ux09CBFPXrQMR4FT9fa3k3OPO7GqHY9Uz164b9uTx7U3qMi4KoQcInq1iNBXYWUb-r-Dlc_gpDvTm0kINmgRXuyr5VkikVmZeH6bTSlkm4Ey6Hyos4ev9kJIzGj03tB9w0UIH"
"./html/agencies/chief-acquisition-officers-council/index.html","js","/modules/contrib/uswds_ckeditor_integration/js/aftermarket/uswds_accordion.js","-","-","-","-","-","sqrdwl"
"./html/agencies/chief-acquisition-officers-council/index.html","js","/sites/default/files/js/js_JxNk0XijPRI5QYwn5XlgSWW1Bx0YJQ3HYOHPIZ4Crx4.js","footer","2","en","usagov","eJx1jUEOwzAIBD8Ux09CBFPXrQMR4FT9fa3k3OPO7GqHY9Uz164b9uTx7U3qMi4KoQcInq1iNBXYWUb-r-Dlc_gpDvTm0kINmgRXuyr5VkikVmZeH6bTSlkm4Ey6Hyos4ev9kJIzGj03tB9w0UIH","scope=footer&delta=2&language=en&theme=usagov&include=eJx1jUEOwzAIBD8Ux09CBFPXrQMR4FT9fa3k3OPO7GqHY9Uz164b9uTx7U3qMi4KoQcInq1iNBXYWUb-r-Dlc_gpDvTm0kINmgRXuyr5VkikVmZeH6bTSlkm4Ey6Hyos4ev9kJIzGj03tB9w0UIH"
"./html/agencies/chief-acquisition-officers-council/index.html","js","/themes/custom/usagov/scripts/modifyMobileNav.js","-","-","-","-","-",""
"./html/agencies/chief-financial-officers-council/index.html","css","/sites/default/files/css/css__7_lnIX5SUimudYZT0iqhhe0r5Ev1QE4En7-BEPHMeY.css","-","-","en","usagov","eJwdykEOwCAIBMAP2fIkg5EQEtDDqo2_b-tlToONIUGFIWmCtS9S74X9wthuTdMyeUDHO3qdfmLmGtbynwQUXy0vYCIdnw","delta=0&language=en&theme=usagov&include=eJwdykEOwCAIBMAP2fIkg5EQEtDDqo2_b-tlToONIUGFIWmCtS9S74X9wthuTdMyeUDHO3qdfmLmGtbynwQUXy0vYCIdnw"
"./html/agencies/chief-financial-officers-council/index.html","css","/sites/default/files/css/css_h8MbvwzFoPHon25psxDvs_qWZKIaWznJGeScqw5abGU.css","-","1","en","usagov","eJwdykEOwCAIBMAP2fIkg5EQEtDDqo2_b-tlToONIUGFIWmCtS9S74X9wthuTdMyeUDHO3qdfmLmGtbynwQUXy0vYCIdnw","delta=1&language=en&theme=usagov&include=eJwdykEOwCAIBMAP2fIkg5EQEtDDqo2_b-tlToONIUGFIWmCtS9S74X9wthuTdMyeUDHO3qdfmLmGtbynwQUXy0vYCIdnw"
"./html/agencies/chief-financial-officers-council/index.html","js","/themes/custom/usagov/scripts/newFooter.js","-","-","-","-","-",""
"./html/agencies/chief-financial-officers-council/index.html","js","/sites/default/files/js/js_sJY3bzJs3jirGGaSNreFUENeOZtDcSGccrkIaQj9Xmc.js","footer","-","en","usagov","eJx1jUEOwzAIBD8Ux09CBFPXrQMR4FT9fa3k3OPO7GqHY9Uz164b9uTx7U3qMi4KoQcInq1iNBXYWUb-r-Dlc_gpDvTm0kINmgRXuyr5VkikVmZeH6bTSlkm4Ey6Hyos4ev9kJIzGj03tB9w0UIH","scope=footer&delta=0&language=en&theme=usagov&include=eJx1jUEOwzAIBD8Ux09CBFPXrQMR4FT9fa3k3OPO7GqHY9Uz164b9uTx7U3qMi4KoQcInq1iNBXYWUb-r-Dlc_gpDvTm0kINmgRXuyr5VkikVmZeH6bTSlkm4Ey6Hyos4ev9kJIzGj03tB9w0UIH"
"./html/agencies/chief-financial-officers-council/index.html","js","/modules/contrib/uswds_ckeditor_integration/js/aftermarket/uswds_accordion.js","-","-","-","-","-","sqrdwl"
"./html/agencies/chief-financial-officers-council/index.html","js","/sites/default/files/js/js_JxNk0XijPRI5QYwn5XlgSWW1Bx0YJQ3HYOHPIZ4Crx4.js","footer","2","en","usagov","eJx1jUEOwzAIBD8Ux09CBFPXrQMR4FT9fa3k3OPO7GqHY9Uz164b9uTx7U3qMi4KoQcInq1iNBXYWUb-r-Dlc_gpDvTm0kINmgRXuyr5VkikVmZeH6bTSlkm4Ey6Hyos4ev9kJIzGj03tB9w0UIH","scope=footer&delta=2&language=en&theme=usagov&include=eJx1jUEOwzAIBD8Ux09CBFPXrQMR4FT9fa3k3OPO7GqHY9Uz164b9uTx7U3qMi4KoQcInq1iNBXYWUb-r-Dlc_gpDvTm0kINmgRXuyr5VkikVmZeH6bTSlkm4Ey6Hyos4ev9kJIzGj03tB9w0UIH"
"./html/agencies/chief-financial-officers-council/index.html","js","/themes/custom/usagov/scripts/modifyMobileNav.js","-","-","-","-","-",""
"./html/agencies/chief-human-capital-officers-council/index.html","css","/sites/default/files/css/css__7_lnIX5SUimudYZT0iqhhe0r5Ev1QE4En7-BEPHMeY.css","-","-","en","usagov","eJwdykEOwCAIBMAP2fIkg5EQEtDDqo2_b-tlToONIUGFIWmCtS9S74X9wthuTdMyeUDHO3qdfmLmGtbynwQUXy0vYCIdnw","delta=0&language=en&theme=usagov&include=eJwdykEOwCAIBMAP2fIkg5EQEtDDqo2_b-tlToONIUGFIWmCtS9S74X9wthuTdMyeUDHO3qdfmLmGtbynwQUXy0vYCIdnw"
"./html/agencies/chief-human-capital-officers-council/index.html","css","/sites/default/files/css/css_h8MbvwzFoPHon25psxDvs_qWZKIaWznJGeScqw5abGU.css","-","1","en","usagov","eJwdykEOwCAIBMAP2fIkg5EQEtDDqo2_b-tlToONIUGFIWmCtS9S74X9wthuTdMyeUDHO3qdfmLmGtbynwQUXy0vYCIdnw","delta=1&language=en&theme=usagov&include=eJwdykEOwCAIBMAP2fIkg5EQEtDDqo2_b-tlToONIUGFIWmCtS9S74X9wthuTdMyeUDHO3qdfmLmGtbynwQUXy0vYCIdnw"
"./html/agencies/chief-human-capital-officers-council/index.html","js","/themes/custom/usagov/scripts/newFooter.js","-","-","-","-","-",""
"./html/agencies/chief-human-capital-officers-council/index.html","js","/sites/default/files/js/js_sJY3bzJs3jirGGaSNreFUENeOZtDcSGccrkIaQj9Xmc.js","footer","-","en","usagov","eJx1jUEOwzAIBD8Ux09CBFPXrQMR4FT9fa3k3OPO7GqHY9Uz164b9uTx7U3qMi4KoQcInq1iNBXYWUb-r-Dlc_gpDvTm0kINmgRXuyr5VkikVmZeH6bTSlkm4Ey6Hyos4ev9kJIzGj03tB9w0UIH","scope=footer&delta=0&language=en&theme=usagov&include=eJx1jUEOwzAIBD8Ux09CBFPXrQMR4FT9fa3k3OPO7GqHY9Uz164b9uTx7U3qMi4KoQcInq1iNBXYWUb-r-Dlc_gpDvTm0kINmgRXuyr5VkikVmZeH6bTSlkm4Ey6Hyos4ev9kJIzGj03tB9w0UIH"
"./html/agencies/chief-human-capital-officers-council/index.html","js","/modules/contrib/uswds_ckeditor_integration/js/aftermarket/uswds_accordion.js","-","-","-","-","-","sqrdwl"
"./html/agencies/chief-human-capital-officers-council/index.html","js","/sites/default/files/js/js_JxNk0XijPRI5QYwn5XlgSWW1Bx0YJQ3HYOHPIZ4Crx4.js","footer","2","en","usagov","eJx1jUEOwzAIBD8Ux09CBFPXrQMR4FT9fa3k3OPO7GqHY9Uz164b9uTx7U3qMi4KoQcInq1iNBXYWUb-r-Dlc_gpDvTm0kINmgRXuyr5VkikVmZeH6bTSlkm4Ey6Hyos4ev9kJIzGj03tB9w0UIH","scope=footer&delta=2&language=en&theme=usagov&include=eJx1jUEOwzAIBD8Ux09CBFPXrQMR4FT9fa3k3OPO7GqHY9Uz164b9uTx7U3qMi4KoQcInq1iNBXYWUb-r-Dlc_gpDvTm0kINmgRXuyr5VkikVmZeH6bTSlkm4Ey6Hyos4ev9kJIzGj03tB9w0UIH"
"./html/agencies/chief-human-capital-officers-council/index.html","js","/themes/custom/usagov/scripts/modifyMobileNav.js","-","-","-","-","-",""
"./html/agencies/chief-information-officers-council/index.html","css","/sites/default/files/css/css__7_lnIX5SUimudYZT0iqhhe0r5Ev1QE4En7-BEPHMeY.css","-","-","en","usagov","eJwdykEOwCAIBMAP2fIkg5EQEtDDqo2_b-tlToONIUGFIWmCtS9S74X9wthuTdMyeUDHO3qdfmLmGtbynwQUXy0vYCIdnw","delta=0&language=en&theme=usagov&include=eJwdykEOwCAIBMAP2fIkg5EQEtDDqo2_b-tlToONIUGFIWmCtS9S74X9wthuTdMyeUDHO3qdfmLmGtbynwQUXy0vYCIdnw"
"./html/agencies/chief-information-officers-council/index.html","css","/sites/default/files/css/css_h8MbvwzFoPHon25psxDvs_qWZKIaWznJGeScqw5abGU.css","-","1","en","usagov","eJwdykEOwCAIBMAP2fIkg5EQEtDDqo2_b-tlToONIUGFIWmCtS9S74X9wthuTdMyeUDHO3qdfmLmGtbynwQUXy0vYCIdnw","delta=1&language=en&theme=usagov&include=eJwdykEOwCAIBMAP2fIkg5EQEtDDqo2_b-tlToONIUGFIWmCtS9S74X9wthuTdMyeUDHO3qdfmLmGtbynwQUXy0vYCIdnw"
"./html/agencies/chief-information-officers-council/index.html","js","/themes/custom/usagov/scripts/newFooter.js","-","-","-","-","-",""
"./html/agencies/chief-information-officers-council/index.html","js","/sites/default/files/js/js_sJY3bzJs3jirGGaSNreFUENeOZtDcSGccrkIaQj9Xmc.js","footer","-","en","usagov","eJx1jUEOwzAIBD8Ux09CBFPXrQMR4FT9fa3k3OPO7GqHY9Uz164b9uTx7U3qMi4KoQcInq1iNBXYWUb-r-Dlc_gpDvTm0kINmgRXuyr5VkikVmZeH6bTSlkm4Ey6Hyos4ev9kJIzGj03tB9w0UIH","scope=footer&delta=0&language=en&theme=usagov&include=eJx1jUEOwzAIBD8Ux09CBFPXrQMR4FT9fa3k3OPO7GqHY9Uz164b9uTx7U3qMi4KoQcInq1iNBXYWUb-r-Dlc_gpDvTm0kINmgRXuyr5VkikVmZeH6bTSlkm4Ey6Hyos4ev9kJIzGj03tB9w0UIH"
"./html/agencies/chief-information-officers-council/index.html","js","/modules/contrib/uswds_ckeditor_integration/js/aftermarket/uswds_accordion.js","-","-","-","-","-","sqrdwl"
"./html/agencies/chief-information-officers-council/index.html","js","/sites/default/files/js/js_JxNk0XijPRI5QYwn5XlgSWW1Bx0YJQ3HYOHPIZ4Crx4.js","footer","2","en","usagov","eJx1jUEOwzAIBD8Ux09CBFPXrQMR4FT9fa3k3OPO7GqHY9Uz164b9uTx7U3qMi4KoQcInq1iNBXYWUb-r-Dlc_gpDvTm0kINmgRXuyr5VkikVmZeH6bTSlkm4Ey6Hyos4ev9kJIzGj03tB9w0UIH","scope=footer&delta=2&language=en&theme=usagov&include=eJx1jUEOwzAIBD8Ux09CBFPXrQMR4FT9fa3k3OPO7GqHY9Uz164b9uTx7U3qMi4KoQcInq1iNBXYWUb-r-Dlc_gpDvTm0kINmgRXuyr5VkikVmZeH6bTSlkm4Ey6Hyos4ev9kJIzGj03tB9w0UIH"
"./html/agencies/chief-information-officers-council/index.html","js","/themes/custom/usagov/scripts/modifyMobileNav.js","-","-","-","-","-",""
"./html/agencies/citizens-stamp-advisory-committee/index.html","css","/sites/default/files/css/css__7_lnIX5SUimudYZT0iqhhe0r5Ev1QE4En7-BEPHMeY.css","-","-","en","usagov","eJwdykEOwCAIBMAP2fIkg5EQEtDDqo2_b-tlToONIUGFIWmCtS9S74X9wthuTdMyeUDHO3qdfmLmGtbynwQUXy0vYCIdnw","delta=0&language=en&theme=usagov&include=eJwdykEOwCAIBMAP2fIkg5EQEtDDqo2_b-tlToONIUGFIWmCtS9S74X9wthuTdMyeUDHO3qdfmLmGtbynwQUXy0vYCIdnw"
"./html/agencies/citizens-stamp-advisory-committee/index.html","css","/sites/default/files/css/css_h8MbvwzFoPHon25psxDvs_qWZKIaWznJGeScqw5abGU.css","-","1","en","usagov","eJwdykEOwCAIBMAP2fIkg5EQEtDDqo2_b-tlToONIUGFIWmCtS9S74X9wthuTdMyeUDHO3qdfmLmGtbynwQUXy0vYCIdnw","delta=1&language=en&theme=usagov&include=eJwdykEOwCAIBMAP2fIkg5EQEtDDqo2_b-tlToONIUGFIWmCtS9S74X9wthuTdMyeUDHO3qdfmLmGtbynwQUXy0vYCIdnw"
"./html/agencies/citizens-stamp-advisory-committee/index.html","js","/themes/custom/usagov/scripts/newFooter.js","-","-","-","-","-",""
"./html/agencies/citizens-stamp-advisory-committee/index.html","js","/sites/default/files/js/js_sJY3bzJs3jirGGaSNreFUENeOZtDcSGccrkIaQj9Xmc.js","footer","-","en","usagov","eJx1jUEOwzAIBD8Ux09CBFPXrQMR4FT9fa3k3OPO7GqHY9Uz164b9uTx7U3qMi4KoQcInq1iNBXYWUb-r-Dlc_gpDvTm0kINmgRXuyr5VkikVmZeH6bTSlkm4Ey6Hyos4ev9kJIzGj03tB9w0UIH","scope=footer&delta=0&language=en&theme=usagov&include=eJx1jUEOwzAIBD8Ux09CBFPXrQMR4FT9fa3k3OPO7GqHY9Uz164b9uTx7U3qMi4KoQcInq1iNBXYWUb-r-Dlc_gpDvTm0kINmgRXuyr5VkikVmZeH6bTSlkm4Ey6Hyos4ev9kJIzGj03tB9w0UIH"
"./html/agencies/citizens-stamp-advisory-committee/index.html","js","/modules/contrib/uswds_ckeditor_integration/js/aftermarket/uswds_accordion.js","-","-","-","-","-","sqrdwl"
"./html/agencies/citizens-stamp-advisory-committee/index.html","js","/sites/default/files/js/js_JxNk0XijPRI5QYwn5XlgSWW1Bx0YJQ3HYOHPIZ4Crx4.js","footer","2","en","usagov","eJx1jUEOwzAIBD8Ux09CBFPXrQMR4FT9fa3k3OPO7GqHY9Uz164b9uTx7U3qMi4KoQcInq1iNBXYWUb-r-Dlc_gpDvTm0kINmgRXuyr5VkikVmZeH6bTSlkm4Ey6Hyos4ev9kJIzGj03tB9w0UIH","scope=footer&delta=2&language=en&theme=usagov&include=eJx1jUEOwzAIBD8Ux09CBFPXrQMR4FT9fa3k3OPO7GqHY9Uz164b9uTx7U3qMi4KoQcInq1iNBXYWUb-r-Dlc_gpDvTm0kINmgRXuyr5VkikVmZeH6bTSlkm4Ey6Hyos4ev9kJIzGj03tB9w0UIH"
"./html/agencies/citizens-stamp-advisory-committee/index.html","js","/themes/custom/usagov/scripts/modifyMobileNav.js","-","-","-","-","-",""
"./html/agencies/civil-rights-division-department-of-justice/index.html","css","/sites/default/files/css/css__7_lnIX5SUimudYZT0iqhhe0r5Ev1QE4En7-BEPHMeY.css","-","-","en","usagov","eJwdykEOwCAIBMAP2fIkg5EQEtDDqo2_b-tlToONIUGFIWmCtS9S74X9wthuTdMyeUDHO3qdfmLmGtbynwQUXy0vYCIdnw","delta=0&language=en&theme=usagov&include=eJwdykEOwCAIBMAP2fIkg5EQEtDDqo2_b-tlToONIUGFIWmCtS9S74X9wthuTdMyeUDHO3qdfmLmGtbynwQUXy0vYCIdnw"
"./html/agencies/civil-rights-division-department-of-justice/index.html","css","/sites/default/files/css/css_h8MbvwzFoPHon25psxDvs_qWZKIaWznJGeScqw5abGU.css","-","1","en","usagov","eJwdykEOwCAIBMAP2fIkg5EQEtDDqo2_b-tlToONIUGFIWmCtS9S74X9wthuTdMyeUDHO3qdfmLmGtbynwQUXy0vYCIdnw","delta=1&language=en&theme=usagov&include=eJwdykEOwCAIBMAP2fIkg5EQEtDDqo2_b-tlToONIUGFIWmCtS9S74X9wthuTdMyeUDHO3qdfmLmGtbynwQUXy0vYCIdnw"
"./html/agencies/civil-rights-division-department-of-justice/index.html","js","/themes/custom/usagov/scripts/newFooter.js","-","-","-","-","-",""
"./html/agencies/civil-rights-division-department-of-justice/index.html","js","/sites/default/files/js/js_sJY3bzJs3jirGGaSNreFUENeOZtDcSGccrkIaQj9Xmc.js","footer","-","en","usagov","eJx1jUEOwzAIBD8Ux09CBFPXrQMR4FT9fa3k3OPO7GqHY9Uz164b9uTx7U3qMi4KoQcInq1iNBXYWUb-r-Dlc_gpDvTm0kINmgRXuyr5VkikVmZeH6bTSlkm4Ey6Hyos4ev9kJIzGj03tB9w0UIH","scope=footer&delta=0&language=en&theme=usagov&include=eJx1jUEOwzAIBD8Ux09CBFPXrQMR4FT9fa3k3OPO7GqHY9Uz164b9uTx7U3qMi4KoQcInq1iNBXYWUb-r-Dlc_gpDvTm0kINmgRXuyr5VkikVmZeH6bTSlkm4Ey6Hyos4ev9kJIzGj03tB9w0UIH"
"./html/agencies/civil-rights-division-department-of-justice/index.html","js","/modules/contrib/uswds_ckeditor_integration/js/aftermarket/uswds_accordion.js","-","-","-","-","-","sqrdwl"
"./html/agencies/civil-rights-division-department-of-justice/index.html","js","/sites/default/files/js/js_JxNk0XijPRI5QYwn5XlgSWW1Bx0YJQ3HYOHPIZ4Crx4.js","footer","2","en","usagov","eJx1jUEOwzAIBD8Ux09CBFPXrQMR4FT9fa3k3OPO7GqHY9Uz164b9uTx7U3qMi4KoQcInq1iNBXYWUb-r-Dlc_gpDvTm0kINmgRXuyr5VkikVmZeH6bTSlkm4Ey6Hyos4ev9kJIzGj03tB9w0UIH","scope=footer&delta=2&language=en&theme=usagov&include=eJx1jUEOwzAIBD8Ux09CBFPXrQMR4FT9fa3k3OPO7GqHY9Uz164b9uTx7U3qMi4KoQcInq1iNBXYWUb-r-Dlc_gpDvTm0kINmgRXuyr5VkikVmZeH6bTSlkm4Ey6Hyos4ev9kJIzGj03tB9w0UIH"
"./html/agencies/civil-rights-division-department-of-justice/index.html","js","/themes/custom/usagov/scripts/modifyMobileNav.js","-","-","-","-","-",""
"./html/agencies/commission-on-civil-rights/index.html","css","/sites/default/files/css/css__7_lnIX5SUimudYZT0iqhhe0r5Ev1QE4En7-BEPHMeY.css","-","-","en","usagov","eJwdykEOwCAIBMAP2fIkg5EQEtDDqo2_b-tlToONIUGFIWmCtS9S74X9wthuTdMyeUDHO3qdfmLmGtbynwQUXy0vYCIdnw","delta=0&language=en&theme=usagov&include=eJwdykEOwCAIBMAP2fIkg5EQEtDDqo2_b-tlToONIUGFIWmCtS9S74X9wthuTdMyeUDHO3qdfmLmGtbynwQUXy0vYCIdnw"
"./html/agencies/commission-on-civil-rights/index.html","css","/sites/default/files/css/css_h8MbvwzFoPHon25psxDvs_qWZKIaWznJGeScqw5abGU.css","-","1","en","usagov","eJwdykEOwCAIBMAP2fIkg5EQEtDDqo2_b-tlToONIUGFIWmCtS9S74X9wthuTdMyeUDHO3qdfmLmGtbynwQUXy0vYCIdnw","delta=1&language=en&theme=usagov&include=eJwdykEOwCAIBMAP2fIkg5EQEtDDqo2_b-tlToONIUGFIWmCtS9S74X9wthuTdMyeUDHO3qdfmLmGtbynwQUXy0vYCIdnw"
"./html/agencies/commission-on-civil-rights/index.html","js","/themes/custom/usagov/scripts/newFooter.js","-","-","-","-","-",""
"./html/agencies/commission-on-civil-rights/index.html","js","/sites/default/files/js/js_sJY3bzJs3jirGGaSNreFUENeOZtDcSGccrkIaQj9Xmc.js","footer","-","en","usagov","eJx1jUEOwzAIBD8Ux09CBFPXrQMR4FT9fa3k3OPO7GqHY9Uz164b9uTx7U3qMi4KoQcInq1iNBXYWUb-r-Dlc_gpDvTm0kINmgRXuyr5VkikVmZeH6bTSlkm4Ey6Hyos4ev9kJIzGj03tB9w0UIH","scope=footer&delta=0&language=en&theme=usagov&include=eJx1jUEOwzAIBD8Ux09CBFPXrQMR4FT9fa3k3OPO7GqHY9Uz164b9uTx7U3qMi4KoQcInq1iNBXYWUb-r-Dlc_gpDvTm0kINmgRXuyr5VkikVmZeH6bTSlkm4Ey6Hyos4ev9kJIzGj03tB9w0UIH"
"./html/agencies/commission-on-civil-rights/index.html","js","/modules/contrib/uswds_ckeditor_integration/js/aftermarket/uswds_accordion.js","-","-","-","-","-","sqrdwl"
"./html/agencies/commission-on-civil-rights/index.html","js","/sites/default/files/js/js_JxNk0XijPRI5QYwn5XlgSWW1Bx0YJQ3HYOHPIZ4Crx4.js","footer","2","en","usagov","eJx1jUEOwzAIBD8Ux09CBFPXrQMR4FT9fa3k3OPO7GqHY9Uz164b9uTx7U3qMi4KoQcInq1iNBXYWUb-r-Dlc_gpDvTm0kINmgRXuyr5VkikVmZeH6bTSlkm4Ey6Hyos4ev9kJIzGj03tB9w0UIH","scope=footer&delta=2&language=en&theme=usagov&include=eJx1jUEOwzAIBD8Ux09CBFPXrQMR4FT9fa3k3OPO7GqHY9Uz164b9uTx7U3qMi4KoQcInq1iNBXYWUb-r-Dlc_gpDvTm0kINmgRXuyr5VkikVmZeH6bTSlkm4Ey6Hyos4ev9kJIzGj03tB9w0UIH"
"./html/agencies/commission-on-civil-rights/index.html","js","/themes/custom/usagov/scripts/modifyMobileNav.js","-","-","-","-","-",""
"./html/agencies/commission-on-presidential-scholars/index.html","css","/sites/default/files/css/css__7_lnIX5SUimudYZT0iqhhe0r5Ev1QE4En7-BEPHMeY.css","-","-","en","usagov","eJwdykEOwCAIBMAP2fIkg5EQEtDDqo2_b-tlToONIUGFIWmCtS9S74X9wthuTdMyeUDHO3qdfmLmGtbynwQUXy0vYCIdnw","delta=0&language=en&theme=usagov&include=eJwdykEOwCAIBMAP2fIkg5EQEtDDqo2_b-tlToONIUGFIWmCtS9S74X9wthuTdMyeUDHO3qdfmLmGtbynwQUXy0vYCIdnw"
"./html/agencies/commission-on-presidential-scholars/index.html","css","/sites/default/files/css/css_h8MbvwzFoPHon25psxDvs_qWZKIaWznJGeScqw5abGU.css","-","1","en","usagov","eJwdykEOwCAIBMAP2fIkg5EQEtDDqo2_b-tlToONIUGFIWmCtS9S74X9wthuTdMyeUDHO3qdfmLmGtbynwQUXy0vYCIdnw","delta=1&language=en&theme=usagov&include=eJwdykEOwCAIBMAP2fIkg5EQEtDDqo2_b-tlToONIUGFIWmCtS9S74X9wthuTdMyeUDHO3qdfmLmGtbynwQUXy0vYCIdnw"
"./html/agencies/commission-on-presidential-scholars/index.html","js","/themes/custom/usagov/scripts/newFooter.js","-","-","-","-","-",""
"./html/agencies/commission-on-presidential-scholars/index.html","js","/sites/default/files/js/js_sJY3bzJs3jirGGaSNreFUENeOZtDcSGccrkIaQj9Xmc.js","footer","-","en","usagov","eJx1jUEOwzAIBD8Ux09CBFPXrQMR4FT9fa3k3OPO7GqHY9Uz164b9uTx7U3qMi4KoQcInq1iNBXYWUb-r-Dlc_gpDvTm0kINmgRXuyr5VkikVmZeH6bTSlkm4Ey6Hyos4ev9kJIzGj03tB9w0UIH","scope=footer&delta=0&language=en&theme=usagov&include=eJx1jUEOwzAIBD8Ux09CBFPXrQMR4FT9fa3k3OPO7GqHY9Uz164b9uTx7U3qMi4KoQcInq1iNBXYWUb-r-Dlc_gpDvTm0kINmgRXuyr5VkikVmZeH6bTSlkm4Ey6Hyos4ev9kJIzGj03tB9w0UIH"
"./html/agencies/commission-on-presidential-scholars/index.html","js","/modules/contrib/uswds_ckeditor_integration/js/aftermarket/uswds_accordion.js","-","-","-","-","-","sqrdwl"
"./html/agencies/commission-on-presidential-scholars/index.html","js","/sites/default/files/js/js_JxNk0XijPRI5QYwn5XlgSWW1Bx0YJQ3HYOHPIZ4Crx4.js","footer","2","en","usagov","eJx1jUEOwzAIBD8Ux09CBFPXrQMR4FT9fa3k3OPO7GqHY9Uz164b9uTx7U3qMi4KoQcInq1iNBXYWUb-r-Dlc_gpDvTm0kINmgRXuyr5VkikVmZeH6bTSlkm4Ey6Hyos4ev9kJIzGj03tB9w0UIH","scope=footer&delta=2&language=en&theme=usagov&include=eJx1jUEOwzAIBD8Ux09CBFPXrQMR4FT9fa3k3OPO7GqHY9Uz164b9uTx7U3qMi4KoQcInq1iNBXYWUb-r-Dlc_gpDvTm0kINmgRXuyr5VkikVmZeH6bTSlkm4Ey6Hyos4ev9kJIzGj03tB9w0UIH"
"./html/agencies/commission-on-presidential-scholars/index.html","js","/themes/custom/usagov/scripts/modifyMobileNav.js","-","-","-","-","-",""
"./html/agencies/commission-on-security-and-cooperation-in-europe-helsinki-commission/index.html","css","/sites/default/files/css/css__7_lnIX5SUimudYZT0iqhhe0r5Ev1QE4En7-BEPHMeY.css","-","-","en","usagov","eJwdykEOwCAIBMAP2fIkg5EQEtDDqo2_b-tlToONIUGFIWmCtS9S74X9wthuTdMyeUDHO3qdfmLmGtbynwQUXy0vYCIdnw","delta=0&language=en&theme=usagov&include=eJwdykEOwCAIBMAP2fIkg5EQEtDDqo2_b-tlToONIUGFIWmCtS9S74X9wthuTdMyeUDHO3qdfmLmGtbynwQUXy0vYCIdnw"
"./html/agencies/commission-on-security-and-cooperation-in-europe-helsinki-commission/index.html","css","/sites/default/files/css/css_h8MbvwzFoPHon25psxDvs_qWZKIaWznJGeScqw5abGU.css","-","1","en","usagov","eJwdykEOwCAIBMAP2fIkg5EQEtDDqo2_b-tlToONIUGFIWmCtS9S74X9wthuTdMyeUDHO3qdfmLmGtbynwQUXy0vYCIdnw","delta=1&language=en&theme=usagov&include=eJwdykEOwCAIBMAP2fIkg5EQEtDDqo2_b-tlToONIUGFIWmCtS9S74X9wthuTdMyeUDHO3qdfmLmGtbynwQUXy0vYCIdnw"
"./html/agencies/commission-on-security-and-cooperation-in-europe-helsinki-commission/index.html","js","/themes/custom/usagov/scripts/newFooter.js","-","-","-","-","-",""
"./html/agencies/commission-on-security-and-cooperation-in-europe-helsinki-commission/index.html","js","/sites/default/files/js/js_sJY3bzJs3jirGGaSNreFUENeOZtDcSGccrkIaQj9Xmc.js","footer","-","en","usagov","eJx1jUEOwzAIBD8Ux09CBFPXrQMR4FT9fa3k3OPO7GqHY9Uz164b9uTx7U3qMi4KoQcInq1iNBXYWUb-r-Dlc_gpDvTm0kINmgRXuyr5VkikVmZeH6bTSlkm4Ey6Hyos4ev9kJIzGj03tB9w0UIH","scope=footer&delta=0&language=en&theme=usagov&include=eJx1jUEOwzAIBD8Ux09CBFPXrQMR4FT9fa3k3OPO7GqHY9Uz164b9uTx7U3qMi4KoQcInq1iNBXYWUb-r-Dlc_gpDvTm0kINmgRXuyr5VkikVmZeH6bTSlkm4Ey6Hyos4ev9kJIzGj03tB9w0UIH"
"./html/agencies/commission-on-security-and-cooperation-in-europe-helsinki-commission/index.html","js","/modules/contrib/uswds_ckeditor_integration/js/aftermarket/uswds_accordion.js","-","-","-","-","-","sqrdwl"
"./html/agencies/commission-on-security-and-cooperation-in-europe-helsinki-commission/index.html","js","/sites/default/files/js/js_JxNk0XijPRI5QYwn5XlgSWW1Bx0YJQ3HYOHPIZ4Crx4.js","footer","2","en","usagov","eJx1jUEOwzAIBD8Ux09CBFPXrQMR4FT9fa3k3OPO7GqHY9Uz164b9uTx7U3qMi4KoQcInq1iNBXYWUb-r-Dlc_gpDvTm0kINmgRXuyr5VkikVmZeH6bTSlkm4Ey6Hyos4ev9kJIzGj03tB9w0UIH","scope=footer&delta=2&language=en&theme=usagov&include=eJx1jUEOwzAIBD8Ux09CBFPXrQMR4FT9fa3k3OPO7GqHY9Uz164b9uTx7U3qMi4KoQcInq1iNBXYWUb-r-Dlc_gpDvTm0kINmgRXuyr5VkikVmZeH6bTSlkm4Ey6Hyos4ev9kJIzGj03tB9w0UIH"
"./html/agencies/commission-on-security-and-cooperation-in-europe-helsinki-commission/index.html","js","/themes/custom/usagov/scripts/modifyMobileNav.js","-","-","-","-","-",""
"./html/agencies/committee-on-foreign-investment-in-the-united-states/index.html","css","/sites/default/files/css/css__7_lnIX5SUimudYZT0iqhhe0r5Ev1QE4En7-BEPHMeY.css","-","-","en","usagov","eJwdykEOwCAIBMAP2fIkg5EQEtDDqo2_b-tlToONIUGFIWmCtS9S74X9wthuTdMyeUDHO3qdfmLmGtbynwQUXy0vYCIdnw","delta=0&language=en&theme=usagov&include=eJwdykEOwCAIBMAP2fIkg5EQEtDDqo2_b-tlToONIUGFIWmCtS9S74X9wthuTdMyeUDHO3qdfmLmGtbynwQUXy0vYCIdnw"
"./html/agencies/committee-on-foreign-investment-in-the-united-states/index.html","css","/sites/default/files/css/css_h8MbvwzFoPHon25psxDvs_qWZKIaWznJGeScqw5abGU.css","-","1","en","usagov","eJwdykEOwCAIBMAP2fIkg5EQEtDDqo2_b-tlToONIUGFIWmCtS9S74X9wthuTdMyeUDHO3qdfmLmGtbynwQUXy0vYCIdnw","delta=1&language=en&theme=usagov&include=eJwdykEOwCAIBMAP2fIkg5EQEtDDqo2_b-tlToONIUGFIWmCtS9S74X9wthuTdMyeUDHO3qdfmLmGtbynwQUXy0vYCIdnw"
"./html/agencies/committee-on-foreign-investment-in-the-united-states/index.html","js","/themes/custom/usagov/scripts/newFooter.js","-","-","-","-","-",""
"./html/agencies/committee-on-foreign-investment-in-the-united-states/index.html","js","/sites/default/files/js/js_sJY3bzJs3jirGGaSNreFUENeOZtDcSGccrkIaQj9Xmc.js","footer","-","en","usagov","eJx1jUEOwzAIBD8Ux09CBFPXrQMR4FT9fa3k3OPO7GqHY9Uz164b9uTx7U3qMi4KoQcInq1iNBXYWUb-r-Dlc_gpDvTm0kINmgRXuyr5VkikVmZeH6bTSlkm4Ey6Hyos4ev9kJIzGj03tB9w0UIH","scope=footer&delta=0&language=en&theme=usagov&include=eJx1jUEOwzAIBD8Ux09CBFPXrQMR4FT9fa3k3OPO7GqHY9Uz164b9uTx7U3qMi4KoQcInq1iNBXYWUb-r-Dlc_gpDvTm0kINmgRXuyr5VkikVmZeH6bTSlkm4Ey6Hyos4ev9kJIzGj03tB9w0UIH"
"./html/agencies/committee-on-foreign-investment-in-the-united-states/index.html","js","/modules/contrib/uswds_ckeditor_integration/js/aftermarket/uswds_accordion.js","-","-","-","-","-","sqrdwl"
"./html/agencies/committee-on-foreign-investment-in-the-united-states/index.html","js","/sites/default/files/js/js_JxNk0XijPRI5QYwn5XlgSWW1Bx0YJQ3HYOHPIZ4Crx4.js","footer","2","en","usagov","eJx1jUEOwzAIBD8Ux09CBFPXrQMR4FT9fa3k3OPO7GqHY9Uz164b9uTx7U3qMi4KoQcInq1iNBXYWUb-r-Dlc_gpDvTm0kINmgRXuyr5VkikVmZeH6bTSlkm4Ey6Hyos4ev9kJIzGj03tB9w0UIH","scope=footer&delta=2&language=en&theme=usagov&include=eJx1jUEOwzAIBD8Ux09CBFPXrQMR4FT9fa3k3OPO7GqHY9Uz164b9uTx7U3qMi4KoQcInq1iNBXYWUb-r-Dlc_gpDvTm0kINmgRXuyr5VkikVmZeH6bTSlkm4Ey6Hyos4ev9kJIzGj03tB9w0UIH"
"./html/agencies/committee-on-foreign-investment-in-the-united-states/index.html","js","/themes/custom/usagov/scripts/modifyMobileNav.js","-","-","-","-","-",""
"./html/agencies/community-oriented-policing-services/index.html","css","/sites/default/files/css/css__7_lnIX5SUimudYZT0iqhhe0r5Ev1QE4En7-BEPHMeY.css","-","-","en","usagov","eJwdykEOwCAIBMAP2fIkg5EQEtDDqo2_b-tlToONIUGFIWmCtS9S74X9wthuTdMyeUDHO3qdfmLmGtbynwQUXy0vYCIdnw","delta=0&language=en&theme=usagov&include=eJwdykEOwCAIBMAP2fIkg5EQEtDDqo2_b-tlToONIUGFIWmCtS9S74X9wthuTdMyeUDHO3qdfmLmGtbynwQUXy0vYCIdnw"
"./html/agencies/community-oriented-policing-services/index.html","css","/sites/default/files/css/css_h8MbvwzFoPHon25psxDvs_qWZKIaWznJGeScqw5abGU.css","-","1","en","usagov","eJwdykEOwCAIBMAP2fIkg5EQEtDDqo2_b-tlToONIUGFIWmCtS9S74X9wthuTdMyeUDHO3qdfmLmGtbynwQUXy0vYCIdnw","delta=1&language=en&theme=usagov&include=eJwdykEOwCAIBMAP2fIkg5EQEtDDqo2_b-tlToONIUGFIWmCtS9S74X9wthuTdMyeUDHO3qdfmLmGtbynwQUXy0vYCIdnw"
"./html/agencies/community-oriented-policing-services/index.html","js","/themes/custom/usagov/scripts/newFooter.js","-","-","-","-","-",""
"./html/agencies/community-oriented-policing-services/index.html","js","/sites/default/files/js/js_sJY3bzJs3jirGGaSNreFUENeOZtDcSGccrkIaQj9Xmc.js","footer","-","en","usagov","eJx1jUEOwzAIBD8Ux09CBFPXrQMR4FT9fa3k3OPO7GqHY9Uz164b9uTx7U3qMi4KoQcInq1iNBXYWUb-r-Dlc_gpDvTm0kINmgRXuyr5VkikVmZeH6bTSlkm4Ey6Hyos4ev9kJIzGj03tB9w0UIH","scope=footer&delta=0&language=en&theme=usagov&include=eJx1jUEOwzAIBD8Ux09CBFPXrQMR4FT9fa3k3OPO7GqHY9Uz164b9uTx7U3qMi4KoQcInq1iNBXYWUb-r-Dlc_gpDvTm0kINmgRXuyr5VkikVmZeH6bTSlkm4Ey6Hyos4ev9kJIzGj03tB9w0UIH"
"./html/agencies/community-oriented-policing-services/index.html","js","/modules/contrib/uswds_ckeditor_integration/js/aftermarket/uswds_accordion.js","-","-","-","-","-","sqrdwl"
"./html/agencies/community-oriented-policing-services/index.html","js","/sites/default/files/js/js_JxNk0XijPRI5QYwn5XlgSWW1Bx0YJQ3HYOHPIZ4Crx4.js","footer","2","en","usagov","eJx1jUEOwzAIBD8Ux09CBFPXrQMR4FT9fa3k3OPO7GqHY9Uz164b9uTx7U3qMi4KoQcInq1iNBXYWUb-r-Dlc_gpDvTm0kINmgRXuyr5VkikVmZeH6bTSlkm4Ey6Hyos4ev9kJIzGj03tB9w0UIH","scope=footer&delta=2&language=en&theme=usagov&include=eJx1jUEOwzAIBD8Ux09CBFPXrQMR4FT9fa3k3OPO7GqHY9Uz164b9uTx7U3qMi4KoQcInq1iNBXYWUb-r-Dlc_gpDvTm0kINmgRXuyr5VkikVmZeH6bTSlkm4Ey6Hyos4ev9kJIzGj03tB9w0UIH"
"./html/agencies/community-oriented-policing-services/index.html","js","/themes/custom/usagov/scripts/modifyMobileNav.js","-","-","-","-","-",""
"./html/agencies/congressional-budget-office/index.html","css","/sites/default/files/css/css__7_lnIX5SUimudYZT0iqhhe0r5Ev1QE4En7-BEPHMeY.css","-","-","en","usagov","eJwdykEOwCAIBMAP2fIkg5EQEtDDqo2_b-tlToONIUGFIWmCtS9S74X9wthuTdMyeUDHO3qdfmLmGtbynwQUXy0vYCIdnw","delta=0&language=en&theme=usagov&include=eJwdykEOwCAIBMAP2fIkg5EQEtDDqo2_b-tlToONIUGFIWmCtS9S74X9wthuTdMyeUDHO3qdfmLmGtbynwQUXy0vYCIdnw"
"./html/agencies/congressional-budget-office/index.html","css","/sites/default/files/css/css_h8MbvwzFoPHon25psxDvs_qWZKIaWznJGeScqw5abGU.css","-","1","en","usagov","eJwdykEOwCAIBMAP2fIkg5EQEtDDqo2_b-tlToONIUGFIWmCtS9S74X9wthuTdMyeUDHO3qdfmLmGtbynwQUXy0vYCIdnw","delta=1&language=en&theme=usagov&include=eJwdykEOwCAIBMAP2fIkg5EQEtDDqo2_b-tlToONIUGFIWmCtS9S74X9wthuTdMyeUDHO3qdfmLmGtbynwQUXy0vYCIdnw"
"./html/agencies/congressional-budget-office/index.html","js","/themes/custom/usagov/scripts/newFooter.js","-","-","-","-","-",""
"./html/agencies/congressional-budget-office/index.html","js","/sites/default/files/js/js_sJY3bzJs3jirGGaSNreFUENeOZtDcSGccrkIaQj9Xmc.js","footer","-","en","usagov","eJx1jUEOwzAIBD8Ux09CBFPXrQMR4FT9fa3k3OPO7GqHY9Uz164b9uTx7U3qMi4KoQcInq1iNBXYWUb-r-Dlc_gpDvTm0kINmgRXuyr5VkikVmZeH6bTSlkm4Ey6Hyos4ev9kJIzGj03tB9w0UIH","scope=footer&delta=0&language=en&theme=usagov&include=eJx1jUEOwzAIBD8Ux09CBFPXrQMR4FT9fa3k3OPO7GqHY9Uz164b9uTx7U3qMi4KoQcInq1iNBXYWUb-r-Dlc_gpDvTm0kINmgRXuyr5VkikVmZeH6bTSlkm4Ey6Hyos4ev9kJIzGj03tB9w0UIH"
"./html/agencies/congressional-budget-office/index.html","js","/modules/contrib/uswds_ckeditor_integration/js/aftermarket/uswds_accordion.js","-","-","-","-","-","sqrdwl"
"./html/agencies/congressional-budget-office/index.html","js","/sites/default/files/js/js_JxNk0XijPRI5QYwn5XlgSWW1Bx0YJQ3HYOHPIZ4Crx4.js","footer","2","en","usagov","eJx1jUEOwzAIBD8Ux09CBFPXrQMR4FT9fa3k3OPO7GqHY9Uz164b9uTx7U3qMi4KoQcInq1iNBXYWUb-r-Dlc_gpDvTm0kINmgRXuyr5VkikVmZeH6bTSlkm4Ey6Hyos4ev9kJIzGj03tB9w0UIH","scope=footer&delta=2&language=en&theme=usagov&include=eJx1jUEOwzAIBD8Ux09CBFPXrQMR4FT9fa3k3OPO7GqHY9Uz164b9uTx7U3qMi4KoQcInq1iNBXYWUb-r-Dlc_gpDvTm0kINmgRXuyr5VkikVmZeH6bTSlkm4Ey6Hyos4ev9kJIzGj03tB9w0UIH"
"./html/agencies/congressional-budget-office/index.html","js","/themes/custom/usagov/scripts/modifyMobileNav.js","-","-","-","-","-",""
"./html/agencies/congressional-research-service/index.html","css","/sites/default/files/css/css__7_lnIX5SUimudYZT0iqhhe0r5Ev1QE4En7-BEPHMeY.css","-","-","en","usagov","eJwdykEOwCAIBMAP2fIkg5EQEtDDqo2_b-tlToONIUGFIWmCtS9S74X9wthuTdMyeUDHO3qdfmLmGtbynwQUXy0vYCIdnw","delta=0&language=en&theme=usagov&include=eJwdykEOwCAIBMAP2fIkg5EQEtDDqo2_b-tlToONIUGFIWmCtS9S74X9wthuTdMyeUDHO3qdfmLmGtbynwQUXy0vYCIdnw"
"./html/agencies/congressional-research-service/index.html","css","/sites/default/files/css/css_h8MbvwzFoPHon25psxDvs_qWZKIaWznJGeScqw5abGU.css","-","1","en","usagov","eJwdykEOwCAIBMAP2fIkg5EQEtDDqo2_b-tlToONIUGFIWmCtS9S74X9wthuTdMyeUDHO3qdfmLmGtbynwQUXy0vYCIdnw","delta=1&language=en&theme=usagov&include=eJwdykEOwCAIBMAP2fIkg5EQEtDDqo2_b-tlToONIUGFIWmCtS9S74X9wthuTdMyeUDHO3qdfmLmGtbynwQUXy0vYCIdnw"
"./html/agencies/congressional-research-service/index.html","js","/themes/custom/usagov/scripts/newFooter.js","-","-","-","-","-",""
"./html/agencies/congressional-research-service/index.html","js","/sites/default/files/js/js_sJY3bzJs3jirGGaSNreFUENeOZtDcSGccrkIaQj9Xmc.js","footer","-","en","usagov","eJx1jUEOwzAIBD8Ux09CBFPXrQMR4FT9fa3k3OPO7GqHY9Uz164b9uTx7U3qMi4KoQcInq1iNBXYWUb-r-Dlc_gpDvTm0kINmgRXuyr5VkikVmZeH6bTSlkm4Ey6Hyos4ev9kJIzGj03tB9w0UIH","scope=footer&delta=0&language=en&theme=usagov&include=eJx1jUEOwzAIBD8Ux09CBFPXrQMR4FT9fa3k3OPO7GqHY9Uz164b9uTx7U3qMi4KoQcInq1iNBXYWUb-r-Dlc_gpDvTm0kINmgRXuyr5VkikVmZeH6bTSlkm4Ey6Hyos4ev9kJIzGj03tB9w0UIH"
"./html/agencies/congressional-research-service/index.html","js","/modules/contrib/uswds_ckeditor_integration/js/aftermarket/uswds_accordion.js","-","-","-","-","-","sqrdwl"
"./html/agencies/congressional-research-service/index.html","js","/sites/default/files/js/js_JxNk0XijPRI5QYwn5XlgSWW1Bx0YJQ3HYOHPIZ4Crx4.js","footer","2","en","usagov","eJx1jUEOwzAIBD8Ux09CBFPXrQMR4FT9fa3k3OPO7GqHY9Uz164b9uTx7U3qMi4KoQcInq1iNBXYWUb-r-Dlc_gpDvTm0kINmgRXuyr5VkikVmZeH6bTSlkm4Ey6Hyos4ev9kJIzGj03tB9w0UIH","scope=footer&delta=2&language=en&theme=usagov&include=eJx1jUEOwzAIBD8Ux09CBFPXrQMR4FT9fa3k3OPO7GqHY9Uz164b9uTx7U3qMi4KoQcInq1iNBXYWUb-r-Dlc_gpDvTm0kINmgRXuyr5VkikVmZeH6bTSlkm4Ey6Hyos4ev9kJIzGj03tB9w0UIH"
"./html/agencies/congressional-research-service/index.html","js","/themes/custom/usagov/scripts/modifyMobileNav.js","-","-","-","-","-",""
"./html/agencies/consumer-financial-protection-bureau/index.html","css","/sites/default/files/css/css__7_lnIX5SUimudYZT0iqhhe0r5Ev1QE4En7-BEPHMeY.css","-","-","en","usagov","eJwdykEOwCAIBMAP2fIkg5EQEtDDqo2_b-tlToONIUGFIWmCtS9S74X9wthuTdMyeUDHO3qdfmLmGtbynwQUXy0vYCIdnw","delta=0&language=en&theme=usagov&include=eJwdykEOwCAIBMAP2fIkg5EQEtDDqo2_b-tlToONIUGFIWmCtS9S74X9wthuTdMyeUDHO3qdfmLmGtbynwQUXy0vYCIdnw"
"./html/agencies/consumer-financial-protection-bureau/index.html","css","/sites/default/files/css/css_h8MbvwzFoPHon25psxDvs_qWZKIaWznJGeScqw5abGU.css","-","1","en","usagov","eJwdykEOwCAIBMAP2fIkg5EQEtDDqo2_b-tlToONIUGFIWmCtS9S74X9wthuTdMyeUDHO3qdfmLmGtbynwQUXy0vYCIdnw","delta=1&language=en&theme=usagov&include=eJwdykEOwCAIBMAP2fIkg5EQEtDDqo2_b-tlToONIUGFIWmCtS9S74X9wthuTdMyeUDHO3qdfmLmGtbynwQUXy0vYCIdnw"
"./html/agencies/consumer-financial-protection-bureau/index.html","js","/themes/custom/usagov/scripts/newFooter.js","-","-","-","-","-",""
"./html/agencies/consumer-financial-protection-bureau/index.html","js","/sites/default/files/js/js_sJY3bzJs3jirGGaSNreFUENeOZtDcSGccrkIaQj9Xmc.js","footer","-","en","usagov","eJx1jUEOwzAIBD8Ux09CBFPXrQMR4FT9fa3k3OPO7GqHY9Uz164b9uTx7U3qMi4KoQcInq1iNBXYWUb-r-Dlc_gpDvTm0kINmgRXuyr5VkikVmZeH6bTSlkm4Ey6Hyos4ev9kJIzGj03tB9w0UIH","scope=footer&delta=0&language=en&theme=usagov&include=eJx1jUEOwzAIBD8Ux09CBFPXrQMR4FT9fa3k3OPO7GqHY9Uz164b9uTx7U3qMi4KoQcInq1iNBXYWUb-r-Dlc_gpDvTm0kINmgRXuyr5VkikVmZeH6bTSlkm4Ey6Hyos4ev9kJIzGj03tB9w0UIH"
"./html/agencies/consumer-financial-protection-bureau/index.html","js","/modules/contrib/uswds_ckeditor_integration/js/aftermarket/uswds_accordion.js","-","-","-","-","-","sqrdwl"
"./html/agencies/consumer-financial-protection-bureau/index.html","js","/sites/default/files/js/js_JxNk0XijPRI5QYwn5XlgSWW1Bx0YJQ3HYOHPIZ4Crx4.js","footer","2","en","usagov","eJx1jUEOwzAIBD8Ux09CBFPXrQMR4FT9fa3k3OPO7GqHY9Uz164b9uTx7U3qMi4KoQcInq1iNBXYWUb-r-Dlc_gpDvTm0kINmgRXuyr5VkikVmZeH6bTSlkm4Ey6Hyos4ev9kJIzGj03tB9w0UIH","scope=footer&delta=2&language=en&theme=usagov&include=eJx1jUEOwzAIBD8Ux09CBFPXrQMR4FT9fa3k3OPO7GqHY9Uz164b9uTx7U3qMi4KoQcInq1iNBXYWUb-r-Dlc_gpDvTm0kINmgRXuyr5VkikVmZeH6bTSlkm4Ey6Hyos4ev9kJIzGj03tB9w0UIH"
"./html/agencies/consumer-financial-protection-bureau/index.html","js","/themes/custom/usagov/scripts/modifyMobileNav.js","-","-","-","-","-",""
"./html/agencies/consumer-product-safety-commission/index.html","css","/sites/default/files/css/css__7_lnIX5SUimudYZT0iqhhe0r5Ev1QE4En7-BEPHMeY.css","-","-","en","usagov","eJwdykEOwCAIBMAP2fIkg5EQEtDDqo2_b-tlToONIUGFIWmCtS9S74X9wthuTdMyeUDHO3qdfmLmGtbynwQUXy0vYCIdnw","delta=0&language=en&theme=usagov&include=eJwdykEOwCAIBMAP2fIkg5EQEtDDqo2_b-tlToONIUGFIWmCtS9S74X9wthuTdMyeUDHO3qdfmLmGtbynwQUXy0vYCIdnw"
"./html/agencies/consumer-product-safety-commission/index.html","css","/sites/default/files/css/css_h8MbvwzFoPHon25psxDvs_qWZKIaWznJGeScqw5abGU.css","-","1","en","usagov","eJwdykEOwCAIBMAP2fIkg5EQEtDDqo2_b-tlToONIUGFIWmCtS9S74X9wthuTdMyeUDHO3qdfmLmGtbynwQUXy0vYCIdnw","delta=1&language=en&theme=usagov&include=eJwdykEOwCAIBMAP2fIkg5EQEtDDqo2_b-tlToONIUGFIWmCtS9S74X9wthuTdMyeUDHO3qdfmLmGtbynwQUXy0vYCIdnw"
"./html/agencies/consumer-product-safety-commission/index.html","js","/themes/custom/usagov/scripts/newFooter.js","-","-","-","-","-",""
"./html/agencies/consumer-product-safety-commission/index.html","js","/sites/default/files/js/js_sJY3bzJs3jirGGaSNreFUENeOZtDcSGccrkIaQj9Xmc.js","footer","-","en","usagov","eJx1jUEOwzAIBD8Ux09CBFPXrQMR4FT9fa3k3OPO7GqHY9Uz164b9uTx7U3qMi4KoQcInq1iNBXYWUb-r-Dlc_gpDvTm0kINmgRXuyr5VkikVmZeH6bTSlkm4Ey6Hyos4ev9kJIzGj03tB9w0UIH","scope=footer&delta=0&language=en&theme=usagov&include=eJx1jUEOwzAIBD8Ux09CBFPXrQMR4FT9fa3k3OPO7GqHY9Uz164b9uTx7U3qMi4KoQcInq1iNBXYWUb-r-Dlc_gpDvTm0kINmgRXuyr5VkikVmZeH6bTSlkm4Ey6Hyos4ev9kJIzGj03tB9w0UIH"
"./html/agencies/consumer-product-safety-commission/index.html","js","/modules/contrib/uswds_ckeditor_integration/js/aftermarket/uswds_accordion.js","-","-","-","-","-","sqrdwl"
"./html/agencies/consumer-product-safety-commission/index.html","js","/sites/default/files/js/js_JxNk0XijPRI5QYwn5XlgSWW1Bx0YJQ3HYOHPIZ4Crx4.js","footer","2","en","usagov","eJx1jUEOwzAIBD8Ux09CBFPXrQMR4FT9fa3k3OPO7GqHY9Uz164b9uTx7U3qMi4KoQcInq1iNBXYWUb-r-Dlc_gpDvTm0kINmgRXuyr5VkikVmZeH6bTSlkm4Ey6Hyos4ev9kJIzGj03tB9w0UIH","scope=footer&delta=2&language=en&theme=usagov&include=eJx1jUEOwzAIBD8Ux09CBFPXrQMR4FT9fa3k3OPO7GqHY9Uz164b9uTx7U3qMi4KoQcInq1iNBXYWUb-r-Dlc_gpDvTm0kINmgRXuyr5VkikVmZeH6bTSlkm4Ey6Hyos4ev9kJIzGj03tB9w0UIH"
"./html/agencies/consumer-product-safety-commission/index.html","js","/themes/custom/usagov/scripts/modifyMobileNav.js","-","-","-","-","-",""
"./html/agencies/coordinating-council-on-juvenile-justice-and-delinquency-prevention/index.html","css","/sites/default/files/css/css__7_lnIX5SUimudYZT0iqhhe0r5Ev1QE4En7-BEPHMeY.css","-","-","en","usagov","eJwdykEOwCAIBMAP2fIkg5EQEtDDqo2_b-tlToONIUGFIWmCtS9S74X9wthuTdMyeUDHO3qdfmLmGtbynwQUXy0vYCIdnw","delta=0&language=en&theme=usagov&include=eJwdykEOwCAIBMAP2fIkg5EQEtDDqo2_b-tlToONIUGFIWmCtS9S74X9wthuTdMyeUDHO3qdfmLmGtbynwQUXy0vYCIdnw"
"./html/agencies/coordinating-council-on-juvenile-justice-and-delinquency-prevention/index.html","css","/sites/default/files/css/css_h8MbvwzFoPHon25psxDvs_qWZKIaWznJGeScqw5abGU.css","-","1","en","usagov","eJwdykEOwCAIBMAP2fIkg5EQEtDDqo2_b-tlToONIUGFIWmCtS9S74X9wthuTdMyeUDHO3qdfmLmGtbynwQUXy0vYCIdnw","delta=1&language=en&theme=usagov&include=eJwdykEOwCAIBMAP2fIkg5EQEtDDqo2_b-tlToONIUGFIWmCtS9S74X9wthuTdMyeUDHO3qdfmLmGtbynwQUXy0vYCIdnw"
"./html/agencies/coordinating-council-on-juvenile-justice-and-delinquency-prevention/index.html","js","/themes/custom/usagov/scripts/newFooter.js","-","-","-","-","-",""
"./html/agencies/coordinating-council-on-juvenile-justice-and-delinquency-prevention/index.html","js","/sites/default/files/js/js_sJY3bzJs3jirGGaSNreFUENeOZtDcSGccrkIaQj9Xmc.js","footer","-","en","usagov","eJx1jUEOwzAIBD8Ux09CBFPXrQMR4FT9fa3k3OPO7GqHY9Uz164b9uTx7U3qMi4KoQcInq1iNBXYWUb-r-Dlc_gpDvTm0kINmgRXuyr5VkikVmZeH6bTSlkm4Ey6Hyos4ev9kJIzGj03tB9w0UIH","scope=footer&delta=0&language=en&theme=usagov&include=eJx1jUEOwzAIBD8Ux09CBFPXrQMR4FT9fa3k3OPO7GqHY9Uz164b9uTx7U3qMi4KoQcInq1iNBXYWUb-r-Dlc_gpDvTm0kINmgRXuyr5VkikVmZeH6bTSlkm4Ey6Hyos4ev9kJIzGj03tB9w0UIH"
"./html/agencies/coordinating-council-on-juvenile-justice-and-delinquency-prevention/index.html","js","/modules/contrib/uswds_ckeditor_integration/js/aftermarket/uswds_accordion.js","-","-","-","-","-","sqrdwl"
"./html/agencies/coordinating-council-on-juvenile-justice-and-delinquency-prevention/index.html","js","/sites/default/files/js/js_JxNk0XijPRI5QYwn5XlgSWW1Bx0YJQ3HYOHPIZ4Crx4.js","footer","2","en","usagov","eJx1jUEOwzAIBD8Ux09CBFPXrQMR4FT9fa3k3OPO7GqHY9Uz164b9uTx7U3qMi4KoQcInq1iNBXYWUb-r-Dlc_gpDvTm0kINmgRXuyr5VkikVmZeH6bTSlkm4Ey6Hyos4ev9kJIzGj03tB9w0UIH","scope=footer&delta=2&language=en&theme=usagov&include=eJx1jUEOwzAIBD8Ux09CBFPXrQMR4FT9fa3k3OPO7GqHY9Uz164b9uTx7U3qMi4KoQcInq1iNBXYWUb-r-Dlc_gpDvTm0kINmgRXuyr5VkikVmZeH6bTSlkm4Ey6Hyos4ev9kJIzGj03tB9w0UIH"
"./html/agencies/coordinating-council-on-juvenile-justice-and-delinquency-prevention/index.html","js","/themes/custom/usagov/scripts/modifyMobileNav.js","-","-","-","-","-",""
"./html/agencies/copyright-office/index.html","css","/sites/default/files/css/css__7_lnIX5SUimudYZT0iqhhe0r5Ev1QE4En7-BEPHMeY.css","-","-","en","usagov","eJwdykEOwCAIBMAP2fIkg5EQEtDDqo2_b-tlToONIUGFIWmCtS9S74X9wthuTdMyeUDHO3qdfmLmGtbynwQUXy0vYCIdnw","delta=0&language=en&theme=usagov&include=eJwdykEOwCAIBMAP2fIkg5EQEtDDqo2_b-tlToONIUGFIWmCtS9S74X9wthuTdMyeUDHO3qdfmLmGtbynwQUXy0vYCIdnw"
"./html/agencies/copyright-office/index.html","css","/sites/default/files/css/css_h8MbvwzFoPHon25psxDvs_qWZKIaWznJGeScqw5abGU.css","-","1","en","usagov","eJwdykEOwCAIBMAP2fIkg5EQEtDDqo2_b-tlToONIUGFIWmCtS9S74X9wthuTdMyeUDHO3qdfmLmGtbynwQUXy0vYCIdnw","delta=1&language=en&theme=usagov&include=eJwdykEOwCAIBMAP2fIkg5EQEtDDqo2_b-tlToONIUGFIWmCtS9S74X9wthuTdMyeUDHO3qdfmLmGtbynwQUXy0vYCIdnw"
"./html/agencies/copyright-office/index.html","js","/themes/custom/usagov/scripts/newFooter.js","-","-","-","-","-",""
"./html/agencies/copyright-office/index.html","js","/sites/default/files/js/js_sJY3bzJs3jirGGaSNreFUENeOZtDcSGccrkIaQj9Xmc.js","footer","-","en","usagov","eJx1jUEOwzAIBD8Ux09CBFPXrQMR4FT9fa3k3OPO7GqHY9Uz164b9uTx7U3qMi4KoQcInq1iNBXYWUb-r-Dlc_gpDvTm0kINmgRXuyr5VkikVmZeH6bTSlkm4Ey6Hyos4ev9kJIzGj03tB9w0UIH","scope=footer&delta=0&language=en&theme=usagov&include=eJx1jUEOwzAIBD8Ux09CBFPXrQMR4FT9fa3k3OPO7GqHY9Uz164b9uTx7U3qMi4KoQcInq1iNBXYWUb-r-Dlc_gpDvTm0kINmgRXuyr5VkikVmZeH6bTSlkm4Ey6Hyos4ev9kJIzGj03tB9w0UIH"
"./html/agencies/copyright-office/index.html","js","/modules/contrib/uswds_ckeditor_integration/js/aftermarket/uswds_accordion.js","-","-","-","-","-","sqrdwl"
"./html/agencies/copyright-office/index.html","js","/sites/default/files/js/js_JxNk0XijPRI5QYwn5XlgSWW1Bx0YJQ3HYOHPIZ4Crx4.js","footer","2","en","usagov","eJx1jUEOwzAIBD8Ux09CBFPXrQMR4FT9fa3k3OPO7GqHY9Uz164b9uTx7U3qMi4KoQcInq1iNBXYWUb-r-Dlc_gpDvTm0kINmgRXuyr5VkikVmZeH6bTSlkm4Ey6Hyos4ev9kJIzGj03tB9w0UIH","scope=footer&delta=2&language=en&theme=usagov&include=eJx1jUEOwzAIBD8Ux09CBFPXrQMR4FT9fa3k3OPO7GqHY9Uz164b9uTx7U3qMi4KoQcInq1iNBXYWUb-r-Dlc_gpDvTm0kINmgRXuyr5VkikVmZeH6bTSlkm4Ey6Hyos4ev9kJIzGj03tB9w0UIH"
"./html/agencies/copyright-office/index.html","js","/themes/custom/usagov/scripts/modifyMobileNav.js","-","-","-","-","-",""
"./html/agencies/council-of-economic-advisers/index.html","css","/sites/default/files/css/css__7_lnIX5SUimudYZT0iqhhe0r5Ev1QE4En7-BEPHMeY.css","-","-","en","usagov","eJwdykEOwCAIBMAP2fIkg5EQEtDDqo2_b-tlToONIUGFIWmCtS9S74X9wthuTdMyeUDHO3qdfmLmGtbynwQUXy0vYCIdnw","delta=0&language=en&theme=usagov&include=eJwdykEOwCAIBMAP2fIkg5EQEtDDqo2_b-tlToONIUGFIWmCtS9S74X9wthuTdMyeUDHO3qdfmLmGtbynwQUXy0vYCIdnw"
"./html/agencies/council-of-economic-advisers/index.html","css","/sites/default/files/css/css_h8MbvwzFoPHon25psxDvs_qWZKIaWznJGeScqw5abGU.css","-","1","en","usagov","eJwdykEOwCAIBMAP2fIkg5EQEtDDqo2_b-tlToONIUGFIWmCtS9S74X9wthuTdMyeUDHO3qdfmLmGtbynwQUXy0vYCIdnw","delta=1&language=en&theme=usagov&include=eJwdykEOwCAIBMAP2fIkg5EQEtDDqo2_b-tlToONIUGFIWmCtS9S74X9wthuTdMyeUDHO3qdfmLmGtbynwQUXy0vYCIdnw"
"./html/agencies/council-of-economic-advisers/index.html","js","/themes/custom/usagov/scripts/newFooter.js","-","-","-","-","-",""
"./html/agencies/council-of-economic-advisers/index.html","js","/sites/default/files/js/js_sJY3bzJs3jirGGaSNreFUENeOZtDcSGccrkIaQj9Xmc.js","footer","-","en","usagov","eJx1jUEOwzAIBD8Ux09CBFPXrQMR4FT9fa3k3OPO7GqHY9Uz164b9uTx7U3qMi4KoQcInq1iNBXYWUb-r-Dlc_gpDvTm0kINmgRXuyr5VkikVmZeH6bTSlkm4Ey6Hyos4ev9kJIzGj03tB9w0UIH","scope=footer&delta=0&language=en&theme=usagov&include=eJx1jUEOwzAIBD8Ux09CBFPXrQMR4FT9fa3k3OPO7GqHY9Uz164b9uTx7U3qMi4KoQcInq1iNBXYWUb-r-Dlc_gpDvTm0kINmgRXuyr5VkikVmZeH6bTSlkm4Ey6Hyos4ev9kJIzGj03tB9w0UIH"
"./html/agencies/council-of-economic-advisers/index.html","js","/modules/contrib/uswds_ckeditor_integration/js/aftermarket/uswds_accordion.js","-","-","-","-","-","sqrdwl"
"./html/agencies/council-of-economic-advisers/index.html","js","/sites/default/files/js/js_JxNk0XijPRI5QYwn5XlgSWW1Bx0YJQ3HYOHPIZ4Crx4.js","footer","2","en","usagov","eJx1jUEOwzAIBD8Ux09CBFPXrQMR4FT9fa3k3OPO7GqHY9Uz164b9uTx7U3qMi4KoQcInq1iNBXYWUb-r-Dlc_gpDvTm0kINmgRXuyr5VkikVmZeH6bTSlkm4Ey6Hyos4ev9kJIzGj03tB9w0UIH","scope=footer&delta=2&language=en&theme=usagov&include=eJx1jUEOwzAIBD8Ux09CBFPXrQMR4FT9fa3k3OPO7GqHY9Uz164b9uTx7U3qMi4KoQcInq1iNBXYWUb-r-Dlc_gpDvTm0kINmgRXuyr5VkikVmZeH6bTSlkm4Ey6Hyos4ev9kJIzGj03tB9w0UIH"
"./html/agencies/council-of-economic-advisers/index.html","js","/themes/custom/usagov/scripts/modifyMobileNav.js","-","-","-","-","-",""
"./html/agencies/council-of-the-inspectors-general-on-integrity-and-efficiency/index.html","css","/sites/default/files/css/css__7_lnIX5SUimudYZT0iqhhe0r5Ev1QE4En7-BEPHMeY.css","-","-","en","usagov","eJwdykEOwCAIBMAP2fIkg5EQEtDDqo2_b-tlToONIUGFIWmCtS9S74X9wthuTdMyeUDHO3qdfmLmGtbynwQUXy0vYCIdnw","delta=0&language=en&theme=usagov&include=eJwdykEOwCAIBMAP2fIkg5EQEtDDqo2_b-tlToONIUGFIWmCtS9S74X9wthuTdMyeUDHO3qdfmLmGtbynwQUXy0vYCIdnw"
"./html/agencies/council-of-the-inspectors-general-on-integrity-and-efficiency/index.html","css","/sites/default/files/css/css_h8MbvwzFoPHon25psxDvs_qWZKIaWznJGeScqw5abGU.css","-","1","en","usagov","eJwdykEOwCAIBMAP2fIkg5EQEtDDqo2_b-tlToONIUGFIWmCtS9S74X9wthuTdMyeUDHO3qdfmLmGtbynwQUXy0vYCIdnw","delta=1&language=en&theme=usagov&include=eJwdykEOwCAIBMAP2fIkg5EQEtDDqo2_b-tlToONIUGFIWmCtS9S74X9wthuTdMyeUDHO3qdfmLmGtbynwQUXy0vYCIdnw"
"./html/agencies/council-of-the-inspectors-general-on-integrity-and-efficiency/index.html","js","/themes/custom/usagov/scripts/newFooter.js","-","-","-","-","-",""
"./html/agencies/council-of-the-inspectors-general-on-integrity-and-efficiency/index.html","js","/sites/default/files/js/js_sJY3bzJs3jirGGaSNreFUENeOZtDcSGccrkIaQj9Xmc.js","footer","-","en","usagov","eJx1jUEOwzAIBD8Ux09CBFPXrQMR4FT9fa3k3OPO7GqHY9Uz164b9uTx7U3qMi4KoQcInq1iNBXYWUb-r-Dlc_gpDvTm0kINmgRXuyr5VkikVmZeH6bTSlkm4Ey6Hyos4ev9kJIzGj03tB9w0UIH","scope=footer&delta=0&language=en&theme=usagov&include=eJx1jUEOwzAIBD8Ux09CBFPXrQMR4FT9fa3k3OPO7GqHY9Uz164b9uTx7U3qMi4KoQcInq1iNBXYWUb-r-Dlc_gpDvTm0kINmgRXuyr5VkikVmZeH6bTSlkm4Ey6Hyos4ev9kJIzGj03tB9w0UIH"
"./html/agencies/council-of-the-inspectors-general-on-integrity-and-efficiency/index.html","js","/modules/contrib/uswds_ckeditor_integration/js/aftermarket/uswds_accordion.js","-","-","-","-","-","sqrdwl"
"./html/agencies/council-of-the-inspectors-general-on-integrity-and-efficiency/index.html","js","/sites/default/files/js/js_JxNk0XijPRI5QYwn5XlgSWW1Bx0YJQ3HYOHPIZ4Crx4.js","footer","2","en","usagov","eJx1jUEOwzAIBD8Ux09CBFPXrQMR4FT9fa3k3OPO7GqHY9Uz164b9uTx7U3qMi4KoQcInq1iNBXYWUb-r-Dlc_gpDvTm0kINmgRXuyr5VkikVmZeH6bTSlkm4Ey6Hyos4ev9kJIzGj03tB9w0UIH","scope=footer&delta=2&language=en&theme=usagov&include=eJx1jUEOwzAIBD8Ux09CBFPXrQMR4FT9fa3k3OPO7GqHY9Uz164b9uTx7U3qMi4KoQcInq1iNBXYWUb-r-Dlc_gpDvTm0kINmgRXuyr5VkikVmZeH6bTSlkm4Ey6Hyos4ev9kJIzGj03tB9w0UIH"
"./html/agencies/council-of-the-inspectors-general-on-integrity-and-efficiency/index.html","js","/themes/custom/usagov/scripts/modifyMobileNav.js","-","-","-","-","-",""
"./html/agencies/council-on-environmental-quality/index.html","css","/sites/default/files/css/css__7_lnIX5SUimudYZT0iqhhe0r5Ev1QE4En7-BEPHMeY.css","-","-","en","usagov","eJwdykEOwCAIBMAP2fIkg5EQEtDDqo2_b-tlToONIUGFIWmCtS9S74X9wthuTdMyeUDHO3qdfmLmGtbynwQUXy0vYCIdnw","delta=0&language=en&theme=usagov&include=eJwdykEOwCAIBMAP2fIkg5EQEtDDqo2_b-tlToONIUGFIWmCtS9S74X9wthuTdMyeUDHO3qdfmLmGtbynwQUXy0vYCIdnw"
"./html/agencies/council-on-environmental-quality/index.html","css","/sites/default/files/css/css_h8MbvwzFoPHon25psxDvs_qWZKIaWznJGeScqw5abGU.css","-","1","en","usagov","eJwdykEOwCAIBMAP2fIkg5EQEtDDqo2_b-tlToONIUGFIWmCtS9S74X9wthuTdMyeUDHO3qdfmLmGtbynwQUXy0vYCIdnw","delta=1&language=en&theme=usagov&include=eJwdykEOwCAIBMAP2fIkg5EQEtDDqo2_b-tlToONIUGFIWmCtS9S74X9wthuTdMyeUDHO3qdfmLmGtbynwQUXy0vYCIdnw"
"./html/agencies/council-on-environmental-quality/index.html","js","/themes/custom/usagov/scripts/newFooter.js","-","-","-","-","-",""
"./html/agencies/council-on-environmental-quality/index.html","js","/sites/default/files/js/js_sJY3bzJs3jirGGaSNreFUENeOZtDcSGccrkIaQj9Xmc.js","footer","-","en","usagov","eJx1jUEOwzAIBD8Ux09CBFPXrQMR4FT9fa3k3OPO7GqHY9Uz164b9uTx7U3qMi4KoQcInq1iNBXYWUb-r-Dlc_gpDvTm0kINmgRXuyr5VkikVmZeH6bTSlkm4Ey6Hyos4ev9kJIzGj03tB9w0UIH","scope=footer&delta=0&language=en&theme=usagov&include=eJx1jUEOwzAIBD8Ux09CBFPXrQMR4FT9fa3k3OPO7GqHY9Uz164b9uTx7U3qMi4KoQcInq1iNBXYWUb-r-Dlc_gpDvTm0kINmgRXuyr5VkikVmZeH6bTSlkm4Ey6Hyos4ev9kJIzGj03tB9w0UIH"
"./html/agencies/council-on-environmental-quality/index.html","js","/modules/contrib/uswds_ckeditor_integration/js/aftermarket/uswds_accordion.js","-","-","-","-","-","sqrdwl"
"./html/agencies/council-on-environmental-quality/index.html","js","/sites/default/files/js/js_JxNk0XijPRI5QYwn5XlgSWW1Bx0YJQ3HYOHPIZ4Crx4.js","footer","2","en","usagov","eJx1jUEOwzAIBD8Ux09CBFPXrQMR4FT9fa3k3OPO7GqHY9Uz164b9uTx7U3qMi4KoQcInq1iNBXYWUb-r-Dlc_gpDvTm0kINmgRXuyr5VkikVmZeH6bTSlkm4Ey6Hyos4ev9kJIzGj03tB9w0UIH","scope=footer&delta=2&language=en&theme=usagov&include=eJx1jUEOwzAIBD8Ux09CBFPXrQMR4FT9fa3k3OPO7GqHY9Uz164b9uTx7U3qMi4KoQcInq1iNBXYWUb-r-Dlc_gpDvTm0kINmgRXuyr5VkikVmZeH6bTSlkm4Ey6Hyos4ev9kJIzGj03tB9w0UIH"
"./html/agencies/council-on-environmental-quality/index.html","js","/themes/custom/usagov/scripts/modifyMobileNav.js","-","-","-","-","-",""
"./html/agencies/court-of-appeals-for-the-armed-forces/index.html","css","/sites/default/files/css/css__7_lnIX5SUimudYZT0iqhhe0r5Ev1QE4En7-BEPHMeY.css","-","-","en","usagov","eJwdykEOwCAIBMAP2fIkg5EQEtDDqo2_b-tlToONIUGFIWmCtS9S74X9wthuTdMyeUDHO3qdfmLmGtbynwQUXy0vYCIdnw","delta=0&language=en&theme=usagov&include=eJwdykEOwCAIBMAP2fIkg5EQEtDDqo2_b-tlToONIUGFIWmCtS9S74X9wthuTdMyeUDHO3qdfmLmGtbynwQUXy0vYCIdnw"
"./html/agencies/court-of-appeals-for-the-armed-forces/index.html","css","/sites/default/files/css/css_h8MbvwzFoPHon25psxDvs_qWZKIaWznJGeScqw5abGU.css","-","1","en","usagov","eJwdykEOwCAIBMAP2fIkg5EQEtDDqo2_b-tlToONIUGFIWmCtS9S74X9wthuTdMyeUDHO3qdfmLmGtbynwQUXy0vYCIdnw","delta=1&language=en&theme=usagov&include=eJwdykEOwCAIBMAP2fIkg5EQEtDDqo2_b-tlToONIUGFIWmCtS9S74X9wthuTdMyeUDHO3qdfmLmGtbynwQUXy0vYCIdnw"
"./html/agencies/court-of-appeals-for-the-armed-forces/index.html","js","/themes/custom/usagov/scripts/newFooter.js","-","-","-","-","-",""
"./html/agencies/court-of-appeals-for-the-armed-forces/index.html","js","/sites/default/files/js/js_sJY3bzJs3jirGGaSNreFUENeOZtDcSGccrkIaQj9Xmc.js","footer","-","en","usagov","eJx1jUEOwzAIBD8Ux09CBFPXrQMR4FT9fa3k3OPO7GqHY9Uz164b9uTx7U3qMi4KoQcInq1iNBXYWUb-r-Dlc_gpDvTm0kINmgRXuyr5VkikVmZeH6bTSlkm4Ey6Hyos4ev9kJIzGj03tB9w0UIH","scope=footer&delta=0&language=en&theme=usagov&include=eJx1jUEOwzAIBD8Ux09CBFPXrQMR4FT9fa3k3OPO7GqHY9Uz164b9uTx7U3qMi4KoQcInq1iNBXYWUb-r-Dlc_gpDvTm0kINmgRXuyr5VkikVmZeH6bTSlkm4Ey6Hyos4ev9kJIzGj03tB9w0UIH"
"./html/agencies/court-of-appeals-for-the-armed-forces/index.html","js","/modules/contrib/uswds_ckeditor_integration/js/aftermarket/uswds_accordion.js","-","-","-","-","-","sqrdwl"
"./html/agencies/court-of-appeals-for-the-armed-forces/index.html","js","/sites/default/files/js/js_JxNk0XijPRI5QYwn5XlgSWW1Bx0YJQ3HYOHPIZ4Crx4.js","footer","2","en","usagov","eJx1jUEOwzAIBD8Ux09CBFPXrQMR4FT9fa3k3OPO7GqHY9Uz164b9uTx7U3qMi4KoQcInq1iNBXYWUb-r-Dlc_gpDvTm0kINmgRXuyr5VkikVmZeH6bTSlkm4Ey6Hyos4ev9kJIzGj03tB9w0UIH","scope=footer&delta=2&language=en&theme=usagov&include=eJx1jUEOwzAIBD8Ux09CBFPXrQMR4FT9fa3k3OPO7GqHY9Uz164b9uTx7U3qMi4KoQcInq1iNBXYWUb-r-Dlc_gpDvTm0kINmgRXuyr5VkikVmZeH6bTSlkm4Ey6Hyos4ev9kJIzGj03tB9w0UIH"
"./html/agencies/court-of-appeals-for-the-armed-forces/index.html","js","/themes/custom/usagov/scripts/modifyMobileNav.js","-","-","-","-","-",""
"./html/agencies/court-of-appeals-for-the-federal-circuit/index.html","css","/sites/default/files/css/css__7_lnIX5SUimudYZT0iqhhe0r5Ev1QE4En7-BEPHMeY.css","-","-","en","usagov","eJwdykEOwCAIBMAP2fIkg5EQEtDDqo2_b-tlToONIUGFIWmCtS9S74X9wthuTdMyeUDHO3qdfmLmGtbynwQUXy0vYCIdnw","delta=0&language=en&theme=usagov&include=eJwdykEOwCAIBMAP2fIkg5EQEtDDqo2_b-tlToONIUGFIWmCtS9S74X9wthuTdMyeUDHO3qdfmLmGtbynwQUXy0vYCIdnw"
"./html/agencies/court-of-appeals-for-the-federal-circuit/index.html","css","/sites/default/files/css/css_h8MbvwzFoPHon25psxDvs_qWZKIaWznJGeScqw5abGU.css","-","1","en","usagov","eJwdykEOwCAIBMAP2fIkg5EQEtDDqo2_b-tlToONIUGFIWmCtS9S74X9wthuTdMyeUDHO3qdfmLmGtbynwQUXy0vYCIdnw","delta=1&language=en&theme=usagov&include=eJwdykEOwCAIBMAP2fIkg5EQEtDDqo2_b-tlToONIUGFIWmCtS9S74X9wthuTdMyeUDHO3qdfmLmGtbynwQUXy0vYCIdnw"
"./html/agencies/court-of-appeals-for-the-federal-circuit/index.html","js","/themes/custom/usagov/scripts/newFooter.js","-","-","-","-","-",""
"./html/agencies/court-of-appeals-for-the-federal-circuit/index.html","js","/sites/default/files/js/js_sJY3bzJs3jirGGaSNreFUENeOZtDcSGccrkIaQj9Xmc.js","footer","-","en","usagov","eJx1jUEOwzAIBD8Ux09CBFPXrQMR4FT9fa3k3OPO7GqHY9Uz164b9uTx7U3qMi4KoQcInq1iNBXYWUb-r-Dlc_gpDvTm0kINmgRXuyr5VkikVmZeH6bTSlkm4Ey6Hyos4ev9kJIzGj03tB9w0UIH","scope=footer&delta=0&language=en&theme=usagov&include=eJx1jUEOwzAIBD8Ux09CBFPXrQMR4FT9fa3k3OPO7GqHY9Uz164b9uTx7U3qMi4KoQcInq1iNBXYWUb-r-Dlc_gpDvTm0kINmgRXuyr5VkikVmZeH6bTSlkm4Ey6Hyos4ev9kJIzGj03tB9w0UIH"
"./html/agencies/court-of-appeals-for-the-federal-circuit/index.html","js","/modules/contrib/uswds_ckeditor_integration/js/aftermarket/uswds_accordion.js","-","-","-","-","-","sqrdwl"
"./html/agencies/court-of-appeals-for-the-federal-circuit/index.html","js","/sites/default/files/js/js_JxNk0XijPRI5QYwn5XlgSWW1Bx0YJQ3HYOHPIZ4Crx4.js","footer","2","en","usagov","eJx1jUEOwzAIBD8Ux09CBFPXrQMR4FT9fa3k3OPO7GqHY9Uz164b9uTx7U3qMi4KoQcInq1iNBXYWUb-r-Dlc_gpDvTm0kINmgRXuyr5VkikVmZeH6bTSlkm4Ey6Hyos4ev9kJIzGj03tB9w0UIH","scope=footer&delta=2&language=en&theme=usagov&include=eJx1jUEOwzAIBD8Ux09CBFPXrQMR4FT9fa3k3OPO7GqHY9Uz164b9uTx7U3qMi4KoQcInq1iNBXYWUb-r-Dlc_gpDvTm0kINmgRXuyr5VkikVmZeH6bTSlkm4Ey6Hyos4ev9kJIzGj03tB9w0UIH"
"./html/agencies/court-of-appeals-for-the-federal-circuit/index.html","js","/themes/custom/usagov/scripts/modifyMobileNav.js","-","-","-","-","-",""
"./html/agencies/court-of-federal-claims/index.html","css","/sites/default/files/css/css__7_lnIX5SUimudYZT0iqhhe0r5Ev1QE4En7-BEPHMeY.css","-","-","en","usagov","eJwdykEOwCAIBMAP2fIkg5EQEtDDqo2_b-tlToONIUGFIWmCtS9S74X9wthuTdMyeUDHO3qdfmLmGtbynwQUXy0vYCIdnw","delta=0&language=en&theme=usagov&include=eJwdykEOwCAIBMAP2fIkg5EQEtDDqo2_b-tlToONIUGFIWmCtS9S74X9wthuTdMyeUDHO3qdfmLmGtbynwQUXy0vYCIdnw"
"./html/agencies/court-of-federal-claims/index.html","css","/sites/default/files/css/css_h8MbvwzFoPHon25psxDvs_qWZKIaWznJGeScqw5abGU.css","-","1","en","usagov","eJwdykEOwCAIBMAP2fIkg5EQEtDDqo2_b-tlToONIUGFIWmCtS9S74X9wthuTdMyeUDHO3qdfmLmGtbynwQUXy0vYCIdnw","delta=1&language=en&theme=usagov&include=eJwdykEOwCAIBMAP2fIkg5EQEtDDqo2_b-tlToONIUGFIWmCtS9S74X9wthuTdMyeUDHO3qdfmLmGtbynwQUXy0vYCIdnw"
"./html/agencies/court-of-federal-claims/index.html","js","/themes/custom/usagov/scripts/newFooter.js","-","-","-","-","-",""
"./html/agencies/court-of-federal-claims/index.html","js","/sites/default/files/js/js_sJY3bzJs3jirGGaSNreFUENeOZtDcSGccrkIaQj9Xmc.js","footer","-","en","usagov","eJx1jUEOwzAIBD8Ux09CBFPXrQMR4FT9fa3k3OPO7GqHY9Uz164b9uTx7U3qMi4KoQcInq1iNBXYWUb-r-Dlc_gpDvTm0kINmgRXuyr5VkikVmZeH6bTSlkm4Ey6Hyos4ev9kJIzGj03tB9w0UIH","scope=footer&delta=0&language=en&theme=usagov&include=eJx1jUEOwzAIBD8Ux09CBFPXrQMR4FT9fa3k3OPO7GqHY9Uz164b9uTx7U3qMi4KoQcInq1iNBXYWUb-r-Dlc_gpDvTm0kINmgRXuyr5VkikVmZeH6bTSlkm4Ey6Hyos4ev9kJIzGj03tB9w0UIH"
"./html/agencies/court-of-federal-claims/index.html","js","/modules/contrib/uswds_ckeditor_integration/js/aftermarket/uswds_accordion.js","-","-","-","-","-","sqrdwl"
"./html/agencies/court-of-federal-claims/index.html","js","/sites/default/files/js/js_JxNk0XijPRI5QYwn5XlgSWW1Bx0YJQ3HYOHPIZ4Crx4.js","footer","2","en","usagov","eJx1jUEOwzAIBD8Ux09CBFPXrQMR4FT9fa3k3OPO7GqHY9Uz164b9uTx7U3qMi4KoQcInq1iNBXYWUb-r-Dlc_gpDvTm0kINmgRXuyr5VkikVmZeH6bTSlkm4Ey6Hyos4ev9kJIzGj03tB9w0UIH","scope=footer&delta=2&language=en&theme=usagov&include=eJx1jUEOwzAIBD8Ux09CBFPXrQMR4FT9fa3k3OPO7GqHY9Uz164b9uTx7U3qMi4KoQcInq1iNBXYWUb-r-Dlc_gpDvTm0kINmgRXuyr5VkikVmZeH6bTSlkm4Ey6Hyos4ev9kJIzGj03tB9w0UIH"
"./html/agencies/court-of-federal-claims/index.html","js","/themes/custom/usagov/scripts/modifyMobileNav.js","-","-","-","-","-",""
"./html/agencies/court-of-international-trade/index.html","css","/sites/default/files/css/css__7_lnIX5SUimudYZT0iqhhe0r5Ev1QE4En7-BEPHMeY.css","-","-","en","usagov","eJwdykEOwCAIBMAP2fIkg5EQEtDDqo2_b-tlToONIUGFIWmCtS9S74X9wthuTdMyeUDHO3qdfmLmGtbynwQUXy0vYCIdnw","delta=0&language=en&theme=usagov&include=eJwdykEOwCAIBMAP2fIkg5EQEtDDqo2_b-tlToONIUGFIWmCtS9S74X9wthuTdMyeUDHO3qdfmLmGtbynwQUXy0vYCIdnw"
"./html/agencies/court-of-international-trade/index.html","css","/sites/default/files/css/css_h8MbvwzFoPHon25psxDvs_qWZKIaWznJGeScqw5abGU.css","-","1","en","usagov","eJwdykEOwCAIBMAP2fIkg5EQEtDDqo2_b-tlToONIUGFIWmCtS9S74X9wthuTdMyeUDHO3qdfmLmGtbynwQUXy0vYCIdnw","delta=1&language=en&theme=usagov&include=eJwdykEOwCAIBMAP2fIkg5EQEtDDqo2_b-tlToONIUGFIWmCtS9S74X9wthuTdMyeUDHO3qdfmLmGtbynwQUXy0vYCIdnw"
"./html/agencies/court-of-international-trade/index.html","js","/themes/custom/usagov/scripts/newFooter.js","-","-","-","-","-",""
"./html/agencies/court-of-international-trade/index.html","js","/sites/default/files/js/js_sJY3bzJs3jirGGaSNreFUENeOZtDcSGccrkIaQj9Xmc.js","footer","-","en","usagov","eJx1jUEOwzAIBD8Ux09CBFPXrQMR4FT9fa3k3OPO7GqHY9Uz164b9uTx7U3qMi4KoQcInq1iNBXYWUb-r-Dlc_gpDvTm0kINmgRXuyr5VkikVmZeH6bTSlkm4Ey6Hyos4ev9kJIzGj03tB9w0UIH","scope=footer&delta=0&language=en&theme=usagov&include=eJx1jUEOwzAIBD8Ux09CBFPXrQMR4FT9fa3k3OPO7GqHY9Uz164b9uTx7U3qMi4KoQcInq1iNBXYWUb-r-Dlc_gpDvTm0kINmgRXuyr5VkikVmZeH6bTSlkm4Ey6Hyos4ev9kJIzGj03tB9w0UIH"
"./html/agencies/court-of-international-trade/index.html","js","/modules/contrib/uswds_ckeditor_integration/js/aftermarket/uswds_accordion.js","-","-","-","-","-","sqrdwl"
"./html/agencies/court-of-international-trade/index.html","js","/sites/default/files/js/js_JxNk0XijPRI5QYwn5XlgSWW1Bx0YJQ3HYOHPIZ4Crx4.js","footer","2","en","usagov","eJx1jUEOwzAIBD8Ux09CBFPXrQMR4FT9fa3k3OPO7GqHY9Uz164b9uTx7U3qMi4KoQcInq1iNBXYWUb-r-Dlc_gpDvTm0kINmgRXuyr5VkikVmZeH6bTSlkm4Ey6Hyos4ev9kJIzGj03tB9w0UIH","scope=footer&delta=2&language=en&theme=usagov&include=eJx1jUEOwzAIBD8Ux09CBFPXrQMR4FT9fa3k3OPO7GqHY9Uz164b9uTx7U3qMi4KoQcInq1iNBXYWUb-r-Dlc_gpDvTm0kINmgRXuyr5VkikVmZeH6bTSlkm4Ey6Hyos4ev9kJIzGj03tB9w0UIH"
"./html/agencies/court-of-international-trade/index.html","js","/themes/custom/usagov/scripts/modifyMobileNav.js","-","-","-","-","-",""
"./html/agencies/court-services-and-offender-supervision-agency-for-the-district-of-columbia/index.html","css","/sites/default/files/css/css__7_lnIX5SUimudYZT0iqhhe0r5Ev1QE4En7-BEPHMeY.css","-","-","en","usagov","eJwdykEOwCAIBMAP2fIkg5EQEtDDqo2_b-tlToONIUGFIWmCtS9S74X9wthuTdMyeUDHO3qdfmLmGtbynwQUXy0vYCIdnw","delta=0&language=en&theme=usagov&include=eJwdykEOwCAIBMAP2fIkg5EQEtDDqo2_b-tlToONIUGFIWmCtS9S74X9wthuTdMyeUDHO3qdfmLmGtbynwQUXy0vYCIdnw"
"./html/agencies/court-services-and-offender-supervision-agency-for-the-district-of-columbia/index.html","css","/sites/default/files/css/css_h8MbvwzFoPHon25psxDvs_qWZKIaWznJGeScqw5abGU.css","-","1","en","usagov","eJwdykEOwCAIBMAP2fIkg5EQEtDDqo2_b-tlToONIUGFIWmCtS9S74X9wthuTdMyeUDHO3qdfmLmGtbynwQUXy0vYCIdnw","delta=1&language=en&theme=usagov&include=eJwdykEOwCAIBMAP2fIkg5EQEtDDqo2_b-tlToONIUGFIWmCtS9S74X9wthuTdMyeUDHO3qdfmLmGtbynwQUXy0vYCIdnw"
"./html/agencies/court-services-and-offender-supervision-agency-for-the-district-of-columbia/index.html","js","/themes/custom/usagov/scripts/newFooter.js","-","-","-","-","-",""
"./html/agencies/court-services-and-offender-supervision-agency-for-the-district-of-columbia/index.html","js","/sites/default/files/js/js_sJY3bzJs3jirGGaSNreFUENeOZtDcSGccrkIaQj9Xmc.js","footer","-","en","usagov","eJx1jUEOwzAIBD8Ux09CBFPXrQMR4FT9fa3k3OPO7GqHY9Uz164b9uTx7U3qMi4KoQcInq1iNBXYWUb-r-Dlc_gpDvTm0kINmgRXuyr5VkikVmZeH6bTSlkm4Ey6Hyos4ev9kJIzGj03tB9w0UIH","scope=footer&delta=0&language=en&theme=usagov&include=eJx1jUEOwzAIBD8Ux09CBFPXrQMR4FT9fa3k3OPO7GqHY9Uz164b9uTx7U3qMi4KoQcInq1iNBXYWUb-r-Dlc_gpDvTm0kINmgRXuyr5VkikVmZeH6bTSlkm4Ey6Hyos4ev9kJIzGj03tB9w0UIH"
"./html/agencies/court-services-and-offender-supervision-agency-for-the-district-of-columbia/index.html","js","/modules/contrib/uswds_ckeditor_integration/js/aftermarket/uswds_accordion.js","-","-","-","-","-","sqrdwl"
"./html/agencies/court-services-and-offender-supervision-agency-for-the-district-of-columbia/index.html","js","/sites/default/files/js/js_JxNk0XijPRI5QYwn5XlgSWW1Bx0YJQ3HYOHPIZ4Crx4.js","footer","2","en","usagov","eJx1jUEOwzAIBD8Ux09CBFPXrQMR4FT9fa3k3OPO7GqHY9Uz164b9uTx7U3qMi4KoQcInq1iNBXYWUb-r-Dlc_gpDvTm0kINmgRXuyr5VkikVmZeH6bTSlkm4Ey6Hyos4ev9kJIzGj03tB9w0UIH","scope=footer&delta=2&language=en&theme=usagov&include=eJx1jUEOwzAIBD8Ux09CBFPXrQMR4FT9fa3k3OPO7GqHY9Uz164b9uTx7U3qMi4KoQcInq1iNBXYWUb-r-Dlc_gpDvTm0kINmgRXuyr5VkikVmZeH6bTSlkm4Ey6Hyos4ev9kJIzGj03tB9w0UIH"
"./html/agencies/court-services-and-offender-supervision-agency-for-the-district-of-columbia/index.html","js","/themes/custom/usagov/scripts/modifyMobileNav.js","-","-","-","-","-",""
"./html/agencies/cybersecurity-and-infrastructure-security-agency/index.html","css","/sites/default/files/css/css__7_lnIX5SUimudYZT0iqhhe0r5Ev1QE4En7-BEPHMeY.css","-","-","en","usagov","eJwdykEOwCAIBMAP2fIkg5EQEtDDqo2_b-tlToONIUGFIWmCtS9S74X9wthuTdMyeUDHO3qdfmLmGtbynwQUXy0vYCIdnw","delta=0&language=en&theme=usagov&include=eJwdykEOwCAIBMAP2fIkg5EQEtDDqo2_b-tlToONIUGFIWmCtS9S74X9wthuTdMyeUDHO3qdfmLmGtbynwQUXy0vYCIdnw"
"./html/agencies/cybersecurity-and-infrastructure-security-agency/index.html","css","/sites/default/files/css/css_h8MbvwzFoPHon25psxDvs_qWZKIaWznJGeScqw5abGU.css","-","1","en","usagov","eJwdykEOwCAIBMAP2fIkg5EQEtDDqo2_b-tlToONIUGFIWmCtS9S74X9wthuTdMyeUDHO3qdfmLmGtbynwQUXy0vYCIdnw","delta=1&language=en&theme=usagov&include=eJwdykEOwCAIBMAP2fIkg5EQEtDDqo2_b-tlToONIUGFIWmCtS9S74X9wthuTdMyeUDHO3qdfmLmGtbynwQUXy0vYCIdnw"
"./html/agencies/cybersecurity-and-infrastructure-security-agency/index.html","js","/themes/custom/usagov/scripts/newFooter.js","-","-","-","-","-",""
"./html/agencies/cybersecurity-and-infrastructure-security-agency/index.html","js","/sites/default/files/js/js_sJY3bzJs3jirGGaSNreFUENeOZtDcSGccrkIaQj9Xmc.js","footer","-","en","usagov","eJx1jUEOwzAIBD8Ux09CBFPXrQMR4FT9fa3k3OPO7GqHY9Uz164b9uTx7U3qMi4KoQcInq1iNBXYWUb-r-Dlc_gpDvTm0kINmgRXuyr5VkikVmZeH6bTSlkm4Ey6Hyos4ev9kJIzGj03tB9w0UIH","scope=footer&delta=0&language=en&theme=usagov&include=eJx1jUEOwzAIBD8Ux09CBFPXrQMR4FT9fa3k3OPO7GqHY9Uz164b9uTx7U3qMi4KoQcInq1iNBXYWUb-r-Dlc_gpDvTm0kINmgRXuyr5VkikVmZeH6bTSlkm4Ey6Hyos4ev9kJIzGj03tB9w0UIH"
"./html/agencies/cybersecurity-and-infrastructure-security-agency/index.html","js","/modules/contrib/uswds_ckeditor_integration/js/aftermarket/uswds_accordion.js","-","-","-","-","-","sqrdwl"
"./html/agencies/cybersecurity-and-infrastructure-security-agency/index.html","js","/sites/default/files/js/js_JxNk0XijPRI5QYwn5XlgSWW1Bx0YJQ3HYOHPIZ4Crx4.js","footer","2","en","usagov","eJx1jUEOwzAIBD8Ux09CBFPXrQMR4FT9fa3k3OPO7GqHY9Uz164b9uTx7U3qMi4KoQcInq1iNBXYWUb-r-Dlc_gpDvTm0kINmgRXuyr5VkikVmZeH6bTSlkm4Ey6Hyos4ev9kJIzGj03tB9w0UIH","scope=footer&delta=2&language=en&theme=usagov&include=eJx1jUEOwzAIBD8Ux09CBFPXrQMR4FT9fa3k3OPO7GqHY9Uz164b9uTx7U3qMi4KoQcInq1iNBXYWUb-r-Dlc_gpDvTm0kINmgRXuyr5VkikVmZeH6bTSlkm4Ey6Hyos4ev9kJIzGj03tB9w0UIH"
"./html/agencies/cybersecurity-and-infrastructure-security-agency/index.html","js","/themes/custom/usagov/scripts/modifyMobileNav.js","-","-","-","-","-",""
"./html/agencies/defense-advanced-research-projects-agency/index.html","css","/sites/default/files/css/css__7_lnIX5SUimudYZT0iqhhe0r5Ev1QE4En7-BEPHMeY.css","-","-","en","usagov","eJwdykEOwCAIBMAP2fIkg5EQEtDDqo2_b-tlToONIUGFIWmCtS9S74X9wthuTdMyeUDHO3qdfmLmGtbynwQUXy0vYCIdnw","delta=0&language=en&theme=usagov&include=eJwdykEOwCAIBMAP2fIkg5EQEtDDqo2_b-tlToONIUGFIWmCtS9S74X9wthuTdMyeUDHO3qdfmLmGtbynwQUXy0vYCIdnw"
"./html/agencies/defense-advanced-research-projects-agency/index.html","css","/sites/default/files/css/css_h8MbvwzFoPHon25psxDvs_qWZKIaWznJGeScqw5abGU.css","-","1","en","usagov","eJwdykEOwCAIBMAP2fIkg5EQEtDDqo2_b-tlToONIUGFIWmCtS9S74X9wthuTdMyeUDHO3qdfmLmGtbynwQUXy0vYCIdnw","delta=1&language=en&theme=usagov&include=eJwdykEOwCAIBMAP2fIkg5EQEtDDqo2_b-tlToONIUGFIWmCtS9S74X9wthuTdMyeUDHO3qdfmLmGtbynwQUXy0vYCIdnw"
"./html/agencies/defense-advanced-research-projects-agency/index.html","js","/themes/custom/usagov/scripts/newFooter.js","-","-","-","-","-",""
"./html/agencies/defense-advanced-research-projects-agency/index.html","js","/sites/default/files/js/js_sJY3bzJs3jirGGaSNreFUENeOZtDcSGccrkIaQj9Xmc.js","footer","-","en","usagov","eJx1jUEOwzAIBD8Ux09CBFPXrQMR4FT9fa3k3OPO7GqHY9Uz164b9uTx7U3qMi4KoQcInq1iNBXYWUb-r-Dlc_gpDvTm0kINmgRXuyr5VkikVmZeH6bTSlkm4Ey6Hyos4ev9kJIzGj03tB9w0UIH","scope=footer&delta=0&language=en&theme=usagov&include=eJx1jUEOwzAIBD8Ux09CBFPXrQMR4FT9fa3k3OPO7GqHY9Uz164b9uTx7U3qMi4KoQcInq1iNBXYWUb-r-Dlc_gpDvTm0kINmgRXuyr5VkikVmZeH6bTSlkm4Ey6Hyos4ev9kJIzGj03tB9w0UIH"
"./html/agencies/defense-advanced-research-projects-agency/index.html","js","/modules/contrib/uswds_ckeditor_integration/js/aftermarket/uswds_accordion.js","-","-","-","-","-","sqrdwl"
"./html/agencies/defense-advanced-research-projects-agency/index.html","js","/sites/default/files/js/js_JxNk0XijPRI5QYwn5XlgSWW1Bx0YJQ3HYOHPIZ4Crx4.js","footer","2","en","usagov","eJx1jUEOwzAIBD8Ux09CBFPXrQMR4FT9fa3k3OPO7GqHY9Uz164b9uTx7U3qMi4KoQcInq1iNBXYWUb-r-Dlc_gpDvTm0kINmgRXuyr5VkikVmZeH6bTSlkm4Ey6Hyos4ev9kJIzGj03tB9w0UIH","scope=footer&delta=2&language=en&theme=usagov&include=eJx1jUEOwzAIBD8Ux09CBFPXrQMR4FT9fa3k3OPO7GqHY9Uz164b9uTx7U3qMi4KoQcInq1iNBXYWUb-r-Dlc_gpDvTm0kINmgRXuyr5VkikVmZeH6bTSlkm4Ey6Hyos4ev9kJIzGj03tB9w0UIH"
"./html/agencies/defense-advanced-research-projects-agency/index.html","js","/themes/custom/usagov/scripts/modifyMobileNav.js","-","-","-","-","-",""
"./html/agencies/defense-commissary-agency/index.html","css","/sites/default/files/css/css__7_lnIX5SUimudYZT0iqhhe0r5Ev1QE4En7-BEPHMeY.css","-","-","en","usagov","eJwdykEOwCAIBMAP2fIkg5EQEtDDqo2_b-tlToONIUGFIWmCtS9S74X9wthuTdMyeUDHO3qdfmLmGtbynwQUXy0vYCIdnw","delta=0&language=en&theme=usagov&include=eJwdykEOwCAIBMAP2fIkg5EQEtDDqo2_b-tlToONIUGFIWmCtS9S74X9wthuTdMyeUDHO3qdfmLmGtbynwQUXy0vYCIdnw"
"./html/agencies/defense-commissary-agency/index.html","css","/sites/default/files/css/css_h8MbvwzFoPHon25psxDvs_qWZKIaWznJGeScqw5abGU.css","-","1","en","usagov","eJwdykEOwCAIBMAP2fIkg5EQEtDDqo2_b-tlToONIUGFIWmCtS9S74X9wthuTdMyeUDHO3qdfmLmGtbynwQUXy0vYCIdnw","delta=1&language=en&theme=usagov&include=eJwdykEOwCAIBMAP2fIkg5EQEtDDqo2_b-tlToONIUGFIWmCtS9S74X9wthuTdMyeUDHO3qdfmLmGtbynwQUXy0vYCIdnw"
"./html/agencies/defense-commissary-agency/index.html","js","/themes/custom/usagov/scripts/newFooter.js","-","-","-","-","-",""
"./html/agencies/defense-commissary-agency/index.html","js","/sites/default/files/js/js_sJY3bzJs3jirGGaSNreFUENeOZtDcSGccrkIaQj9Xmc.js","footer","-","en","usagov","eJx1jUEOwzAIBD8Ux09CBFPXrQMR4FT9fa3k3OPO7GqHY9Uz164b9uTx7U3qMi4KoQcInq1iNBXYWUb-r-Dlc_gpDvTm0kINmgRXuyr5VkikVmZeH6bTSlkm4Ey6Hyos4ev9kJIzGj03tB9w0UIH","scope=footer&delta=0&language=en&theme=usagov&include=eJx1jUEOwzAIBD8Ux09CBFPXrQMR4FT9fa3k3OPO7GqHY9Uz164b9uTx7U3qMi4KoQcInq1iNBXYWUb-r-Dlc_gpDvTm0kINmgRXuyr5VkikVmZeH6bTSlkm4Ey6Hyos4ev9kJIzGj03tB9w0UIH"
"./html/agencies/defense-commissary-agency/index.html","js","/modules/contrib/uswds_ckeditor_integration/js/aftermarket/uswds_accordion.js","-","-","-","-","-","sqrdwl"
"./html/agencies/defense-commissary-agency/index.html","js","/sites/default/files/js/js_JxNk0XijPRI5QYwn5XlgSWW1Bx0YJQ3HYOHPIZ4Crx4.js","footer","2","en","usagov","eJx1jUEOwzAIBD8Ux09CBFPXrQMR4FT9fa3k3OPO7GqHY9Uz164b9uTx7U3qMi4KoQcInq1iNBXYWUb-r-Dlc_gpDvTm0kINmgRXuyr5VkikVmZeH6bTSlkm4Ey6Hyos4ev9kJIzGj03tB9w0UIH","scope=footer&delta=2&language=en&theme=usagov&include=eJx1jUEOwzAIBD8Ux09CBFPXrQMR4FT9fa3k3OPO7GqHY9Uz164b9uTx7U3qMi4KoQcInq1iNBXYWUb-r-Dlc_gpDvTm0kINmgRXuyr5VkikVmZeH6bTSlkm4Ey6Hyos4ev9kJIzGj03tB9w0UIH"
"./html/agencies/defense-commissary-agency/index.html","js","/themes/custom/usagov/scripts/modifyMobileNav.js","-","-","-","-","-",""
"./html/agencies/defense-contract-audit-agency/index.html","css","/sites/default/files/css/css__7_lnIX5SUimudYZT0iqhhe0r5Ev1QE4En7-BEPHMeY.css","-","-","en","usagov","eJwdykEOwCAIBMAP2fIkg5EQEtDDqo2_b-tlToONIUGFIWmCtS9S74X9wthuTdMyeUDHO3qdfmLmGtbynwQUXy0vYCIdnw","delta=0&language=en&theme=usagov&include=eJwdykEOwCAIBMAP2fIkg5EQEtDDqo2_b-tlToONIUGFIWmCtS9S74X9wthuTdMyeUDHO3qdfmLmGtbynwQUXy0vYCIdnw"
"./html/agencies/defense-contract-audit-agency/index.html","css","/sites/default/files/css/css_h8MbvwzFoPHon25psxDvs_qWZKIaWznJGeScqw5abGU.css","-","1","en","usagov","eJwdykEOwCAIBMAP2fIkg5EQEtDDqo2_b-tlToONIUGFIWmCtS9S74X9wthuTdMyeUDHO3qdfmLmGtbynwQUXy0vYCIdnw","delta=1&language=en&theme=usagov&include=eJwdykEOwCAIBMAP2fIkg5EQEtDDqo2_b-tlToONIUGFIWmCtS9S74X9wthuTdMyeUDHO3qdfmLmGtbynwQUXy0vYCIdnw"
"./html/agencies/defense-contract-audit-agency/index.html","js","/themes/custom/usagov/scripts/newFooter.js","-","-","-","-","-",""
"./html/agencies/defense-contract-audit-agency/index.html","js","/sites/default/files/js/js_sJY3bzJs3jirGGaSNreFUENeOZtDcSGccrkIaQj9Xmc.js","footer","-","en","usagov","eJx1jUEOwzAIBD8Ux09CBFPXrQMR4FT9fa3k3OPO7GqHY9Uz164b9uTx7U3qMi4KoQcInq1iNBXYWUb-r-Dlc_gpDvTm0kINmgRXuyr5VkikVmZeH6bTSlkm4Ey6Hyos4ev9kJIzGj03tB9w0UIH","scope=footer&delta=0&language=en&theme=usagov&include=eJx1jUEOwzAIBD8Ux09CBFPXrQMR4FT9fa3k3OPO7GqHY9Uz164b9uTx7U3qMi4KoQcInq1iNBXYWUb-r-Dlc_gpDvTm0kINmgRXuyr5VkikVmZeH6bTSlkm4Ey6Hyos4ev9kJIzGj03tB9w0UIH"
"./html/agencies/defense-contract-audit-agency/index.html","js","/modules/contrib/uswds_ckeditor_integration/js/aftermarket/uswds_accordion.js","-","-","-","-","-","sqrdwl"
"./html/agencies/defense-contract-audit-agency/index.html","js","/sites/default/files/js/js_JxNk0XijPRI5QYwn5XlgSWW1Bx0YJQ3HYOHPIZ4Crx4.js","footer","2","en","usagov","eJx1jUEOwzAIBD8Ux09CBFPXrQMR4FT9fa3k3OPO7GqHY9Uz164b9uTx7U3qMi4KoQcInq1iNBXYWUb-r-Dlc_gpDvTm0kINmgRXuyr5VkikVmZeH6bTSlkm4Ey6Hyos4ev9kJIzGj03tB9w0UIH","scope=footer&delta=2&language=en&theme=usagov&include=eJx1jUEOwzAIBD8Ux09CBFPXrQMR4FT9fa3k3OPO7GqHY9Uz164b9uTx7U3qMi4KoQcInq1iNBXYWUb-r-Dlc_gpDvTm0kINmgRXuyr5VkikVmZeH6bTSlkm4Ey6Hyos4ev9kJIzGj03tB9w0UIH"
"./html/agencies/defense-contract-audit-agency/index.html","js","/themes/custom/usagov/scripts/modifyMobileNav.js","-","-","-","-","-",""
"./html/agencies/defense-contract-management-agency/index.html","css","/sites/default/files/css/css__7_lnIX5SUimudYZT0iqhhe0r5Ev1QE4En7-BEPHMeY.css","-","-","en","usagov","eJwdykEOwCAIBMAP2fIkg5EQEtDDqo2_b-tlToONIUGFIWmCtS9S74X9wthuTdMyeUDHO3qdfmLmGtbynwQUXy0vYCIdnw","delta=0&language=en&theme=usagov&include=eJwdykEOwCAIBMAP2fIkg5EQEtDDqo2_b-tlToONIUGFIWmCtS9S74X9wthuTdMyeUDHO3qdfmLmGtbynwQUXy0vYCIdnw"
"./html/agencies/defense-contract-management-agency/index.html","css","/sites/default/files/css/css_h8MbvwzFoPHon25psxDvs_qWZKIaWznJGeScqw5abGU.css","-","1","en","usagov","eJwdykEOwCAIBMAP2fIkg5EQEtDDqo2_b-tlToONIUGFIWmCtS9S74X9wthuTdMyeUDHO3qdfmLmGtbynwQUXy0vYCIdnw","delta=1&language=en&theme=usagov&include=eJwdykEOwCAIBMAP2fIkg5EQEtDDqo2_b-tlToONIUGFIWmCtS9S74X9wthuTdMyeUDHO3qdfmLmGtbynwQUXy0vYCIdnw"
"./html/agencies/defense-contract-management-agency/index.html","js","/themes/custom/usagov/scripts/newFooter.js","-","-","-","-","-",""
"./html/agencies/defense-contract-management-agency/index.html","js","/sites/default/files/js/js_sJY3bzJs3jirGGaSNreFUENeOZtDcSGccrkIaQj9Xmc.js","footer","-","en","usagov","eJx1jUEOwzAIBD8Ux09CBFPXrQMR4FT9fa3k3OPO7GqHY9Uz164b9uTx7U3qMi4KoQcInq1iNBXYWUb-r-Dlc_gpDvTm0kINmgRXuyr5VkikVmZeH6bTSlkm4Ey6Hyos4ev9kJIzGj03tB9w0UIH","scope=footer&delta=0&language=en&theme=usagov&include=eJx1jUEOwzAIBD8Ux09CBFPXrQMR4FT9fa3k3OPO7GqHY9Uz164b9uTx7U3qMi4KoQcInq1iNBXYWUb-r-Dlc_gpDvTm0kINmgRXuyr5VkikVmZeH6bTSlkm4Ey6Hyos4ev9kJIzGj03tB9w0UIH"
"./html/agencies/defense-contract-management-agency/index.html","js","/modules/contrib/uswds_ckeditor_integration/js/aftermarket/uswds_accordion.js","-","-","-","-","-","sqrdwl"
"./html/agencies/defense-contract-management-agency/index.html","js","/sites/default/files/js/js_JxNk0XijPRI5QYwn5XlgSWW1Bx0YJQ3HYOHPIZ4Crx4.js","footer","2","en","usagov","eJx1jUEOwzAIBD8Ux09CBFPXrQMR4FT9fa3k3OPO7GqHY9Uz164b9uTx7U3qMi4KoQcInq1iNBXYWUb-r-Dlc_gpDvTm0kINmgRXuyr5VkikVmZeH6bTSlkm4Ey6Hyos4ev9kJIzGj03tB9w0UIH","scope=footer&delta=2&language=en&theme=usagov&include=eJx1jUEOwzAIBD8Ux09CBFPXrQMR4FT9fa3k3OPO7GqHY9Uz164b9uTx7U3qMi4KoQcInq1iNBXYWUb-r-Dlc_gpDvTm0kINmgRXuyr5VkikVmZeH6bTSlkm4Ey6Hyos4ev9kJIzGj03tB9w0UIH"
"./html/agencies/defense-contract-management-agency/index.html","js","/themes/custom/usagov/scripts/modifyMobileNav.js","-","-","-","-","-",""
"./html/agencies/defense-counterintelligence-and-security-agency/index.html","css","/sites/default/files/css/css__7_lnIX5SUimudYZT0iqhhe0r5Ev1QE4En7-BEPHMeY.css","-","-","en","usagov","eJwdykEOwCAIBMAP2fIkg5EQEtDDqo2_b-tlToONIUGFIWmCtS9S74X9wthuTdMyeUDHO3qdfmLmGtbynwQUXy0vYCIdnw","delta=0&language=en&theme=usagov&include=eJwdykEOwCAIBMAP2fIkg5EQEtDDqo2_b-tlToONIUGFIWmCtS9S74X9wthuTdMyeUDHO3qdfmLmGtbynwQUXy0vYCIdnw"
"./html/agencies/defense-counterintelligence-and-security-agency/index.html","css","/sites/default/files/css/css_h8MbvwzFoPHon25psxDvs_qWZKIaWznJGeScqw5abGU.css","-","1","en","usagov","eJwdykEOwCAIBMAP2fIkg5EQEtDDqo2_b-tlToONIUGFIWmCtS9S74X9wthuTdMyeUDHO3qdfmLmGtbynwQUXy0vYCIdnw","delta=1&language=en&theme=usagov&include=eJwdykEOwCAIBMAP2fIkg5EQEtDDqo2_b-tlToONIUGFIWmCtS9S74X9wthuTdMyeUDHO3qdfmLmGtbynwQUXy0vYCIdnw"
"./html/agencies/defense-counterintelligence-and-security-agency/index.html","js","/themes/custom/usagov/scripts/newFooter.js","-","-","-","-","-",""
"./html/agencies/defense-counterintelligence-and-security-agency/index.html","js","/sites/default/files/js/js_sJY3bzJs3jirGGaSNreFUENeOZtDcSGccrkIaQj9Xmc.js","footer","-","en","usagov","eJx1jUEOwzAIBD8Ux09CBFPXrQMR4FT9fa3k3OPO7GqHY9Uz164b9uTx7U3qMi4KoQcInq1iNBXYWUb-r-Dlc_gpDvTm0kINmgRXuyr5VkikVmZeH6bTSlkm4Ey6Hyos4ev9kJIzGj03tB9w0UIH","scope=footer&delta=0&language=en&theme=usagov&include=eJx1jUEOwzAIBD8Ux09CBFPXrQMR4FT9fa3k3OPO7GqHY9Uz164b9uTx7U3qMi4KoQcInq1iNBXYWUb-r-Dlc_gpDvTm0kINmgRXuyr5VkikVmZeH6bTSlkm4Ey6Hyos4ev9kJIzGj03tB9w0UIH"
"./html/agencies/defense-counterintelligence-and-security-agency/index.html","js","/modules/contrib/uswds_ckeditor_integration/js/aftermarket/uswds_accordion.js","-","-","-","-","-","sqrdwl"
"./html/agencies/defense-counterintelligence-and-security-agency/index.html","js","/sites/default/files/js/js_JxNk0XijPRI5QYwn5XlgSWW1Bx0YJQ3HYOHPIZ4Crx4.js","footer","2","en","usagov","eJx1jUEOwzAIBD8Ux09CBFPXrQMR4FT9fa3k3OPO7GqHY9Uz164b9uTx7U3qMi4KoQcInq1iNBXYWUb-r-Dlc_gpDvTm0kINmgRXuyr5VkikVmZeH6bTSlkm4Ey6Hyos4ev9kJIzGj03tB9w0UIH","scope=footer&delta=2&language=en&theme=usagov&include=eJx1jUEOwzAIBD8Ux09CBFPXrQMR4FT9fa3k3OPO7GqHY9Uz164b9uTx7U3qMi4KoQcInq1iNBXYWUb-r-Dlc_gpDvTm0kINmgRXuyr5VkikVmZeH6bTSlkm4Ey6Hyos4ev9kJIzGj03tB9w0UIH"
"./html/agencies/defense-counterintelligence-and-security-agency/index.html","js","/themes/custom/usagov/scripts/modifyMobileNav.js","-","-","-","-","-",""
"./html/agencies/defense-finance-and-accounting-service/index.html","css","/sites/default/files/css/css__7_lnIX5SUimudYZT0iqhhe0r5Ev1QE4En7-BEPHMeY.css","-","-","en","usagov","eJwdykEOwCAIBMAP2fIkg5EQEtDDqo2_b-tlToONIUGFIWmCtS9S74X9wthuTdMyeUDHO3qdfmLmGtbynwQUXy0vYCIdnw","delta=0&language=en&theme=usagov&include=eJwdykEOwCAIBMAP2fIkg5EQEtDDqo2_b-tlToONIUGFIWmCtS9S74X9wthuTdMyeUDHO3qdfmLmGtbynwQUXy0vYCIdnw"
"./html/agencies/defense-finance-and-accounting-service/index.html","css","/sites/default/files/css/css_h8MbvwzFoPHon25psxDvs_qWZKIaWznJGeScqw5abGU.css","-","1","en","usagov","eJwdykEOwCAIBMAP2fIkg5EQEtDDqo2_b-tlToONIUGFIWmCtS9S74X9wthuTdMyeUDHO3qdfmLmGtbynwQUXy0vYCIdnw","delta=1&language=en&theme=usagov&include=eJwdykEOwCAIBMAP2fIkg5EQEtDDqo2_b-tlToONIUGFIWmCtS9S74X9wthuTdMyeUDHO3qdfmLmGtbynwQUXy0vYCIdnw"
"./html/agencies/defense-finance-and-accounting-service/index.html","js","/themes/custom/usagov/scripts/newFooter.js","-","-","-","-","-",""
"./html/agencies/defense-finance-and-accounting-service/index.html","js","/sites/default/files/js/js_sJY3bzJs3jirGGaSNreFUENeOZtDcSGccrkIaQj9Xmc.js","footer","-","en","usagov","eJx1jUEOwzAIBD8Ux09CBFPXrQMR4FT9fa3k3OPO7GqHY9Uz164b9uTx7U3qMi4KoQcInq1iNBXYWUb-r-Dlc_gpDvTm0kINmgRXuyr5VkikVmZeH6bTSlkm4Ey6Hyos4ev9kJIzGj03tB9w0UIH","scope=footer&delta=0&language=en&theme=usagov&include=eJx1jUEOwzAIBD8Ux09CBFPXrQMR4FT9fa3k3OPO7GqHY9Uz164b9uTx7U3qMi4KoQcInq1iNBXYWUb-r-Dlc_gpDvTm0kINmgRXuyr5VkikVmZeH6bTSlkm4Ey6Hyos4ev9kJIzGj03tB9w0UIH"
"./html/agencies/defense-finance-and-accounting-service/index.html","js","/modules/contrib/uswds_ckeditor_integration/js/aftermarket/uswds_accordion.js","-","-","-","-","-","sqrdwl"
"./html/agencies/defense-finance-and-accounting-service/index.html","js","/sites/default/files/js/js_JxNk0XijPRI5QYwn5XlgSWW1Bx0YJQ3HYOHPIZ4Crx4.js","footer","2","en","usagov","eJx1jUEOwzAIBD8Ux09CBFPXrQMR4FT9fa3k3OPO7GqHY9Uz164b9uTx7U3qMi4KoQcInq1iNBXYWUb-r-Dlc_gpDvTm0kINmgRXuyr5VkikVmZeH6bTSlkm4Ey6Hyos4ev9kJIzGj03tB9w0UIH","scope=footer&delta=2&language=en&theme=usagov&include=eJx1jUEOwzAIBD8Ux09CBFPXrQMR4FT9fa3k3OPO7GqHY9Uz164b9uTx7U3qMi4KoQcInq1iNBXYWUb-r-Dlc_gpDvTm0kINmgRXuyr5VkikVmZeH6bTSlkm4Ey6Hyos4ev9kJIzGj03tB9w0UIH"
"./html/agencies/defense-finance-and-accounting-service/index.html","js","/themes/custom/usagov/scripts/modifyMobileNav.js","-","-","-","-","-",""
"./html/agencies/defense-finance-and-accounting-service-debt-and-claims-management-center/index.html","css","/sites/default/files/css/css__7_lnIX5SUimudYZT0iqhhe0r5Ev1QE4En7-BEPHMeY.css","-","-","en","usagov","eJwdykEOwCAIBMAP2fIkg5EQEtDDqo2_b-tlToONIUGFIWmCtS9S74X9wthuTdMyeUDHO3qdfmLmGtbynwQUXy0vYCIdnw","delta=0&language=en&theme=usagov&include=eJwdykEOwCAIBMAP2fIkg5EQEtDDqo2_b-tlToONIUGFIWmCtS9S74X9wthuTdMyeUDHO3qdfmLmGtbynwQUXy0vYCIdnw"
"./html/agencies/defense-finance-and-accounting-service-debt-and-claims-management-center/index.html","css","/sites/default/files/css/css_h8MbvwzFoPHon25psxDvs_qWZKIaWznJGeScqw5abGU.css","-","1","en","usagov","eJwdykEOwCAIBMAP2fIkg5EQEtDDqo2_b-tlToONIUGFIWmCtS9S74X9wthuTdMyeUDHO3qdfmLmGtbynwQUXy0vYCIdnw","delta=1&language=en&theme=usagov&include=eJwdykEOwCAIBMAP2fIkg5EQEtDDqo2_b-tlToONIUGFIWmCtS9S74X9wthuTdMyeUDHO3qdfmLmGtbynwQUXy0vYCIdnw"
"./html/agencies/defense-finance-and-accounting-service-debt-and-claims-management-center/index.html","js","/themes/custom/usagov/scripts/newFooter.js","-","-","-","-","-",""
"./html/agencies/defense-finance-and-accounting-service-debt-and-claims-management-center/index.html","js","/sites/default/files/js/js_sJY3bzJs3jirGGaSNreFUENeOZtDcSGccrkIaQj9Xmc.js","footer","-","en","usagov","eJx1jUEOwzAIBD8Ux09CBFPXrQMR4FT9fa3k3OPO7GqHY9Uz164b9uTx7U3qMi4KoQcInq1iNBXYWUb-r-Dlc_gpDvTm0kINmgRXuyr5VkikVmZeH6bTSlkm4Ey6Hyos4ev9kJIzGj03tB9w0UIH","scope=footer&delta=0&language=en&theme=usagov&include=eJx1jUEOwzAIBD8Ux09CBFPXrQMR4FT9fa3k3OPO7GqHY9Uz164b9uTx7U3qMi4KoQcInq1iNBXYWUb-r-Dlc_gpDvTm0kINmgRXuyr5VkikVmZeH6bTSlkm4Ey6Hyos4ev9kJIzGj03tB9w0UIH"
"./html/agencies/defense-finance-and-accounting-service-debt-and-claims-management-center/index.html","js","/modules/contrib/uswds_ckeditor_integration/js/aftermarket/uswds_accordion.js","-","-","-","-","-","sqrdwl"
"./html/agencies/defense-finance-and-accounting-service-debt-and-claims-management-center/index.html","js","/sites/default/files/js/js_JxNk0XijPRI5QYwn5XlgSWW1Bx0YJQ3HYOHPIZ4Crx4.js","footer","2","en","usagov","eJx1jUEOwzAIBD8Ux09CBFPXrQMR4FT9fa3k3OPO7GqHY9Uz164b9uTx7U3qMi4KoQcInq1iNBXYWUb-r-Dlc_gpDvTm0kINmgRXuyr5VkikVmZeH6bTSlkm4Ey6Hyos4ev9kJIzGj03tB9w0UIH","scope=footer&delta=2&language=en&theme=usagov&include=eJx1jUEOwzAIBD8Ux09CBFPXrQMR4FT9fa3k3OPO7GqHY9Uz164b9uTx7U3qMi4KoQcInq1iNBXYWUb-r-Dlc_gpDvTm0kINmgRXuyr5VkikVmZeH6bTSlkm4Ey6Hyos4ev9kJIzGj03tB9w0UIH"
"./html/agencies/defense-finance-and-accounting-service-debt-and-claims-management-center/index.html","js","/themes/custom/usagov/scripts/modifyMobileNav.js","-","-","-","-","-",""
"./html/agencies/defense-health-agency/index.html","css","/sites/default/files/css/css__7_lnIX5SUimudYZT0iqhhe0r5Ev1QE4En7-BEPHMeY.css","-","-","en","usagov","eJwdykEOwCAIBMAP2fIkg5EQEtDDqo2_b-tlToONIUGFIWmCtS9S74X9wthuTdMyeUDHO3qdfmLmGtbynwQUXy0vYCIdnw","delta=0&language=en&theme=usagov&include=eJwdykEOwCAIBMAP2fIkg5EQEtDDqo2_b-tlToONIUGFIWmCtS9S74X9wthuTdMyeUDHO3qdfmLmGtbynwQUXy0vYCIdnw"
"./html/agencies/defense-health-agency/index.html","css","/sites/default/files/css/css_h8MbvwzFoPHon25psxDvs_qWZKIaWznJGeScqw5abGU.css","-","1","en","usagov","eJwdykEOwCAIBMAP2fIkg5EQEtDDqo2_b-tlToONIUGFIWmCtS9S74X9wthuTdMyeUDHO3qdfmLmGtbynwQUXy0vYCIdnw","delta=1&language=en&theme=usagov&include=eJwdykEOwCAIBMAP2fIkg5EQEtDDqo2_b-tlToONIUGFIWmCtS9S74X9wthuTdMyeUDHO3qdfmLmGtbynwQUXy0vYCIdnw"
"./html/agencies/defense-health-agency/index.html","js","/themes/custom/usagov/scripts/newFooter.js","-","-","-","-","-",""
"./html/agencies/defense-health-agency/index.html","js","/sites/default/files/js/js_sJY3bzJs3jirGGaSNreFUENeOZtDcSGccrkIaQj9Xmc.js","footer","-","en","usagov","eJx1jUEOwzAIBD8Ux09CBFPXrQMR4FT9fa3k3OPO7GqHY9Uz164b9uTx7U3qMi4KoQcInq1iNBXYWUb-r-Dlc_gpDvTm0kINmgRXuyr5VkikVmZeH6bTSlkm4Ey6Hyos4ev9kJIzGj03tB9w0UIH","scope=footer&delta=0&language=en&theme=usagov&include=eJx1jUEOwzAIBD8Ux09CBFPXrQMR4FT9fa3k3OPO7GqHY9Uz164b9uTx7U3qMi4KoQcInq1iNBXYWUb-r-Dlc_gpDvTm0kINmgRXuyr5VkikVmZeH6bTSlkm4Ey6Hyos4ev9kJIzGj03tB9w0UIH"
"./html/agencies/defense-health-agency/index.html","js","/modules/contrib/uswds_ckeditor_integration/js/aftermarket/uswds_accordion.js","-","-","-","-","-","sqrdwl"
"./html/agencies/defense-health-agency/index.html","js","/sites/default/files/js/js_JxNk0XijPRI5QYwn5XlgSWW1Bx0YJQ3HYOHPIZ4Crx4.js","footer","2","en","usagov","eJx1jUEOwzAIBD8Ux09CBFPXrQMR4FT9fa3k3OPO7GqHY9Uz164b9uTx7U3qMi4KoQcInq1iNBXYWUb-r-Dlc_gpDvTm0kINmgRXuyr5VkikVmZeH6bTSlkm4Ey6Hyos4ev9kJIzGj03tB9w0UIH","scope=footer&delta=2&language=en&theme=usagov&include=eJx1jUEOwzAIBD8Ux09CBFPXrQMR4FT9fa3k3OPO7GqHY9Uz164b9uTx7U3qMi4KoQcInq1iNBXYWUb-r-Dlc_gpDvTm0kINmgRXuyr5VkikVmZeH6bTSlkm4Ey6Hyos4ev9kJIzGj03tB9w0UIH"
"./html/agencies/defense-health-agency/index.html","js","/themes/custom/usagov/scripts/modifyMobileNav.js","-","-","-","-","-",""
"./html/agencies/defense-information-systems-agency/index.html","css","/sites/default/files/css/css__7_lnIX5SUimudYZT0iqhhe0r5Ev1QE4En7-BEPHMeY.css","-","-","en","usagov","eJwdykEOwCAIBMAP2fIkg5EQEtDDqo2_b-tlToONIUGFIWmCtS9S74X9wthuTdMyeUDHO3qdfmLmGtbynwQUXy0vYCIdnw","delta=0&language=en&theme=usagov&include=eJwdykEOwCAIBMAP2fIkg5EQEtDDqo2_b-tlToONIUGFIWmCtS9S74X9wthuTdMyeUDHO3qdfmLmGtbynwQUXy0vYCIdnw"
"./html/agencies/defense-information-systems-agency/index.html","css","/sites/default/files/css/css_h8MbvwzFoPHon25psxDvs_qWZKIaWznJGeScqw5abGU.css","-","1","en","usagov","eJwdykEOwCAIBMAP2fIkg5EQEtDDqo2_b-tlToONIUGFIWmCtS9S74X9wthuTdMyeUDHO3qdfmLmGtbynwQUXy0vYCIdnw","delta=1&language=en&theme=usagov&include=eJwdykEOwCAIBMAP2fIkg5EQEtDDqo2_b-tlToONIUGFIWmCtS9S74X9wthuTdMyeUDHO3qdfmLmGtbynwQUXy0vYCIdnw"
"./html/agencies/defense-information-systems-agency/index.html","js","/themes/custom/usagov/scripts/newFooter.js","-","-","-","-","-",""
"./html/agencies/defense-information-systems-agency/index.html","js","/sites/default/files/js/js_sJY3bzJs3jirGGaSNreFUENeOZtDcSGccrkIaQj9Xmc.js","footer","-","en","usagov","eJx1jUEOwzAIBD8Ux09CBFPXrQMR4FT9fa3k3OPO7GqHY9Uz164b9uTx7U3qMi4KoQcInq1iNBXYWUb-r-Dlc_gpDvTm0kINmgRXuyr5VkikVmZeH6bTSlkm4Ey6Hyos4ev9kJIzGj03tB9w0UIH","scope=footer&delta=0&language=en&theme=usagov&include=eJx1jUEOwzAIBD8Ux09CBFPXrQMR4FT9fa3k3OPO7GqHY9Uz164b9uTx7U3qMi4KoQcInq1iNBXYWUb-r-Dlc_gpDvTm0kINmgRXuyr5VkikVmZeH6bTSlkm4Ey6Hyos4ev9kJIzGj03tB9w0UIH"
"./html/agencies/defense-information-systems-agency/index.html","js","/modules/contrib/uswds_ckeditor_integration/js/aftermarket/uswds_accordion.js","-","-","-","-","-","sqrdwl"
"./html/agencies/defense-information-systems-agency/index.html","js","/sites/default/files/js/js_JxNk0XijPRI5QYwn5XlgSWW1Bx0YJQ3HYOHPIZ4Crx4.js","footer","2","en","usagov","eJx1jUEOwzAIBD8Ux09CBFPXrQMR4FT9fa3k3OPO7GqHY9Uz164b9uTx7U3qMi4KoQcInq1iNBXYWUb-r-Dlc_gpDvTm0kINmgRXuyr5VkikVmZeH6bTSlkm4Ey6Hyos4ev9kJIzGj03tB9w0UIH","scope=footer&delta=2&language=en&theme=usagov&include=eJx1jUEOwzAIBD8Ux09CBFPXrQMR4FT9fa3k3OPO7GqHY9Uz164b9uTx7U3qMi4KoQcInq1iNBXYWUb-r-Dlc_gpDvTm0kINmgRXuyr5VkikVmZeH6bTSlkm4Ey6Hyos4ev9kJIzGj03tB9w0UIH"
"./html/agencies/defense-information-systems-agency/index.html","js","/themes/custom/usagov/scripts/modifyMobileNav.js","-","-","-","-","-",""
"./html/agencies/defense-intelligence-agency/index.html","css","/sites/default/files/css/css__7_lnIX5SUimudYZT0iqhhe0r5Ev1QE4En7-BEPHMeY.css","-","-","en","usagov","eJwdykEOwCAIBMAP2fIkg5EQEtDDqo2_b-tlToONIUGFIWmCtS9S74X9wthuTdMyeUDHO3qdfmLmGtbynwQUXy0vYCIdnw","delta=0&language=en&theme=usagov&include=eJwdykEOwCAIBMAP2fIkg5EQEtDDqo2_b-tlToONIUGFIWmCtS9S74X9wthuTdMyeUDHO3qdfmLmGtbynwQUXy0vYCIdnw"
"./html/agencies/defense-intelligence-agency/index.html","css","/sites/default/files/css/css_h8MbvwzFoPHon25psxDvs_qWZKIaWznJGeScqw5abGU.css","-","1","en","usagov","eJwdykEOwCAIBMAP2fIkg5EQEtDDqo2_b-tlToONIUGFIWmCtS9S74X9wthuTdMyeUDHO3qdfmLmGtbynwQUXy0vYCIdnw","delta=1&language=en&theme=usagov&include=eJwdykEOwCAIBMAP2fIkg5EQEtDDqo2_b-tlToONIUGFIWmCtS9S74X9wthuTdMyeUDHO3qdfmLmGtbynwQUXy0vYCIdnw"
"./html/agencies/defense-intelligence-agency/index.html","js","/themes/custom/usagov/scripts/newFooter.js","-","-","-","-","-",""
"./html/agencies/defense-intelligence-agency/index.html","js","/sites/default/files/js/js_sJY3bzJs3jirGGaSNreFUENeOZtDcSGccrkIaQj9Xmc.js","footer","-","en","usagov","eJx1jUEOwzAIBD8Ux09CBFPXrQMR4FT9fa3k3OPO7GqHY9Uz164b9uTx7U3qMi4KoQcInq1iNBXYWUb-r-Dlc_gpDvTm0kINmgRXuyr5VkikVmZeH6bTSlkm4Ey6Hyos4ev9kJIzGj03tB9w0UIH","scope=footer&delta=0&language=en&theme=usagov&include=eJx1jUEOwzAIBD8Ux09CBFPXrQMR4FT9fa3k3OPO7GqHY9Uz164b9uTx7U3qMi4KoQcInq1iNBXYWUb-r-Dlc_gpDvTm0kINmgRXuyr5VkikVmZeH6bTSlkm4Ey6Hyos4ev9kJIzGj03tB9w0UIH"
"./html/agencies/defense-intelligence-agency/index.html","js","/modules/contrib/uswds_ckeditor_integration/js/aftermarket/uswds_accordion.js","-","-","-","-","-","sqrdwl"
"./html/agencies/defense-intelligence-agency/index.html","js","/sites/default/files/js/js_JxNk0XijPRI5QYwn5XlgSWW1Bx0YJQ3HYOHPIZ4Crx4.js","footer","2","en","usagov","eJx1jUEOwzAIBD8Ux09CBFPXrQMR4FT9fa3k3OPO7GqHY9Uz164b9uTx7U3qMi4KoQcInq1iNBXYWUb-r-Dlc_gpDvTm0kINmgRXuyr5VkikVmZeH6bTSlkm4Ey6Hyos4ev9kJIzGj03tB9w0UIH","scope=footer&delta=2&language=en&theme=usagov&include=eJx1jUEOwzAIBD8Ux09CBFPXrQMR4FT9fa3k3OPO7GqHY9Uz164b9uTx7U3qMi4KoQcInq1iNBXYWUb-r-Dlc_gpDvTm0kINmgRXuyr5VkikVmZeH6bTSlkm4Ey6Hyos4ev9kJIzGj03tB9w0UIH"
"./html/agencies/defense-intelligence-agency/index.html","js","/themes/custom/usagov/scripts/modifyMobileNav.js","-","-","-","-","-",""
"./html/agencies/defense-logistics-agency/index.html","css","/sites/default/files/css/css__7_lnIX5SUimudYZT0iqhhe0r5Ev1QE4En7-BEPHMeY.css","-","-","en","usagov","eJwdykEOwCAIBMAP2fIkg5EQEtDDqo2_b-tlToONIUGFIWmCtS9S74X9wthuTdMyeUDHO3qdfmLmGtbynwQUXy0vYCIdnw","delta=0&language=en&theme=usagov&include=eJwdykEOwCAIBMAP2fIkg5EQEtDDqo2_b-tlToONIUGFIWmCtS9S74X9wthuTdMyeUDHO3qdfmLmGtbynwQUXy0vYCIdnw"
"./html/agencies/defense-logistics-agency/index.html","css","/sites/default/files/css/css_h8MbvwzFoPHon25psxDvs_qWZKIaWznJGeScqw5abGU.css","-","1","en","usagov","eJwdykEOwCAIBMAP2fIkg5EQEtDDqo2_b-tlToONIUGFIWmCtS9S74X9wthuTdMyeUDHO3qdfmLmGtbynwQUXy0vYCIdnw","delta=1&language=en&theme=usagov&include=eJwdykEOwCAIBMAP2fIkg5EQEtDDqo2_b-tlToONIUGFIWmCtS9S74X9wthuTdMyeUDHO3qdfmLmGtbynwQUXy0vYCIdnw"
"./html/agencies/defense-logistics-agency/index.html","js","/themes/custom/usagov/scripts/newFooter.js","-","-","-","-","-",""
"./html/agencies/defense-logistics-agency/index.html","js","/sites/default/files/js/js_sJY3bzJs3jirGGaSNreFUENeOZtDcSGccrkIaQj9Xmc.js","footer","-","en","usagov","eJx1jUEOwzAIBD8Ux09CBFPXrQMR4FT9fa3k3OPO7GqHY9Uz164b9uTx7U3qMi4KoQcInq1iNBXYWUb-r-Dlc_gpDvTm0kINmgRXuyr5VkikVmZeH6bTSlkm4Ey6Hyos4ev9kJIzGj03tB9w0UIH","scope=footer&delta=0&language=en&theme=usagov&include=eJx1jUEOwzAIBD8Ux09CBFPXrQMR4FT9fa3k3OPO7GqHY9Uz164b9uTx7U3qMi4KoQcInq1iNBXYWUb-r-Dlc_gpDvTm0kINmgRXuyr5VkikVmZeH6bTSlkm4Ey6Hyos4ev9kJIzGj03tB9w0UIH"
"./html/agencies/defense-logistics-agency/index.html","js","/modules/contrib/uswds_ckeditor_integration/js/aftermarket/uswds_accordion.js","-","-","-","-","-","sqrdwl"
"./html/agencies/defense-logistics-agency/index.html","js","/sites/default/files/js/js_JxNk0XijPRI5QYwn5XlgSWW1Bx0YJQ3HYOHPIZ4Crx4.js","footer","2","en","usagov","eJx1jUEOwzAIBD8Ux09CBFPXrQMR4FT9fa3k3OPO7GqHY9Uz164b9uTx7U3qMi4KoQcInq1iNBXYWUb-r-Dlc_gpDvTm0kINmgRXuyr5VkikVmZeH6bTSlkm4Ey6Hyos4ev9kJIzGj03tB9w0UIH","scope=footer&delta=2&language=en&theme=usagov&include=eJx1jUEOwzAIBD8Ux09CBFPXrQMR4FT9fa3k3OPO7GqHY9Uz164b9uTx7U3qMi4KoQcInq1iNBXYWUb-r-Dlc_gpDvTm0kINmgRXuyr5VkikVmZeH6bTSlkm4Ey6Hyos4ev9kJIzGj03tB9w0UIH"
"./html/agencies/defense-logistics-agency/index.html","js","/themes/custom/usagov/scripts/modifyMobileNav.js","-","-","-","-","-",""
"./html/agencies/defense-nuclear-facilities-safety-board/index.html","css","/sites/default/files/css/css__7_lnIX5SUimudYZT0iqhhe0r5Ev1QE4En7-BEPHMeY.css","-","-","en","usagov","eJwdykEOwCAIBMAP2fIkg5EQEtDDqo2_b-tlToONIUGFIWmCtS9S74X9wthuTdMyeUDHO3qdfmLmGtbynwQUXy0vYCIdnw","delta=0&language=en&theme=usagov&include=eJwdykEOwCAIBMAP2fIkg5EQEtDDqo2_b-tlToONIUGFIWmCtS9S74X9wthuTdMyeUDHO3qdfmLmGtbynwQUXy0vYCIdnw"
"./html/agencies/defense-nuclear-facilities-safety-board/index.html","css","/sites/default/files/css/css_h8MbvwzFoPHon25psxDvs_qWZKIaWznJGeScqw5abGU.css","-","1","en","usagov","eJwdykEOwCAIBMAP2fIkg5EQEtDDqo2_b-tlToONIUGFIWmCtS9S74X9wthuTdMyeUDHO3qdfmLmGtbynwQUXy0vYCIdnw","delta=1&language=en&theme=usagov&include=eJwdykEOwCAIBMAP2fIkg5EQEtDDqo2_b-tlToONIUGFIWmCtS9S74X9wthuTdMyeUDHO3qdfmLmGtbynwQUXy0vYCIdnw"
"./html/agencies/defense-nuclear-facilities-safety-board/index.html","js","/themes/custom/usagov/scripts/newFooter.js","-","-","-","-","-",""
"./html/agencies/defense-nuclear-facilities-safety-board/index.html","js","/sites/default/files/js/js_sJY3bzJs3jirGGaSNreFUENeOZtDcSGccrkIaQj9Xmc.js","footer","-","en","usagov","eJx1jUEOwzAIBD8Ux09CBFPXrQMR4FT9fa3k3OPO7GqHY9Uz164b9uTx7U3qMi4KoQcInq1iNBXYWUb-r-Dlc_gpDvTm0kINmgRXuyr5VkikVmZeH6bTSlkm4Ey6Hyos4ev9kJIzGj03tB9w0UIH","scope=footer&delta=0&language=en&theme=usagov&include=eJx1jUEOwzAIBD8Ux09CBFPXrQMR4FT9fa3k3OPO7GqHY9Uz164b9uTx7U3qMi4KoQcInq1iNBXYWUb-r-Dlc_gpDvTm0kINmgRXuyr5VkikVmZeH6bTSlkm4Ey6Hyos4ev9kJIzGj03tB9w0UIH"
"./html/agencies/defense-nuclear-facilities-safety-board/index.html","js","/modules/contrib/uswds_ckeditor_integration/js/aftermarket/uswds_accordion.js","-","-","-","-","-","sqrdwl"
"./html/agencies/defense-nuclear-facilities-safety-board/index.html","js","/sites/default/files/js/js_JxNk0XijPRI5QYwn5XlgSWW1Bx0YJQ3HYOHPIZ4Crx4.js","footer","2","en","usagov","eJx1jUEOwzAIBD8Ux09CBFPXrQMR4FT9fa3k3OPO7GqHY9Uz164b9uTx7U3qMi4KoQcInq1iNBXYWUb-r-Dlc_gpDvTm0kINmgRXuyr5VkikVmZeH6bTSlkm4Ey6Hyos4ev9kJIzGj03tB9w0UIH","scope=footer&delta=2&language=en&theme=usagov&include=eJx1jUEOwzAIBD8Ux09CBFPXrQMR4FT9fa3k3OPO7GqHY9Uz164b9uTx7U3qMi4KoQcInq1iNBXYWUb-r-Dlc_gpDvTm0kINmgRXuyr5VkikVmZeH6bTSlkm4Ey6Hyos4ev9kJIzGj03tB9w0UIH"
"./html/agencies/defense-nuclear-facilities-safety-board/index.html","js","/themes/custom/usagov/scripts/modifyMobileNav.js","-","-","-","-","-",""
"./html/agencies/defense-pow/mia-accounting-agency/index.html","css","/sites/default/files/css/css__7_lnIX5SUimudYZT0iqhhe0r5Ev1QE4En7-BEPHMeY.css","-","-","en","usagov","eJwdykEOwCAIBMAP2fIkg5EQEtDDqo2_b-tlToONIUGFIWmCtS9S74X9wthuTdMyeUDHO3qdfmLmGtbynwQUXy0vYCIdnw","delta=0&language=en&theme=usagov&include=eJwdykEOwCAIBMAP2fIkg5EQEtDDqo2_b-tlToONIUGFIWmCtS9S74X9wthuTdMyeUDHO3qdfmLmGtbynwQUXy0vYCIdnw"
"./html/agencies/defense-pow/mia-accounting-agency/index.html","css","/sites/default/files/css/css_h8MbvwzFoPHon25psxDvs_qWZKIaWznJGeScqw5abGU.css","-","1","en","usagov","eJwdykEOwCAIBMAP2fIkg5EQEtDDqo2_b-tlToONIUGFIWmCtS9S74X9wthuTdMyeUDHO3qdfmLmGtbynwQUXy0vYCIdnw","delta=1&language=en&theme=usagov&include=eJwdykEOwCAIBMAP2fIkg5EQEtDDqo2_b-tlToONIUGFIWmCtS9S74X9wthuTdMyeUDHO3qdfmLmGtbynwQUXy0vYCIdnw"
"./html/agencies/defense-pow/mia-accounting-agency/index.html","js","/themes/custom/usagov/scripts/newFooter.js","-","-","-","-","-",""
"./html/agencies/defense-pow/mia-accounting-agency/index.html","js","/sites/default/files/js/js_sJY3bzJs3jirGGaSNreFUENeOZtDcSGccrkIaQj9Xmc.js","footer","-","en","usagov","eJx1jUEOwzAIBD8Ux09CBFPXrQMR4FT9fa3k3OPO7GqHY9Uz164b9uTx7U3qMi4KoQcInq1iNBXYWUb-r-Dlc_gpDvTm0kINmgRXuyr5VkikVmZeH6bTSlkm4Ey6Hyos4ev9kJIzGj03tB9w0UIH","scope=footer&delta=0&language=en&theme=usagov&include=eJx1jUEOwzAIBD8Ux09CBFPXrQMR4FT9fa3k3OPO7GqHY9Uz164b9uTx7U3qMi4KoQcInq1iNBXYWUb-r-Dlc_gpDvTm0kINmgRXuyr5VkikVmZeH6bTSlkm4Ey6Hyos4ev9kJIzGj03tB9w0UIH"
"./html/agencies/defense-pow/mia-accounting-agency/index.html","js","/modules/contrib/uswds_ckeditor_integration/js/aftermarket/uswds_accordion.js","-","-","-","-","-","sqrdwl"
"./html/agencies/defense-pow/mia-accounting-agency/index.html","js","/sites/default/files/js/js_JxNk0XijPRI5QYwn5XlgSWW1Bx0YJQ3HYOHPIZ4Crx4.js","footer","2","en","usagov","eJx1jUEOwzAIBD8Ux09CBFPXrQMR4FT9fa3k3OPO7GqHY9Uz164b9uTx7U3qMi4KoQcInq1iNBXYWUb-r-Dlc_gpDvTm0kINmgRXuyr5VkikVmZeH6bTSlkm4Ey6Hyos4ev9kJIzGj03tB9w0UIH","scope=footer&delta=2&language=en&theme=usagov&include=eJx1jUEOwzAIBD8Ux09CBFPXrQMR4FT9fa3k3OPO7GqHY9Uz164b9uTx7U3qMi4KoQcInq1iNBXYWUb-r-Dlc_gpDvTm0kINmgRXuyr5VkikVmZeH6bTSlkm4Ey6Hyos4ev9kJIzGj03tB9w0UIH"
"./html/agencies/defense-pow/mia-accounting-agency/index.html","js","/themes/custom/usagov/scripts/modifyMobileNav.js","-","-","-","-","-",""
"./html/agencies/defense-security-cooperation-agency/index.html","css","/sites/default/files/css/css__7_lnIX5SUimudYZT0iqhhe0r5Ev1QE4En7-BEPHMeY.css","-","-","en","usagov","eJwdykEOwCAIBMAP2fIkg5EQEtDDqo2_b-tlToONIUGFIWmCtS9S74X9wthuTdMyeUDHO3qdfmLmGtbynwQUXy0vYCIdnw","delta=0&language=en&theme=usagov&include=eJwdykEOwCAIBMAP2fIkg5EQEtDDqo2_b-tlToONIUGFIWmCtS9S74X9wthuTdMyeUDHO3qdfmLmGtbynwQUXy0vYCIdnw"
"./html/agencies/defense-security-cooperation-agency/index.html","css","/sites/default/files/css/css_h8MbvwzFoPHon25psxDvs_qWZKIaWznJGeScqw5abGU.css","-","1","en","usagov","eJwdykEOwCAIBMAP2fIkg5EQEtDDqo2_b-tlToONIUGFIWmCtS9S74X9wthuTdMyeUDHO3qdfmLmGtbynwQUXy0vYCIdnw","delta=1&language=en&theme=usagov&include=eJwdykEOwCAIBMAP2fIkg5EQEtDDqo2_b-tlToONIUGFIWmCtS9S74X9wthuTdMyeUDHO3qdfmLmGtbynwQUXy0vYCIdnw"
"./html/agencies/defense-security-cooperation-agency/index.html","js","/themes/custom/usagov/scripts/newFooter.js","-","-","-","-","-",""
"./html/agencies/defense-security-cooperation-agency/index.html","js","/sites/default/files/js/js_sJY3bzJs3jirGGaSNreFUENeOZtDcSGccrkIaQj9Xmc.js","footer","-","en","usagov","eJx1jUEOwzAIBD8Ux09CBFPXrQMR4FT9fa3k3OPO7GqHY9Uz164b9uTx7U3qMi4KoQcInq1iNBXYWUb-r-Dlc_gpDvTm0kINmgRXuyr5VkikVmZeH6bTSlkm4Ey6Hyos4ev9kJIzGj03tB9w0UIH","scope=footer&delta=0&language=en&theme=usagov&include=eJx1jUEOwzAIBD8Ux09CBFPXrQMR4FT9fa3k3OPO7GqHY9Uz164b9uTx7U3qMi4KoQcInq1iNBXYWUb-r-Dlc_gpDvTm0kINmgRXuyr5VkikVmZeH6bTSlkm4Ey6Hyos4ev9kJIzGj03tB9w0UIH"
"./html/agencies/defense-security-cooperation-agency/index.html","js","/modules/contrib/uswds_ckeditor_integration/js/aftermarket/uswds_accordion.js","-","-","-","-","-","sqrdwl"
"./html/agencies/defense-security-cooperation-agency/index.html","js","/sites/default/files/js/js_JxNk0XijPRI5QYwn5XlgSWW1Bx0YJQ3HYOHPIZ4Crx4.js","footer","2","en","usagov","eJx1jUEOwzAIBD8Ux09CBFPXrQMR4FT9fa3k3OPO7GqHY9Uz164b9uTx7U3qMi4KoQcInq1iNBXYWUb-r-Dlc_gpDvTm0kINmgRXuyr5VkikVmZeH6bTSlkm4Ey6Hyos4ev9kJIzGj03tB9w0UIH","scope=footer&delta=2&language=en&theme=usagov&include=eJx1jUEOwzAIBD8Ux09CBFPXrQMR4FT9fa3k3OPO7GqHY9Uz164b9uTx7U3qMi4KoQcInq1iNBXYWUb-r-Dlc_gpDvTm0kINmgRXuyr5VkikVmZeH6bTSlkm4Ey6Hyos4ev9kJIzGj03tB9w0UIH"
"./html/agencies/defense-security-cooperation-agency/index.html","js","/themes/custom/usagov/scripts/modifyMobileNav.js","-","-","-","-","-",""
"./html/agencies/defense-technical-information-center/index.html","css","/sites/default/files/css/css__7_lnIX5SUimudYZT0iqhhe0r5Ev1QE4En7-BEPHMeY.css","-","-","en","usagov","eJwdykEOwCAIBMAP2fIkg5EQEtDDqo2_b-tlToONIUGFIWmCtS9S74X9wthuTdMyeUDHO3qdfmLmGtbynwQUXy0vYCIdnw","delta=0&language=en&theme=usagov&include=eJwdykEOwCAIBMAP2fIkg5EQEtDDqo2_b-tlToONIUGFIWmCtS9S74X9wthuTdMyeUDHO3qdfmLmGtbynwQUXy0vYCIdnw"
"./html/agencies/defense-technical-information-center/index.html","css","/sites/default/files/css/css_h8MbvwzFoPHon25psxDvs_qWZKIaWznJGeScqw5abGU.css","-","1","en","usagov","eJwdykEOwCAIBMAP2fIkg5EQEtDDqo2_b-tlToONIUGFIWmCtS9S74X9wthuTdMyeUDHO3qdfmLmGtbynwQUXy0vYCIdnw","delta=1&language=en&theme=usagov&include=eJwdykEOwCAIBMAP2fIkg5EQEtDDqo2_b-tlToONIUGFIWmCtS9S74X9wthuTdMyeUDHO3qdfmLmGtbynwQUXy0vYCIdnw"
"./html/agencies/defense-technical-information-center/index.html","js","/themes/custom/usagov/scripts/newFooter.js","-","-","-","-","-",""
"./html/agencies/defense-technical-information-center/index.html","js","/sites/default/files/js/js_sJY3bzJs3jirGGaSNreFUENeOZtDcSGccrkIaQj9Xmc.js","footer","-","en","usagov","eJx1jUEOwzAIBD8Ux09CBFPXrQMR4FT9fa3k3OPO7GqHY9Uz164b9uTx7U3qMi4KoQcInq1iNBXYWUb-r-Dlc_gpDvTm0kINmgRXuyr5VkikVmZeH6bTSlkm4Ey6Hyos4ev9kJIzGj03tB9w0UIH","scope=footer&delta=0&language=en&theme=usagov&include=eJx1jUEOwzAIBD8Ux09CBFPXrQMR4FT9fa3k3OPO7GqHY9Uz164b9uTx7U3qMi4KoQcInq1iNBXYWUb-r-Dlc_gpDvTm0kINmgRXuyr5VkikVmZeH6bTSlkm4Ey6Hyos4ev9kJIzGj03tB9w0UIH"
"./html/agencies/defense-technical-information-center/index.html","js","/modules/contrib/uswds_ckeditor_integration/js/aftermarket/uswds_accordion.js","-","-","-","-","-","sqrdwl"
"./html/agencies/defense-technical-information-center/index.html","js","/sites/default/files/js/js_JxNk0XijPRI5QYwn5XlgSWW1Bx0YJQ3HYOHPIZ4Crx4.js","footer","2","en","usagov","eJx1jUEOwzAIBD8Ux09CBFPXrQMR4FT9fa3k3OPO7GqHY9Uz164b9uTx7U3qMi4KoQcInq1iNBXYWUb-r-Dlc_gpDvTm0kINmgRXuyr5VkikVmZeH6bTSlkm4Ey6Hyos4ev9kJIzGj03tB9w0UIH","scope=footer&delta=2&language=en&theme=usagov&include=eJx1jUEOwzAIBD8Ux09CBFPXrQMR4FT9fa3k3OPO7GqHY9Uz164b9uTx7U3qMi4KoQcInq1iNBXYWUb-r-Dlc_gpDvTm0kINmgRXuyr5VkikVmZeH6bTSlkm4Ey6Hyos4ev9kJIzGj03tB9w0UIH"
"./html/agencies/defense-technical-information-center/index.html","js","/themes/custom/usagov/scripts/modifyMobileNav.js","-","-","-","-","-",""
"./html/agencies/defense-threat-reduction-agency/index.html","css","/sites/default/files/css/css__7_lnIX5SUimudYZT0iqhhe0r5Ev1QE4En7-BEPHMeY.css","-","-","en","usagov","eJwdykEOwCAIBMAP2fIkg5EQEtDDqo2_b-tlToONIUGFIWmCtS9S74X9wthuTdMyeUDHO3qdfmLmGtbynwQUXy0vYCIdnw","delta=0&language=en&theme=usagov&include=eJwdykEOwCAIBMAP2fIkg5EQEtDDqo2_b-tlToONIUGFIWmCtS9S74X9wthuTdMyeUDHO3qdfmLmGtbynwQUXy0vYCIdnw"
"./html/agencies/defense-threat-reduction-agency/index.html","css","/sites/default/files/css/css_h8MbvwzFoPHon25psxDvs_qWZKIaWznJGeScqw5abGU.css","-","1","en","usagov","eJwdykEOwCAIBMAP2fIkg5EQEtDDqo2_b-tlToONIUGFIWmCtS9S74X9wthuTdMyeUDHO3qdfmLmGtbynwQUXy0vYCIdnw","delta=1&language=en&theme=usagov&include=eJwdykEOwCAIBMAP2fIkg5EQEtDDqo2_b-tlToONIUGFIWmCtS9S74X9wthuTdMyeUDHO3qdfmLmGtbynwQUXy0vYCIdnw"
"./html/agencies/defense-threat-reduction-agency/index.html","js","/themes/custom/usagov/scripts/newFooter.js","-","-","-","-","-",""
"./html/agencies/defense-threat-reduction-agency/index.html","js","/sites/default/files/js/js_sJY3bzJs3jirGGaSNreFUENeOZtDcSGccrkIaQj9Xmc.js","footer","-","en","usagov","eJx1jUEOwzAIBD8Ux09CBFPXrQMR4FT9fa3k3OPO7GqHY9Uz164b9uTx7U3qMi4KoQcInq1iNBXYWUb-r-Dlc_gpDvTm0kINmgRXuyr5VkikVmZeH6bTSlkm4Ey6Hyos4ev9kJIzGj03tB9w0UIH","scope=footer&delta=0&language=en&theme=usagov&include=eJx1jUEOwzAIBD8Ux09CBFPXrQMR4FT9fa3k3OPO7GqHY9Uz164b9uTx7U3qMi4KoQcInq1iNBXYWUb-r-Dlc_gpDvTm0kINmgRXuyr5VkikVmZeH6bTSlkm4Ey6Hyos4ev9kJIzGj03tB9w0UIH"
"./html/agencies/defense-threat-reduction-agency/index.html","js","/modules/contrib/uswds_ckeditor_integration/js/aftermarket/uswds_accordion.js","-","-","-","-","-","sqrdwl"
"./html/agencies/defense-threat-reduction-agency/index.html","js","/sites/default/files/js/js_JxNk0XijPRI5QYwn5XlgSWW1Bx0YJQ3HYOHPIZ4Crx4.js","footer","2","en","usagov","eJx1jUEOwzAIBD8Ux09CBFPXrQMR4FT9fa3k3OPO7GqHY9Uz164b9uTx7U3qMi4KoQcInq1iNBXYWUb-r-Dlc_gpDvTm0kINmgRXuyr5VkikVmZeH6bTSlkm4Ey6Hyos4ev9kJIzGj03tB9w0UIH","scope=footer&delta=2&language=en&theme=usagov&include=eJx1jUEOwzAIBD8Ux09CBFPXrQMR4FT9fa3k3OPO7GqHY9Uz164b9uTx7U3qMi4KoQcInq1iNBXYWUb-r-Dlc_gpDvTm0kINmgRXuyr5VkikVmZeH6bTSlkm4Ey6Hyos4ev9kJIzGj03tB9w0UIH"
"./html/agencies/defense-threat-reduction-agency/index.html","js","/themes/custom/usagov/scripts/modifyMobileNav.js","-","-","-","-","-",""
"./html/agencies/delaware-river-basin-commission/index.html","css","/sites/default/files/css/css__7_lnIX5SUimudYZT0iqhhe0r5Ev1QE4En7-BEPHMeY.css","-","-","en","usagov","eJwdykEOwCAIBMAP2fIkg5EQEtDDqo2_b-tlToONIUGFIWmCtS9S74X9wthuTdMyeUDHO3qdfmLmGtbynwQUXy0vYCIdnw","delta=0&language=en&theme=usagov&include=eJwdykEOwCAIBMAP2fIkg5EQEtDDqo2_b-tlToONIUGFIWmCtS9S74X9wthuTdMyeUDHO3qdfmLmGtbynwQUXy0vYCIdnw"
"./html/agencies/delaware-river-basin-commission/index.html","css","/sites/default/files/css/css_h8MbvwzFoPHon25psxDvs_qWZKIaWznJGeScqw5abGU.css","-","1","en","usagov","eJwdykEOwCAIBMAP2fIkg5EQEtDDqo2_b-tlToONIUGFIWmCtS9S74X9wthuTdMyeUDHO3qdfmLmGtbynwQUXy0vYCIdnw","delta=1&language=en&theme=usagov&include=eJwdykEOwCAIBMAP2fIkg5EQEtDDqo2_b-tlToONIUGFIWmCtS9S74X9wthuTdMyeUDHO3qdfmLmGtbynwQUXy0vYCIdnw"
"./html/agencies/delaware-river-basin-commission/index.html","js","/themes/custom/usagov/scripts/newFooter.js","-","-","-","-","-",""
"./html/agencies/delaware-river-basin-commission/index.html","js","/sites/default/files/js/js_sJY3bzJs3jirGGaSNreFUENeOZtDcSGccrkIaQj9Xmc.js","footer","-","en","usagov","eJx1jUEOwzAIBD8Ux09CBFPXrQMR4FT9fa3k3OPO7GqHY9Uz164b9uTx7U3qMi4KoQcInq1iNBXYWUb-r-Dlc_gpDvTm0kINmgRXuyr5VkikVmZeH6bTSlkm4Ey6Hyos4ev9kJIzGj03tB9w0UIH","scope=footer&delta=0&language=en&theme=usagov&include=eJx1jUEOwzAIBD8Ux09CBFPXrQMR4FT9fa3k3OPO7GqHY9Uz164b9uTx7U3qMi4KoQcInq1iNBXYWUb-r-Dlc_gpDvTm0kINmgRXuyr5VkikVmZeH6bTSlkm4Ey6Hyos4ev9kJIzGj03tB9w0UIH"
"./html/agencies/delaware-river-basin-commission/index.html","js","/modules/contrib/uswds_ckeditor_integration/js/aftermarket/uswds_accordion.js","-","-","-","-","-","sqrdwl"
"./html/agencies/delaware-river-basin-commission/index.html","js","/sites/default/files/js/js_JxNk0XijPRI5QYwn5XlgSWW1Bx0YJQ3HYOHPIZ4Crx4.js","footer","2","en","usagov","eJx1jUEOwzAIBD8Ux09CBFPXrQMR4FT9fa3k3OPO7GqHY9Uz164b9uTx7U3qMi4KoQcInq1iNBXYWUb-r-Dlc_gpDvTm0kINmgRXuyr5VkikVmZeH6bTSlkm4Ey6Hyos4ev9kJIzGj03tB9w0UIH","scope=footer&delta=2&language=en&theme=usagov&include=eJx1jUEOwzAIBD8Ux09CBFPXrQMR4FT9fa3k3OPO7GqHY9Uz164b9uTx7U3qMi4KoQcInq1iNBXYWUb-r-Dlc_gpDvTm0kINmgRXuyr5VkikVmZeH6bTSlkm4Ey6Hyos4ev9kJIzGj03tB9w0UIH"
"./html/agencies/delaware-river-basin-commission/index.html","js","/themes/custom/usagov/scripts/modifyMobileNav.js","-","-","-","-","-",""
"./html/agencies/delta-regional-authority/index.html","css","/sites/default/files/css/css__7_lnIX5SUimudYZT0iqhhe0r5Ev1QE4En7-BEPHMeY.css","-","-","en","usagov","eJwdykEOwCAIBMAP2fIkg5EQEtDDqo2_b-tlToONIUGFIWmCtS9S74X9wthuTdMyeUDHO3qdfmLmGtbynwQUXy0vYCIdnw","delta=0&language=en&theme=usagov&include=eJwdykEOwCAIBMAP2fIkg5EQEtDDqo2_b-tlToONIUGFIWmCtS9S74X9wthuTdMyeUDHO3qdfmLmGtbynwQUXy0vYCIdnw"
"./html/agencies/delta-regional-authority/index.html","css","/sites/default/files/css/css_h8MbvwzFoPHon25psxDvs_qWZKIaWznJGeScqw5abGU.css","-","1","en","usagov","eJwdykEOwCAIBMAP2fIkg5EQEtDDqo2_b-tlToONIUGFIWmCtS9S74X9wthuTdMyeUDHO3qdfmLmGtbynwQUXy0vYCIdnw","delta=1&language=en&theme=usagov&include=eJwdykEOwCAIBMAP2fIkg5EQEtDDqo2_b-tlToONIUGFIWmCtS9S74X9wthuTdMyeUDHO3qdfmLmGtbynwQUXy0vYCIdnw"
"./html/agencies/delta-regional-authority/index.html","js","/themes/custom/usagov/scripts/newFooter.js","-","-","-","-","-",""
"./html/agencies/delta-regional-authority/index.html","js","/sites/default/files/js/js_sJY3bzJs3jirGGaSNreFUENeOZtDcSGccrkIaQj9Xmc.js","footer","-","en","usagov","eJx1jUEOwzAIBD8Ux09CBFPXrQMR4FT9fa3k3OPO7GqHY9Uz164b9uTx7U3qMi4KoQcInq1iNBXYWUb-r-Dlc_gpDvTm0kINmgRXuyr5VkikVmZeH6bTSlkm4Ey6Hyos4ev9kJIzGj03tB9w0UIH","scope=footer&delta=0&language=en&theme=usagov&include=eJx1jUEOwzAIBD8Ux09CBFPXrQMR4FT9fa3k3OPO7GqHY9Uz164b9uTx7U3qMi4KoQcInq1iNBXYWUb-r-Dlc_gpDvTm0kINmgRXuyr5VkikVmZeH6bTSlkm4Ey6Hyos4ev9kJIzGj03tB9w0UIH"
"./html/agencies/delta-regional-authority/index.html","js","/modules/contrib/uswds_ckeditor_integration/js/aftermarket/uswds_accordion.js","-","-","-","-","-","sqrdwl"
"./html/agencies/delta-regional-authority/index.html","js","/sites/default/files/js/js_JxNk0XijPRI5QYwn5XlgSWW1Bx0YJQ3HYOHPIZ4Crx4.js","footer","2","en","usagov","eJx1jUEOwzAIBD8Ux09CBFPXrQMR4FT9fa3k3OPO7GqHY9Uz164b9uTx7U3qMi4KoQcInq1iNBXYWUb-r-Dlc_gpDvTm0kINmgRXuyr5VkikVmZeH6bTSlkm4Ey6Hyos4ev9kJIzGj03tB9w0UIH","scope=footer&delta=2&language=en&theme=usagov&include=eJx1jUEOwzAIBD8Ux09CBFPXrQMR4FT9fa3k3OPO7GqHY9Uz164b9uTx7U3qMi4KoQcInq1iNBXYWUb-r-Dlc_gpDvTm0kINmgRXuyr5VkikVmZeH6bTSlkm4Ey6Hyos4ev9kJIzGj03tB9w0UIH"
"./html/agencies/delta-regional-authority/index.html","js","/themes/custom/usagov/scripts/modifyMobileNav.js","-","-","-","-","-",""
"./html/agencies/denali-commission/index.html","css","/sites/default/files/css/css__7_lnIX5SUimudYZT0iqhhe0r5Ev1QE4En7-BEPHMeY.css","-","-","en","usagov","eJwdykEOwCAIBMAP2fIkg5EQEtDDqo2_b-tlToONIUGFIWmCtS9S74X9wthuTdMyeUDHO3qdfmLmGtbynwQUXy0vYCIdnw","delta=0&language=en&theme=usagov&include=eJwdykEOwCAIBMAP2fIkg5EQEtDDqo2_b-tlToONIUGFIWmCtS9S74X9wthuTdMyeUDHO3qdfmLmGtbynwQUXy0vYCIdnw"
"./html/agencies/denali-commission/index.html","css","/sites/default/files/css/css_h8MbvwzFoPHon25psxDvs_qWZKIaWznJGeScqw5abGU.css","-","1","en","usagov","eJwdykEOwCAIBMAP2fIkg5EQEtDDqo2_b-tlToONIUGFIWmCtS9S74X9wthuTdMyeUDHO3qdfmLmGtbynwQUXy0vYCIdnw","delta=1&language=en&theme=usagov&include=eJwdykEOwCAIBMAP2fIkg5EQEtDDqo2_b-tlToONIUGFIWmCtS9S74X9wthuTdMyeUDHO3qdfmLmGtbynwQUXy0vYCIdnw"
"./html/agencies/denali-commission/index.html","js","/themes/custom/usagov/scripts/newFooter.js","-","-","-","-","-",""
"./html/agencies/denali-commission/index.html","js","/sites/default/files/js/js_sJY3bzJs3jirGGaSNreFUENeOZtDcSGccrkIaQj9Xmc.js","footer","-","en","usagov","eJx1jUEOwzAIBD8Ux09CBFPXrQMR4FT9fa3k3OPO7GqHY9Uz164b9uTx7U3qMi4KoQcInq1iNBXYWUb-r-Dlc_gpDvTm0kINmgRXuyr5VkikVmZeH6bTSlkm4Ey6Hyos4ev9kJIzGj03tB9w0UIH","scope=footer&delta=0&language=en&theme=usagov&include=eJx1jUEOwzAIBD8Ux09CBFPXrQMR4FT9fa3k3OPO7GqHY9Uz164b9uTx7U3qMi4KoQcInq1iNBXYWUb-r-Dlc_gpDvTm0kINmgRXuyr5VkikVmZeH6bTSlkm4Ey6Hyos4ev9kJIzGj03tB9w0UIH"
"./html/agencies/denali-commission/index.html","js","/modules/contrib/uswds_ckeditor_integration/js/aftermarket/uswds_accordion.js","-","-","-","-","-","sqrdwl"
"./html/agencies/denali-commission/index.html","js","/sites/default/files/js/js_JxNk0XijPRI5QYwn5XlgSWW1Bx0YJQ3HYOHPIZ4Crx4.js","footer","2","en","usagov","eJx1jUEOwzAIBD8Ux09CBFPXrQMR4FT9fa3k3OPO7GqHY9Uz164b9uTx7U3qMi4KoQcInq1iNBXYWUb-r-Dlc_gpDvTm0kINmgRXuyr5VkikVmZeH6bTSlkm4Ey6Hyos4ev9kJIzGj03tB9w0UIH","scope=footer&delta=2&language=en&theme=usagov&include=eJx1jUEOwzAIBD8Ux09CBFPXrQMR4FT9fa3k3OPO7GqHY9Uz164b9uTx7U3qMi4KoQcInq1iNBXYWUb-r-Dlc_gpDvTm0kINmgRXuyr5VkikVmZeH6bTSlkm4Ey6Hyos4ev9kJIzGj03tB9w0UIH"
"./html/agencies/denali-commission/index.html","js","/themes/custom/usagov/scripts/modifyMobileNav.js","-","-","-","-","-",""
"./html/agencies/department-of-energy-office-of-science/index.html","css","/sites/default/files/css/css__7_lnIX5SUimudYZT0iqhhe0r5Ev1QE4En7-BEPHMeY.css","-","-","en","usagov","eJwdykEOwCAIBMAP2fIkg5EQEtDDqo2_b-tlToONIUGFIWmCtS9S74X9wthuTdMyeUDHO3qdfmLmGtbynwQUXy0vYCIdnw","delta=0&language=en&theme=usagov&include=eJwdykEOwCAIBMAP2fIkg5EQEtDDqo2_b-tlToONIUGFIWmCtS9S74X9wthuTdMyeUDHO3qdfmLmGtbynwQUXy0vYCIdnw"
"./html/agencies/department-of-energy-office-of-science/index.html","css","/sites/default/files/css/css_h8MbvwzFoPHon25psxDvs_qWZKIaWznJGeScqw5abGU.css","-","1","en","usagov","eJwdykEOwCAIBMAP2fIkg5EQEtDDqo2_b-tlToONIUGFIWmCtS9S74X9wthuTdMyeUDHO3qdfmLmGtbynwQUXy0vYCIdnw","delta=1&language=en&theme=usagov&include=eJwdykEOwCAIBMAP2fIkg5EQEtDDqo2_b-tlToONIUGFIWmCtS9S74X9wthuTdMyeUDHO3qdfmLmGtbynwQUXy0vYCIdnw"
"./html/agencies/department-of-energy-office-of-science/index.html","js","/themes/custom/usagov/scripts/newFooter.js","-","-","-","-","-",""
"./html/agencies/department-of-energy-office-of-science/index.html","js","/sites/default/files/js/js_sJY3bzJs3jirGGaSNreFUENeOZtDcSGccrkIaQj9Xmc.js","footer","-","en","usagov","eJx1jUEOwzAIBD8Ux09CBFPXrQMR4FT9fa3k3OPO7GqHY9Uz164b9uTx7U3qMi4KoQcInq1iNBXYWUb-r-Dlc_gpDvTm0kINmgRXuyr5VkikVmZeH6bTSlkm4Ey6Hyos4ev9kJIzGj03tB9w0UIH","scope=footer&delta=0&language=en&theme=usagov&include=eJx1jUEOwzAIBD8Ux09CBFPXrQMR4FT9fa3k3OPO7GqHY9Uz164b9uTx7U3qMi4KoQcInq1iNBXYWUb-r-Dlc_gpDvTm0kINmgRXuyr5VkikVmZeH6bTSlkm4Ey6Hyos4ev9kJIzGj03tB9w0UIH"
"./html/agencies/department-of-energy-office-of-science/index.html","js","/modules/contrib/uswds_ckeditor_integration/js/aftermarket/uswds_accordion.js","-","-","-","-","-","sqrdwl"
"./html/agencies/department-of-energy-office-of-science/index.html","js","/sites/default/files/js/js_JxNk0XijPRI5QYwn5XlgSWW1Bx0YJQ3HYOHPIZ4Crx4.js","footer","2","en","usagov","eJx1jUEOwzAIBD8Ux09CBFPXrQMR4FT9fa3k3OPO7GqHY9Uz164b9uTx7U3qMi4KoQcInq1iNBXYWUb-r-Dlc_gpDvTm0kINmgRXuyr5VkikVmZeH6bTSlkm4Ey6Hyos4ev9kJIzGj03tB9w0UIH","scope=footer&delta=2&language=en&theme=usagov&include=eJx1jUEOwzAIBD8Ux09CBFPXrQMR4FT9fa3k3OPO7GqHY9Uz164b9uTx7U3qMi4KoQcInq1iNBXYWUb-r-Dlc_gpDvTm0kINmgRXuyr5VkikVmZeH6bTSlkm4Ey6Hyos4ev9kJIzGj03tB9w0UIH"
"./html/agencies/department-of-energy-office-of-science/index.html","js","/themes/custom/usagov/scripts/modifyMobileNav.js","-","-","-","-","-",""
"./html/agencies/drug-enforcement-administration/index.html","css","/sites/default/files/css/css__7_lnIX5SUimudYZT0iqhhe0r5Ev1QE4En7-BEPHMeY.css","-","-","en","usagov","eJwdykEOwCAIBMAP2fIkg5EQEtDDqo2_b-tlToONIUGFIWmCtS9S74X9wthuTdMyeUDHO3qdfmLmGtbynwQUXy0vYCIdnw","delta=0&language=en&theme=usagov&include=eJwdykEOwCAIBMAP2fIkg5EQEtDDqo2_b-tlToONIUGFIWmCtS9S74X9wthuTdMyeUDHO3qdfmLmGtbynwQUXy0vYCIdnw"
"./html/agencies/drug-enforcement-administration/index.html","css","/sites/default/files/css/css_h8MbvwzFoPHon25psxDvs_qWZKIaWznJGeScqw5abGU.css","-","1","en","usagov","eJwdykEOwCAIBMAP2fIkg5EQEtDDqo2_b-tlToONIUGFIWmCtS9S74X9wthuTdMyeUDHO3qdfmLmGtbynwQUXy0vYCIdnw","delta=1&language=en&theme=usagov&include=eJwdykEOwCAIBMAP2fIkg5EQEtDDqo2_b-tlToONIUGFIWmCtS9S74X9wthuTdMyeUDHO3qdfmLmGtbynwQUXy0vYCIdnw"
"./html/agencies/drug-enforcement-administration/index.html","js","/themes/custom/usagov/scripts/newFooter.js","-","-","-","-","-",""
"./html/agencies/drug-enforcement-administration/index.html","js","/sites/default/files/js/js_sJY3bzJs3jirGGaSNreFUENeOZtDcSGccrkIaQj9Xmc.js","footer","-","en","usagov","eJx1jUEOwzAIBD8Ux09CBFPXrQMR4FT9fa3k3OPO7GqHY9Uz164b9uTx7U3qMi4KoQcInq1iNBXYWUb-r-Dlc_gpDvTm0kINmgRXuyr5VkikVmZeH6bTSlkm4Ey6Hyos4ev9kJIzGj03tB9w0UIH","scope=footer&delta=0&language=en&theme=usagov&include=eJx1jUEOwzAIBD8Ux09CBFPXrQMR4FT9fa3k3OPO7GqHY9Uz164b9uTx7U3qMi4KoQcInq1iNBXYWUb-r-Dlc_gpDvTm0kINmgRXuyr5VkikVmZeH6bTSlkm4Ey6Hyos4ev9kJIzGj03tB9w0UIH"
"./html/agencies/drug-enforcement-administration/index.html","js","/modules/contrib/uswds_ckeditor_integration/js/aftermarket/uswds_accordion.js","-","-","-","-","-","sqrdwl"
"./html/agencies/drug-enforcement-administration/index.html","js","/sites/default/files/js/js_JxNk0XijPRI5QYwn5XlgSWW1Bx0YJQ3HYOHPIZ4Crx4.js","footer","2","en","usagov","eJx1jUEOwzAIBD8Ux09CBFPXrQMR4FT9fa3k3OPO7GqHY9Uz164b9uTx7U3qMi4KoQcInq1iNBXYWUb-r-Dlc_gpDvTm0kINmgRXuyr5VkikVmZeH6bTSlkm4Ey6Hyos4ev9kJIzGj03tB9w0UIH","scope=footer&delta=2&language=en&theme=usagov&include=eJx1jUEOwzAIBD8Ux09CBFPXrQMR4FT9fa3k3OPO7GqHY9Uz164b9uTx7U3qMi4KoQcInq1iNBXYWUb-r-Dlc_gpDvTm0kINmgRXuyr5VkikVmZeH6bTSlkm4Ey6Hyos4ev9kJIzGj03tB9w0UIH"
"./html/agencies/drug-enforcement-administration/index.html","js","/themes/custom/usagov/scripts/modifyMobileNav.js","-","-","-","-","-",""
"./html/agencies/economic-development-administration/index.html","css","/sites/default/files/css/css__7_lnIX5SUimudYZT0iqhhe0r5Ev1QE4En7-BEPHMeY.css","-","-","en","usagov","eJwdykEOwCAIBMAP2fIkg5EQEtDDqo2_b-tlToONIUGFIWmCtS9S74X9wthuTdMyeUDHO3qdfmLmGtbynwQUXy0vYCIdnw","delta=0&language=en&theme=usagov&include=eJwdykEOwCAIBMAP2fIkg5EQEtDDqo2_b-tlToONIUGFIWmCtS9S74X9wthuTdMyeUDHO3qdfmLmGtbynwQUXy0vYCIdnw"
"./html/agencies/economic-development-administration/index.html","css","/sites/default/files/css/css_h8MbvwzFoPHon25psxDvs_qWZKIaWznJGeScqw5abGU.css","-","1","en","usagov","eJwdykEOwCAIBMAP2fIkg5EQEtDDqo2_b-tlToONIUGFIWmCtS9S74X9wthuTdMyeUDHO3qdfmLmGtbynwQUXy0vYCIdnw","delta=1&language=en&theme=usagov&include=eJwdykEOwCAIBMAP2fIkg5EQEtDDqo2_b-tlToONIUGFIWmCtS9S74X9wthuTdMyeUDHO3qdfmLmGtbynwQUXy0vYCIdnw"
"./html/agencies/economic-development-administration/index.html","js","/themes/custom/usagov/scripts/newFooter.js","-","-","-","-","-",""
"./html/agencies/economic-development-administration/index.html","js","/sites/default/files/js/js_sJY3bzJs3jirGGaSNreFUENeOZtDcSGccrkIaQj9Xmc.js","footer","-","en","usagov","eJx1jUEOwzAIBD8Ux09CBFPXrQMR4FT9fa3k3OPO7GqHY9Uz164b9uTx7U3qMi4KoQcInq1iNBXYWUb-r-Dlc_gpDvTm0kINmgRXuyr5VkikVmZeH6bTSlkm4Ey6Hyos4ev9kJIzGj03tB9w0UIH","scope=footer&delta=0&language=en&theme=usagov&include=eJx1jUEOwzAIBD8Ux09CBFPXrQMR4FT9fa3k3OPO7GqHY9Uz164b9uTx7U3qMi4KoQcInq1iNBXYWUb-r-Dlc_gpDvTm0kINmgRXuyr5VkikVmZeH6bTSlkm4Ey6Hyos4ev9kJIzGj03tB9w0UIH"
"./html/agencies/economic-development-administration/index.html","js","/modules/contrib/uswds_ckeditor_integration/js/aftermarket/uswds_accordion.js","-","-","-","-","-","sqrdwl"
"./html/agencies/economic-development-administration/index.html","js","/sites/default/files/js/js_JxNk0XijPRI5QYwn5XlgSWW1Bx0YJQ3HYOHPIZ4Crx4.js","footer","2","en","usagov","eJx1jUEOwzAIBD8Ux09CBFPXrQMR4FT9fa3k3OPO7GqHY9Uz164b9uTx7U3qMi4KoQcInq1iNBXYWUb-r-Dlc_gpDvTm0kINmgRXuyr5VkikVmZeH6bTSlkm4Ey6Hyos4ev9kJIzGj03tB9w0UIH","scope=footer&delta=2&language=en&theme=usagov&include=eJx1jUEOwzAIBD8Ux09CBFPXrQMR4FT9fa3k3OPO7GqHY9Uz164b9uTx7U3qMi4KoQcInq1iNBXYWUb-r-Dlc_gpDvTm0kINmgRXuyr5VkikVmZeH6bTSlkm4Ey6Hyos4ev9kJIzGj03tB9w0UIH"
"./html/agencies/economic-development-administration/index.html","js","/themes/custom/usagov/scripts/modifyMobileNav.js","-","-","-","-","-",""
"./html/agencies/economic-growth-energy-and-the-environment/index.html","css","/sites/default/files/css/css__7_lnIX5SUimudYZT0iqhhe0r5Ev1QE4En7-BEPHMeY.css","-","-","en","usagov","eJwdykEOwCAIBMAP2fIkg5EQEtDDqo2_b-tlToONIUGFIWmCtS9S74X9wthuTdMyeUDHO3qdfmLmGtbynwQUXy0vYCIdnw","delta=0&language=en&theme=usagov&include=eJwdykEOwCAIBMAP2fIkg5EQEtDDqo2_b-tlToONIUGFIWmCtS9S74X9wthuTdMyeUDHO3qdfmLmGtbynwQUXy0vYCIdnw"
"./html/agencies/economic-growth-energy-and-the-environment/index.html","css","/sites/default/files/css/css_h8MbvwzFoPHon25psxDvs_qWZKIaWznJGeScqw5abGU.css","-","1","en","usagov","eJwdykEOwCAIBMAP2fIkg5EQEtDDqo2_b-tlToONIUGFIWmCtS9S74X9wthuTdMyeUDHO3qdfmLmGtbynwQUXy0vYCIdnw","delta=1&language=en&theme=usagov&include=eJwdykEOwCAIBMAP2fIkg5EQEtDDqo2_b-tlToONIUGFIWmCtS9S74X9wthuTdMyeUDHO3qdfmLmGtbynwQUXy0vYCIdnw"
"./html/agencies/economic-growth-energy-and-the-environment/index.html","js","/themes/custom/usagov/scripts/newFooter.js","-","-","-","-","-",""
"./html/agencies/economic-growth-energy-and-the-environment/index.html","js","/sites/default/files/js/js_sJY3bzJs3jirGGaSNreFUENeOZtDcSGccrkIaQj9Xmc.js","footer","-","en","usagov","eJx1jUEOwzAIBD8Ux09CBFPXrQMR4FT9fa3k3OPO7GqHY9Uz164b9uTx7U3qMi4KoQcInq1iNBXYWUb-r-Dlc_gpDvTm0kINmgRXuyr5VkikVmZeH6bTSlkm4Ey6Hyos4ev9kJIzGj03tB9w0UIH","scope=footer&delta=0&language=en&theme=usagov&include=eJx1jUEOwzAIBD8Ux09CBFPXrQMR4FT9fa3k3OPO7GqHY9Uz164b9uTx7U3qMi4KoQcInq1iNBXYWUb-r-Dlc_gpDvTm0kINmgRXuyr5VkikVmZeH6bTSlkm4Ey6Hyos4ev9kJIzGj03tB9w0UIH"
"./html/agencies/economic-growth-energy-and-the-environment/index.html","js","/modules/contrib/uswds_ckeditor_integration/js/aftermarket/uswds_accordion.js","-","-","-","-","-","sqrdwl"
"./html/agencies/economic-growth-energy-and-the-environment/index.html","js","/sites/default/files/js/js_JxNk0XijPRI5QYwn5XlgSWW1Bx0YJQ3HYOHPIZ4Crx4.js","footer","2","en","usagov","eJx1jUEOwzAIBD8Ux09CBFPXrQMR4FT9fa3k3OPO7GqHY9Uz164b9uTx7U3qMi4KoQcInq1iNBXYWUb-r-Dlc_gpDvTm0kINmgRXuyr5VkikVmZeH6bTSlkm4Ey6Hyos4ev9kJIzGj03tB9w0UIH","scope=footer&delta=2&language=en&theme=usagov&include=eJx1jUEOwzAIBD8Ux09CBFPXrQMR4FT9fa3k3OPO7GqHY9Uz164b9uTx7U3qMi4KoQcInq1iNBXYWUb-r-Dlc_gpDvTm0kINmgRXuyr5VkikVmZeH6bTSlkm4Ey6Hyos4ev9kJIzGj03tB9w0UIH"
"./html/agencies/economic-growth-energy-and-the-environment/index.html","js","/themes/custom/usagov/scripts/modifyMobileNav.js","-","-","-","-","-",""
"./html/agencies/economic-research-service/index.html","css","/sites/default/files/css/css__7_lnIX5SUimudYZT0iqhhe0r5Ev1QE4En7-BEPHMeY.css","-","-","en","usagov","eJwdykEOwCAIBMAP2fIkg5EQEtDDqo2_b-tlToONIUGFIWmCtS9S74X9wthuTdMyeUDHO3qdfmLmGtbynwQUXy0vYCIdnw","delta=0&language=en&theme=usagov&include=eJwdykEOwCAIBMAP2fIkg5EQEtDDqo2_b-tlToONIUGFIWmCtS9S74X9wthuTdMyeUDHO3qdfmLmGtbynwQUXy0vYCIdnw"
"./html/agencies/economic-research-service/index.html","css","/sites/default/files/css/css_h8MbvwzFoPHon25psxDvs_qWZKIaWznJGeScqw5abGU.css","-","1","en","usagov","eJwdykEOwCAIBMAP2fIkg5EQEtDDqo2_b-tlToONIUGFIWmCtS9S74X9wthuTdMyeUDHO3qdfmLmGtbynwQUXy0vYCIdnw","delta=1&language=en&theme=usagov&include=eJwdykEOwCAIBMAP2fIkg5EQEtDDqo2_b-tlToONIUGFIWmCtS9S74X9wthuTdMyeUDHO3qdfmLmGtbynwQUXy0vYCIdnw"
"./html/agencies/economic-research-service/index.html","js","/themes/custom/usagov/scripts/newFooter.js","-","-","-","-","-",""
"./html/agencies/economic-research-service/index.html","js","/sites/default/files/js/js_sJY3bzJs3jirGGaSNreFUENeOZtDcSGccrkIaQj9Xmc.js","footer","-","en","usagov","eJx1jUEOwzAIBD8Ux09CBFPXrQMR4FT9fa3k3OPO7GqHY9Uz164b9uTx7U3qMi4KoQcInq1iNBXYWUb-r-Dlc_gpDvTm0kINmgRXuyr5VkikVmZeH6bTSlkm4Ey6Hyos4ev9kJIzGj03tB9w0UIH","scope=footer&delta=0&language=en&theme=usagov&include=eJx1jUEOwzAIBD8Ux09CBFPXrQMR4FT9fa3k3OPO7GqHY9Uz164b9uTx7U3qMi4KoQcInq1iNBXYWUb-r-Dlc_gpDvTm0kINmgRXuyr5VkikVmZeH6bTSlkm4Ey6Hyos4ev9kJIzGj03tB9w0UIH"
"./html/agencies/economic-research-service/index.html","js","/modules/contrib/uswds_ckeditor_integration/js/aftermarket/uswds_accordion.js","-","-","-","-","-","sqrdwl"
"./html/agencies/economic-research-service/index.html","js","/sites/default/files/js/js_JxNk0XijPRI5QYwn5XlgSWW1Bx0YJQ3HYOHPIZ4Crx4.js","footer","2","en","usagov","eJx1jUEOwzAIBD8Ux09CBFPXrQMR4FT9fa3k3OPO7GqHY9Uz164b9uTx7U3qMi4KoQcInq1iNBXYWUb-r-Dlc_gpDvTm0kINmgRXuyr5VkikVmZeH6bTSlkm4Ey6Hyos4ev9kJIzGj03tB9w0UIH","scope=footer&delta=2&language=en&theme=usagov&include=eJx1jUEOwzAIBD8Ux09CBFPXrQMR4FT9fa3k3OPO7GqHY9Uz164b9uTx7U3qMi4KoQcInq1iNBXYWUb-r-Dlc_gpDvTm0kINmgRXuyr5VkikVmZeH6bTSlkm4Ey6Hyos4ev9kJIzGj03tB9w0UIH"
"./html/agencies/economic-research-service/index.html","js","/themes/custom/usagov/scripts/modifyMobileNav.js","-","-","-","-","-",""
"./html/agencies/elder-justice-initiative/index.html","css","/sites/default/files/css/css__7_lnIX5SUimudYZT0iqhhe0r5Ev1QE4En7-BEPHMeY.css","-","-","en","usagov","eJwdykEOwCAIBMAP2fIkg5EQEtDDqo2_b-tlToONIUGFIWmCtS9S74X9wthuTdMyeUDHO3qdfmLmGtbynwQUXy0vYCIdnw","delta=0&language=en&theme=usagov&include=eJwdykEOwCAIBMAP2fIkg5EQEtDDqo2_b-tlToONIUGFIWmCtS9S74X9wthuTdMyeUDHO3qdfmLmGtbynwQUXy0vYCIdnw"
"./html/agencies/elder-justice-initiative/index.html","css","/sites/default/files/css/css_h8MbvwzFoPHon25psxDvs_qWZKIaWznJGeScqw5abGU.css","-","1","en","usagov","eJwdykEOwCAIBMAP2fIkg5EQEtDDqo2_b-tlToONIUGFIWmCtS9S74X9wthuTdMyeUDHO3qdfmLmGtbynwQUXy0vYCIdnw","delta=1&language=en&theme=usagov&include=eJwdykEOwCAIBMAP2fIkg5EQEtDDqo2_b-tlToONIUGFIWmCtS9S74X9wthuTdMyeUDHO3qdfmLmGtbynwQUXy0vYCIdnw"
"./html/agencies/elder-justice-initiative/index.html","js","/themes/custom/usagov/scripts/newFooter.js","-","-","-","-","-",""
"./html/agencies/elder-justice-initiative/index.html","js","/sites/default/files/js/js_sJY3bzJs3jirGGaSNreFUENeOZtDcSGccrkIaQj9Xmc.js","footer","-","en","usagov","eJx1jUEOwzAIBD8Ux09CBFPXrQMR4FT9fa3k3OPO7GqHY9Uz164b9uTx7U3qMi4KoQcInq1iNBXYWUb-r-Dlc_gpDvTm0kINmgRXuyr5VkikVmZeH6bTSlkm4Ey6Hyos4ev9kJIzGj03tB9w0UIH","scope=footer&delta=0&language=en&theme=usagov&include=eJx1jUEOwzAIBD8Ux09CBFPXrQMR4FT9fa3k3OPO7GqHY9Uz164b9uTx7U3qMi4KoQcInq1iNBXYWUb-r-Dlc_gpDvTm0kINmgRXuyr5VkikVmZeH6bTSlkm4Ey6Hyos4ev9kJIzGj03tB9w0UIH"
"./html/agencies/elder-justice-initiative/index.html","js","/modules/contrib/uswds_ckeditor_integration/js/aftermarket/uswds_accordion.js","-","-","-","-","-","sqrdwl"
"./html/agencies/elder-justice-initiative/index.html","js","/sites/default/files/js/js_JxNk0XijPRI5QYwn5XlgSWW1Bx0YJQ3HYOHPIZ4Crx4.js","footer","2","en","usagov","eJx1jUEOwzAIBD8Ux09CBFPXrQMR4FT9fa3k3OPO7GqHY9Uz164b9uTx7U3qMi4KoQcInq1iNBXYWUb-r-Dlc_gpDvTm0kINmgRXuyr5VkikVmZeH6bTSlkm4Ey6Hyos4ev9kJIzGj03tB9w0UIH","scope=footer&delta=2&language=en&theme=usagov&include=eJx1jUEOwzAIBD8Ux09CBFPXrQMR4FT9fa3k3OPO7GqHY9Uz164b9uTx7U3qMi4KoQcInq1iNBXYWUb-r-Dlc_gpDvTm0kINmgRXuyr5VkikVmZeH6bTSlkm4Ey6Hyos4ev9kJIzGj03tB9w0UIH"
"./html/agencies/elder-justice-initiative/index.html","js","/themes/custom/usagov/scripts/modifyMobileNav.js","-","-","-","-","-",""
"./html/agencies/employee-benefits-security-administration/index.html","css","/sites/default/files/css/css__7_lnIX5SUimudYZT0iqhhe0r5Ev1QE4En7-BEPHMeY.css","-","-","en","usagov","eJwdykEOwCAIBMAP2fIkg5EQEtDDqo2_b-tlToONIUGFIWmCtS9S74X9wthuTdMyeUDHO3qdfmLmGtbynwQUXy0vYCIdnw","delta=0&language=en&theme=usagov&include=eJwdykEOwCAIBMAP2fIkg5EQEtDDqo2_b-tlToONIUGFIWmCtS9S74X9wthuTdMyeUDHO3qdfmLmGtbynwQUXy0vYCIdnw"
"./html/agencies/employee-benefits-security-administration/index.html","css","/sites/default/files/css/css_h8MbvwzFoPHon25psxDvs_qWZKIaWznJGeScqw5abGU.css","-","1","en","usagov","eJwdykEOwCAIBMAP2fIkg5EQEtDDqo2_b-tlToONIUGFIWmCtS9S74X9wthuTdMyeUDHO3qdfmLmGtbynwQUXy0vYCIdnw","delta=1&language=en&theme=usagov&include=eJwdykEOwCAIBMAP2fIkg5EQEtDDqo2_b-tlToONIUGFIWmCtS9S74X9wthuTdMyeUDHO3qdfmLmGtbynwQUXy0vYCIdnw"
"./html/agencies/employee-benefits-security-administration/index.html","js","/themes/custom/usagov/scripts/newFooter.js","-","-","-","-","-",""
"./html/agencies/employee-benefits-security-administration/index.html","js","/sites/default/files/js/js_sJY3bzJs3jirGGaSNreFUENeOZtDcSGccrkIaQj9Xmc.js","footer","-","en","usagov","eJx1jUEOwzAIBD8Ux09CBFPXrQMR4FT9fa3k3OPO7GqHY9Uz164b9uTx7U3qMi4KoQcInq1iNBXYWUb-r-Dlc_gpDvTm0kINmgRXuyr5VkikVmZeH6bTSlkm4Ey6Hyos4ev9kJIzGj03tB9w0UIH","scope=footer&delta=0&language=en&theme=usagov&include=eJx1jUEOwzAIBD8Ux09CBFPXrQMR4FT9fa3k3OPO7GqHY9Uz164b9uTx7U3qMi4KoQcInq1iNBXYWUb-r-Dlc_gpDvTm0kINmgRXuyr5VkikVmZeH6bTSlkm4Ey6Hyos4ev9kJIzGj03tB9w0UIH"
"./html/agencies/employee-benefits-security-administration/index.html","js","/modules/contrib/uswds_ckeditor_integration/js/aftermarket/uswds_accordion.js","-","-","-","-","-","sqrdwl"
"./html/agencies/employee-benefits-security-administration/index.html","js","/sites/default/files/js/js_JxNk0XijPRI5QYwn5XlgSWW1Bx0YJQ3HYOHPIZ4Crx4.js","footer","2","en","usagov","eJx1jUEOwzAIBD8Ux09CBFPXrQMR4FT9fa3k3OPO7GqHY9Uz164b9uTx7U3qMi4KoQcInq1iNBXYWUb-r-Dlc_gpDvTm0kINmgRXuyr5VkikVmZeH6bTSlkm4Ey6Hyos4ev9kJIzGj03tB9w0UIH","scope=footer&delta=2&language=en&theme=usagov&include=eJx1jUEOwzAIBD8Ux09CBFPXrQMR4FT9fa3k3OPO7GqHY9Uz164b9uTx7U3qMi4KoQcInq1iNBXYWUb-r-Dlc_gpDvTm0kINmgRXuyr5VkikVmZeH6bTSlkm4Ey6Hyos4ev9kJIzGj03tB9w0UIH"
"./html/agencies/employee-benefits-security-administration/index.html","js","/themes/custom/usagov/scripts/modifyMobileNav.js","-","-","-","-","-",""
"./html/agencies/employment-and-training-administration/index.html","css","/sites/default/files/css/css__7_lnIX5SUimudYZT0iqhhe0r5Ev1QE4En7-BEPHMeY.css","-","-","en","usagov","eJwdykEOwCAIBMAP2fIkg5EQEtDDqo2_b-tlToONIUGFIWmCtS9S74X9wthuTdMyeUDHO3qdfmLmGtbynwQUXy0vYCIdnw","delta=0&language=en&theme=usagov&include=eJwdykEOwCAIBMAP2fIkg5EQEtDDqo2_b-tlToONIUGFIWmCtS9S74X9wthuTdMyeUDHO3qdfmLmGtbynwQUXy0vYCIdnw"
"./html/agencies/employment-and-training-administration/index.html","css","/sites/default/files/css/css_h8MbvwzFoPHon25psxDvs_qWZKIaWznJGeScqw5abGU.css","-","1","en","usagov","eJwdykEOwCAIBMAP2fIkg5EQEtDDqo2_b-tlToONIUGFIWmCtS9S74X9wthuTdMyeUDHO3qdfmLmGtbynwQUXy0vYCIdnw","delta=1&language=en&theme=usagov&include=eJwdykEOwCAIBMAP2fIkg5EQEtDDqo2_b-tlToONIUGFIWmCtS9S74X9wthuTdMyeUDHO3qdfmLmGtbynwQUXy0vYCIdnw"
"./html/agencies/employment-and-training-administration/index.html","js","/themes/custom/usagov/scripts/newFooter.js","-","-","-","-","-",""
"./html/agencies/employment-and-training-administration/index.html","js","/sites/default/files/js/js_sJY3bzJs3jirGGaSNreFUENeOZtDcSGccrkIaQj9Xmc.js","footer","-","en","usagov","eJx1jUEOwzAIBD8Ux09CBFPXrQMR4FT9fa3k3OPO7GqHY9Uz164b9uTx7U3qMi4KoQcInq1iNBXYWUb-r-Dlc_gpDvTm0kINmgRXuyr5VkikVmZeH6bTSlkm4Ey6Hyos4ev9kJIzGj03tB9w0UIH","scope=footer&delta=0&language=en&theme=usagov&include=eJx1jUEOwzAIBD8Ux09CBFPXrQMR4FT9fa3k3OPO7GqHY9Uz164b9uTx7U3qMi4KoQcInq1iNBXYWUb-r-Dlc_gpDvTm0kINmgRXuyr5VkikVmZeH6bTSlkm4Ey6Hyos4ev9kJIzGj03tB9w0UIH"
"./html/agencies/employment-and-training-administration/index.html","js","/modules/contrib/uswds_ckeditor_integration/js/aftermarket/uswds_accordion.js","-","-","-","-","-","sqrdwl"
"./html/agencies/employment-and-training-administration/index.html","js","/sites/default/files/js/js_JxNk0XijPRI5QYwn5XlgSWW1Bx0YJQ3HYOHPIZ4Crx4.js","footer","2","en","usagov","eJx1jUEOwzAIBD8Ux09CBFPXrQMR4FT9fa3k3OPO7GqHY9Uz164b9uTx7U3qMi4KoQcInq1iNBXYWUb-r-Dlc_gpDvTm0kINmgRXuyr5VkikVmZeH6bTSlkm4Ey6Hyos4ev9kJIzGj03tB9w0UIH","scope=footer&delta=2&language=en&theme=usagov&include=eJx1jUEOwzAIBD8Ux09CBFPXrQMR4FT9fa3k3OPO7GqHY9Uz164b9uTx7U3qMi4KoQcInq1iNBXYWUb-r-Dlc_gpDvTm0kINmgRXuyr5VkikVmZeH6bTSlkm4Ey6Hyos4ev9kJIzGj03tB9w0UIH"
"./html/agencies/employment-and-training-administration/index.html","js","/themes/custom/usagov/scripts/modifyMobileNav.js","-","-","-","-","-",""
"./html/agencies/energy-information-administration/index.html","css","/sites/default/files/css/css__7_lnIX5SUimudYZT0iqhhe0r5Ev1QE4En7-BEPHMeY.css","-","-","en","usagov","eJwdykEOwCAIBMAP2fIkg5EQEtDDqo2_b-tlToONIUGFIWmCtS9S74X9wthuTdMyeUDHO3qdfmLmGtbynwQUXy0vYCIdnw","delta=0&language=en&theme=usagov&include=eJwdykEOwCAIBMAP2fIkg5EQEtDDqo2_b-tlToONIUGFIWmCtS9S74X9wthuTdMyeUDHO3qdfmLmGtbynwQUXy0vYCIdnw"
"./html/agencies/energy-information-administration/index.html","css","/sites/default/files/css/css_h8MbvwzFoPHon25psxDvs_qWZKIaWznJGeScqw5abGU.css","-","1","en","usagov","eJwdykEOwCAIBMAP2fIkg5EQEtDDqo2_b-tlToONIUGFIWmCtS9S74X9wthuTdMyeUDHO3qdfmLmGtbynwQUXy0vYCIdnw","delta=1&language=en&theme=usagov&include=eJwdykEOwCAIBMAP2fIkg5EQEtDDqo2_b-tlToONIUGFIWmCtS9S74X9wthuTdMyeUDHO3qdfmLmGtbynwQUXy0vYCIdnw"
"./html/agencies/energy-information-administration/index.html","js","/themes/custom/usagov/scripts/newFooter.js","-","-","-","-","-",""
"./html/agencies/energy-information-administration/index.html","js","/sites/default/files/js/js_sJY3bzJs3jirGGaSNreFUENeOZtDcSGccrkIaQj9Xmc.js","footer","-","en","usagov","eJx1jUEOwzAIBD8Ux09CBFPXrQMR4FT9fa3k3OPO7GqHY9Uz164b9uTx7U3qMi4KoQcInq1iNBXYWUb-r-Dlc_gpDvTm0kINmgRXuyr5VkikVmZeH6bTSlkm4Ey6Hyos4ev9kJIzGj03tB9w0UIH","scope=footer&delta=0&language=en&theme=usagov&include=eJx1jUEOwzAIBD8Ux09CBFPXrQMR4FT9fa3k3OPO7GqHY9Uz164b9uTx7U3qMi4KoQcInq1iNBXYWUb-r-Dlc_gpDvTm0kINmgRXuyr5VkikVmZeH6bTSlkm4Ey6Hyos4ev9kJIzGj03tB9w0UIH"
"./html/agencies/energy-information-administration/index.html","js","/modules/contrib/uswds_ckeditor_integration/js/aftermarket/uswds_accordion.js","-","-","-","-","-","sqrdwl"
"./html/agencies/energy-information-administration/index.html","js","/sites/default/files/js/js_JxNk0XijPRI5QYwn5XlgSWW1Bx0YJQ3HYOHPIZ4Crx4.js","footer","2","en","usagov","eJx1jUEOwzAIBD8Ux09CBFPXrQMR4FT9fa3k3OPO7GqHY9Uz164b9uTx7U3qMi4KoQcInq1iNBXYWUb-r-Dlc_gpDvTm0kINmgRXuyr5VkikVmZeH6bTSlkm4Ey6Hyos4ev9kJIzGj03tB9w0UIH","scope=footer&delta=2&language=en&theme=usagov&include=eJx1jUEOwzAIBD8Ux09CBFPXrQMR4FT9fa3k3OPO7GqHY9Uz164b9uTx7U3qMi4KoQcInq1iNBXYWUb-r-Dlc_gpDvTm0kINmgRXuyr5VkikVmZeH6bTSlkm4Ey6Hyos4ev9kJIzGj03tB9w0UIH"
"./html/agencies/energy-information-administration/index.html","js","/themes/custom/usagov/scripts/modifyMobileNav.js","-","-","-","-","-",""
"./html/agencies/english-language-acquisition-office/index.html","css","/sites/default/files/css/css__7_lnIX5SUimudYZT0iqhhe0r5Ev1QE4En7-BEPHMeY.css","-","-","en","usagov","eJwdykEOwCAIBMAP2fIkg5EQEtDDqo2_b-tlToONIUGFIWmCtS9S74X9wthuTdMyeUDHO3qdfmLmGtbynwQUXy0vYCIdnw","delta=0&language=en&theme=usagov&include=eJwdykEOwCAIBMAP2fIkg5EQEtDDqo2_b-tlToONIUGFIWmCtS9S74X9wthuTdMyeUDHO3qdfmLmGtbynwQUXy0vYCIdnw"
"./html/agencies/english-language-acquisition-office/index.html","css","/sites/default/files/css/css_h8MbvwzFoPHon25psxDvs_qWZKIaWznJGeScqw5abGU.css","-","1","en","usagov","eJwdykEOwCAIBMAP2fIkg5EQEtDDqo2_b-tlToONIUGFIWmCtS9S74X9wthuTdMyeUDHO3qdfmLmGtbynwQUXy0vYCIdnw","delta=1&language=en&theme=usagov&include=eJwdykEOwCAIBMAP2fIkg5EQEtDDqo2_b-tlToONIUGFIWmCtS9S74X9wthuTdMyeUDHO3qdfmLmGtbynwQUXy0vYCIdnw"
"./html/agencies/english-language-acquisition-office/index.html","js","/themes/custom/usagov/scripts/newFooter.js","-","-","-","-","-",""
"./html/agencies/english-language-acquisition-office/index.html","js","/sites/default/files/js/js_sJY3bzJs3jirGGaSNreFUENeOZtDcSGccrkIaQj9Xmc.js","footer","-","en","usagov","eJx1jUEOwzAIBD8Ux09CBFPXrQMR4FT9fa3k3OPO7GqHY9Uz164b9uTx7U3qMi4KoQcInq1iNBXYWUb-r-Dlc_gpDvTm0kINmgRXuyr5VkikVmZeH6bTSlkm4Ey6Hyos4ev9kJIzGj03tB9w0UIH","scope=footer&delta=0&language=en&theme=usagov&include=eJx1jUEOwzAIBD8Ux09CBFPXrQMR4FT9fa3k3OPO7GqHY9Uz164b9uTx7U3qMi4KoQcInq1iNBXYWUb-r-Dlc_gpDvTm0kINmgRXuyr5VkikVmZeH6bTSlkm4Ey6Hyos4ev9kJIzGj03tB9w0UIH"
"./html/agencies/english-language-acquisition-office/index.html","js","/modules/contrib/uswds_ckeditor_integration/js/aftermarket/uswds_accordion.js","-","-","-","-","-","sqrdwl"
"./html/agencies/english-language-acquisition-office/index.html","js","/sites/default/files/js/js_JxNk0XijPRI5QYwn5XlgSWW1Bx0YJQ3HYOHPIZ4Crx4.js","footer","2","en","usagov","eJx1jUEOwzAIBD8Ux09CBFPXrQMR4FT9fa3k3OPO7GqHY9Uz164b9uTx7U3qMi4KoQcInq1iNBXYWUb-r-Dlc_gpDvTm0kINmgRXuyr5VkikVmZeH6bTSlkm4Ey6Hyos4ev9kJIzGj03tB9w0UIH","scope=footer&delta=2&language=en&theme=usagov&include=eJx1jUEOwzAIBD8Ux09CBFPXrQMR4FT9fa3k3OPO7GqHY9Uz164b9uTx7U3qMi4KoQcInq1iNBXYWUb-r-Dlc_gpDvTm0kINmgRXuyr5VkikVmZeH6bTSlkm4Ey6Hyos4ev9kJIzGj03tB9w0UIH"
"./html/agencies/english-language-acquisition-office/index.html","js","/themes/custom/usagov/scripts/modifyMobileNav.js","-","-","-","-","-",""
"./html/agencies/environmental-protection-agency/index.html","css","/sites/default/files/css/css__7_lnIX5SUimudYZT0iqhhe0r5Ev1QE4En7-BEPHMeY.css","-","-","en","usagov","eJwdykEOwCAIBMAP2fIkg5EQEtDDqo2_b-tlToONIUGFIWmCtS9S74X9wthuTdMyeUDHO3qdfmLmGtbynwQUXy0vYCIdnw","delta=0&language=en&theme=usagov&include=eJwdykEOwCAIBMAP2fIkg5EQEtDDqo2_b-tlToONIUGFIWmCtS9S74X9wthuTdMyeUDHO3qdfmLmGtbynwQUXy0vYCIdnw"
"./html/agencies/environmental-protection-agency/index.html","css","/sites/default/files/css/css_h8MbvwzFoPHon25psxDvs_qWZKIaWznJGeScqw5abGU.css","-","1","en","usagov","eJwdykEOwCAIBMAP2fIkg5EQEtDDqo2_b-tlToONIUGFIWmCtS9S74X9wthuTdMyeUDHO3qdfmLmGtbynwQUXy0vYCIdnw","delta=1&language=en&theme=usagov&include=eJwdykEOwCAIBMAP2fIkg5EQEtDDqo2_b-tlToONIUGFIWmCtS9S74X9wthuTdMyeUDHO3qdfmLmGtbynwQUXy0vYCIdnw"
"./html/agencies/environmental-protection-agency/index.html","js","/themes/custom/usagov/scripts/newFooter.js","-","-","-","-","-",""
"./html/agencies/environmental-protection-agency/index.html","js","/sites/default/files/js/js_sJY3bzJs3jirGGaSNreFUENeOZtDcSGccrkIaQj9Xmc.js","footer","-","en","usagov","eJx1jUEOwzAIBD8Ux09CBFPXrQMR4FT9fa3k3OPO7GqHY9Uz164b9uTx7U3qMi4KoQcInq1iNBXYWUb-r-Dlc_gpDvTm0kINmgRXuyr5VkikVmZeH6bTSlkm4Ey6Hyos4ev9kJIzGj03tB9w0UIH","scope=footer&delta=0&language=en&theme=usagov&include=eJx1jUEOwzAIBD8Ux09CBFPXrQMR4FT9fa3k3OPO7GqHY9Uz164b9uTx7U3qMi4KoQcInq1iNBXYWUb-r-Dlc_gpDvTm0kINmgRXuyr5VkikVmZeH6bTSlkm4Ey6Hyos4ev9kJIzGj03tB9w0UIH"
"./html/agencies/environmental-protection-agency/index.html","js","/modules/contrib/uswds_ckeditor_integration/js/aftermarket/uswds_accordion.js","-","-","-","-","-","sqrdwl"
"./html/agencies/environmental-protection-agency/index.html","js","/sites/default/files/js/js_JxNk0XijPRI5QYwn5XlgSWW1Bx0YJQ3HYOHPIZ4Crx4.js","footer","2","en","usagov","eJx1jUEOwzAIBD8Ux09CBFPXrQMR4FT9fa3k3OPO7GqHY9Uz164b9uTx7U3qMi4KoQcInq1iNBXYWUb-r-Dlc_gpDvTm0kINmgRXuyr5VkikVmZeH6bTSlkm4Ey6Hyos4ev9kJIzGj03tB9w0UIH","scope=footer&delta=2&language=en&theme=usagov&include=eJx1jUEOwzAIBD8Ux09CBFPXrQMR4FT9fa3k3OPO7GqHY9Uz164b9uTx7U3qMi4KoQcInq1iNBXYWUb-r-Dlc_gpDvTm0kINmgRXuyr5VkikVmZeH6bTSlkm4Ey6Hyos4ev9kJIzGj03tB9w0UIH"
"./html/agencies/environmental-protection-agency/index.html","js","/themes/custom/usagov/scripts/modifyMobileNav.js","-","-","-","-","-",""
"./html/agencies/equal-employment-opportunity-commission/index.html","css","/sites/default/files/css/css__7_lnIX5SUimudYZT0iqhhe0r5Ev1QE4En7-BEPHMeY.css","-","-","en","usagov","eJwdykEOwCAIBMAP2fIkg5EQEtDDqo2_b-tlToONIUGFIWmCtS9S74X9wthuTdMyeUDHO3qdfmLmGtbynwQUXy0vYCIdnw","delta=0&language=en&theme=usagov&include=eJwdykEOwCAIBMAP2fIkg5EQEtDDqo2_b-tlToONIUGFIWmCtS9S74X9wthuTdMyeUDHO3qdfmLmGtbynwQUXy0vYCIdnw"
"./html/agencies/equal-employment-opportunity-commission/index.html","css","/sites/default/files/css/css_h8MbvwzFoPHon25psxDvs_qWZKIaWznJGeScqw5abGU.css","-","1","en","usagov","eJwdykEOwCAIBMAP2fIkg5EQEtDDqo2_b-tlToONIUGFIWmCtS9S74X9wthuTdMyeUDHO3qdfmLmGtbynwQUXy0vYCIdnw","delta=1&language=en&theme=usagov&include=eJwdykEOwCAIBMAP2fIkg5EQEtDDqo2_b-tlToONIUGFIWmCtS9S74X9wthuTdMyeUDHO3qdfmLmGtbynwQUXy0vYCIdnw"
"./html/agencies/equal-employment-opportunity-commission/index.html","js","/themes/custom/usagov/scripts/newFooter.js","-","-","-","-","-",""
"./html/agencies/equal-employment-opportunity-commission/index.html","js","/sites/default/files/js/js_sJY3bzJs3jirGGaSNreFUENeOZtDcSGccrkIaQj9Xmc.js","footer","-","en","usagov","eJx1jUEOwzAIBD8Ux09CBFPXrQMR4FT9fa3k3OPO7GqHY9Uz164b9uTx7U3qMi4KoQcInq1iNBXYWUb-r-Dlc_gpDvTm0kINmgRXuyr5VkikVmZeH6bTSlkm4Ey6Hyos4ev9kJIzGj03tB9w0UIH","scope=footer&delta=0&language=en&theme=usagov&include=eJx1jUEOwzAIBD8Ux09CBFPXrQMR4FT9fa3k3OPO7GqHY9Uz164b9uTx7U3qMi4KoQcInq1iNBXYWUb-r-Dlc_gpDvTm0kINmgRXuyr5VkikVmZeH6bTSlkm4Ey6Hyos4ev9kJIzGj03tB9w0UIH"
"./html/agencies/equal-employment-opportunity-commission/index.html","js","/modules/contrib/uswds_ckeditor_integration/js/aftermarket/uswds_accordion.js","-","-","-","-","-","sqrdwl"
"./html/agencies/equal-employment-opportunity-commission/index.html","js","/sites/default/files/js/js_JxNk0XijPRI5QYwn5XlgSWW1Bx0YJQ3HYOHPIZ4Crx4.js","footer","2","en","usagov","eJx1jUEOwzAIBD8Ux09CBFPXrQMR4FT9fa3k3OPO7GqHY9Uz164b9uTx7U3qMi4KoQcInq1iNBXYWUb-r-Dlc_gpDvTm0kINmgRXuyr5VkikVmZeH6bTSlkm4Ey6Hyos4ev9kJIzGj03tB9w0UIH","scope=footer&delta=2&language=en&theme=usagov&include=eJx1jUEOwzAIBD8Ux09CBFPXrQMR4FT9fa3k3OPO7GqHY9Uz164b9uTx7U3qMi4KoQcInq1iNBXYWUb-r-Dlc_gpDvTm0kINmgRXuyr5VkikVmZeH6bTSlkm4Ey6Hyos4ev9kJIzGj03tB9w0UIH"
"./html/agencies/equal-employment-opportunity-commission/index.html","js","/themes/custom/usagov/scripts/modifyMobileNav.js","-","-","-","-","-",""
"./html/agencies/executive-office-for-immigration-review/index.html","css","/sites/default/files/css/css__7_lnIX5SUimudYZT0iqhhe0r5Ev1QE4En7-BEPHMeY.css","-","-","en","usagov","eJwdykEOwCAIBMAP2fIkg5EQEtDDqo2_b-tlToONIUGFIWmCtS9S74X9wthuTdMyeUDHO3qdfmLmGtbynwQUXy0vYCIdnw","delta=0&language=en&theme=usagov&include=eJwdykEOwCAIBMAP2fIkg5EQEtDDqo2_b-tlToONIUGFIWmCtS9S74X9wthuTdMyeUDHO3qdfmLmGtbynwQUXy0vYCIdnw"
"./html/agencies/executive-office-for-immigration-review/index.html","css","/sites/default/files/css/css_h8MbvwzFoPHon25psxDvs_qWZKIaWznJGeScqw5abGU.css","-","1","en","usagov","eJwdykEOwCAIBMAP2fIkg5EQEtDDqo2_b-tlToONIUGFIWmCtS9S74X9wthuTdMyeUDHO3qdfmLmGtbynwQUXy0vYCIdnw","delta=1&language=en&theme=usagov&include=eJwdykEOwCAIBMAP2fIkg5EQEtDDqo2_b-tlToONIUGFIWmCtS9S74X9wthuTdMyeUDHO3qdfmLmGtbynwQUXy0vYCIdnw"
"./html/agencies/executive-office-for-immigration-review/index.html","js","/themes/custom/usagov/scripts/newFooter.js","-","-","-","-","-",""
"./html/agencies/executive-office-for-immigration-review/index.html","js","/sites/default/files/js/js_sJY3bzJs3jirGGaSNreFUENeOZtDcSGccrkIaQj9Xmc.js","footer","-","en","usagov","eJx1jUEOwzAIBD8Ux09CBFPXrQMR4FT9fa3k3OPO7GqHY9Uz164b9uTx7U3qMi4KoQcInq1iNBXYWUb-r-Dlc_gpDvTm0kINmgRXuyr5VkikVmZeH6bTSlkm4Ey6Hyos4ev9kJIzGj03tB9w0UIH","scope=footer&delta=0&language=en&theme=usagov&include=eJx1jUEOwzAIBD8Ux09CBFPXrQMR4FT9fa3k3OPO7GqHY9Uz164b9uTx7U3qMi4KoQcInq1iNBXYWUb-r-Dlc_gpDvTm0kINmgRXuyr5VkikVmZeH6bTSlkm4Ey6Hyos4ev9kJIzGj03tB9w0UIH"
"./html/agencies/executive-office-for-immigration-review/index.html","js","/modules/contrib/uswds_ckeditor_integration/js/aftermarket/uswds_accordion.js","-","-","-","-","-","sqrdwl"
"./html/agencies/executive-office-for-immigration-review/index.html","js","/sites/default/files/js/js_JxNk0XijPRI5QYwn5XlgSWW1Bx0YJQ3HYOHPIZ4Crx4.js","footer","2","en","usagov","eJx1jUEOwzAIBD8Ux09CBFPXrQMR4FT9fa3k3OPO7GqHY9Uz164b9uTx7U3qMi4KoQcInq1iNBXYWUb-r-Dlc_gpDvTm0kINmgRXuyr5VkikVmZeH6bTSlkm4Ey6Hyos4ev9kJIzGj03tB9w0UIH","scope=footer&delta=2&language=en&theme=usagov&include=eJx1jUEOwzAIBD8Ux09CBFPXrQMR4FT9fa3k3OPO7GqHY9Uz164b9uTx7U3qMi4KoQcInq1iNBXYWUb-r-Dlc_gpDvTm0kINmgRXuyr5VkikVmZeH6bTSlkm4Ey6Hyos4ev9kJIzGj03tB9w0UIH"
"./html/agencies/executive-office-for-immigration-review/index.html","js","/themes/custom/usagov/scripts/modifyMobileNav.js","-","-","-","-","-",""
"./html/agencies/export-import-bank-of-the-united-states/index.html","css","/sites/default/files/css/css__7_lnIX5SUimudYZT0iqhhe0r5Ev1QE4En7-BEPHMeY.css","-","-","en","usagov","eJwdykEOwCAIBMAP2fIkg5EQEtDDqo2_b-tlToONIUGFIWmCtS9S74X9wthuTdMyeUDHO3qdfmLmGtbynwQUXy0vYCIdnw","delta=0&language=en&theme=usagov&include=eJwdykEOwCAIBMAP2fIkg5EQEtDDqo2_b-tlToONIUGFIWmCtS9S74X9wthuTdMyeUDHO3qdfmLmGtbynwQUXy0vYCIdnw"
"./html/agencies/export-import-bank-of-the-united-states/index.html","css","/sites/default/files/css/css_h8MbvwzFoPHon25psxDvs_qWZKIaWznJGeScqw5abGU.css","-","1","en","usagov","eJwdykEOwCAIBMAP2fIkg5EQEtDDqo2_b-tlToONIUGFIWmCtS9S74X9wthuTdMyeUDHO3qdfmLmGtbynwQUXy0vYCIdnw","delta=1&language=en&theme=usagov&include=eJwdykEOwCAIBMAP2fIkg5EQEtDDqo2_b-tlToONIUGFIWmCtS9S74X9wthuTdMyeUDHO3qdfmLmGtbynwQUXy0vYCIdnw"
"./html/agencies/export-import-bank-of-the-united-states/index.html","js","/themes/custom/usagov/scripts/newFooter.js","-","-","-","-","-",""
"./html/agencies/export-import-bank-of-the-united-states/index.html","js","/sites/default/files/js/js_sJY3bzJs3jirGGaSNreFUENeOZtDcSGccrkIaQj9Xmc.js","footer","-","en","usagov","eJx1jUEOwzAIBD8Ux09CBFPXrQMR4FT9fa3k3OPO7GqHY9Uz164b9uTx7U3qMi4KoQcInq1iNBXYWUb-r-Dlc_gpDvTm0kINmgRXuyr5VkikVmZeH6bTSlkm4Ey6Hyos4ev9kJIzGj03tB9w0UIH","scope=footer&delta=0&language=en&theme=usagov&include=eJx1jUEOwzAIBD8Ux09CBFPXrQMR4FT9fa3k3OPO7GqHY9Uz164b9uTx7U3qMi4KoQcInq1iNBXYWUb-r-Dlc_gpDvTm0kINmgRXuyr5VkikVmZeH6bTSlkm4Ey6Hyos4ev9kJIzGj03tB9w0UIH"
"./html/agencies/export-import-bank-of-the-united-states/index.html","js","/modules/contrib/uswds_ckeditor_integration/js/aftermarket/uswds_accordion.js","-","-","-","-","-","sqrdwl"
"./html/agencies/export-import-bank-of-the-united-states/index.html","js","/sites/default/files/js/js_JxNk0XijPRI5QYwn5XlgSWW1Bx0YJQ3HYOHPIZ4Crx4.js","footer","2","en","usagov","eJx1jUEOwzAIBD8Ux09CBFPXrQMR4FT9fa3k3OPO7GqHY9Uz164b9uTx7U3qMi4KoQcInq1iNBXYWUb-r-Dlc_gpDvTm0kINmgRXuyr5VkikVmZeH6bTSlkm4Ey6Hyos4ev9kJIzGj03tB9w0UIH","scope=footer&delta=2&language=en&theme=usagov&include=eJx1jUEOwzAIBD8Ux09CBFPXrQMR4FT9fa3k3OPO7GqHY9Uz164b9uTx7U3qMi4KoQcInq1iNBXYWUb-r-Dlc_gpDvTm0kINmgRXuyr5VkikVmZeH6bTSlkm4Ey6Hyos4ev9kJIzGj03tB9w0UIH"
"./html/agencies/export-import-bank-of-the-united-states/index.html","js","/themes/custom/usagov/scripts/modifyMobileNav.js","-","-","-","-","-",""
"./html/agencies/fannie-mae/index.html","css","/sites/default/files/css/css__7_lnIX5SUimudYZT0iqhhe0r5Ev1QE4En7-BEPHMeY.css","-","-","en","usagov","eJwdykEOwCAIBMAP2fIkg5EQEtDDqo2_b-tlToONIUGFIWmCtS9S74X9wthuTdMyeUDHO3qdfmLmGtbynwQUXy0vYCIdnw","delta=0&language=en&theme=usagov&include=eJwdykEOwCAIBMAP2fIkg5EQEtDDqo2_b-tlToONIUGFIWmCtS9S74X9wthuTdMyeUDHO3qdfmLmGtbynwQUXy0vYCIdnw"
"./html/agencies/fannie-mae/index.html","css","/sites/default/files/css/css_h8MbvwzFoPHon25psxDvs_qWZKIaWznJGeScqw5abGU.css","-","1","en","usagov","eJwdykEOwCAIBMAP2fIkg5EQEtDDqo2_b-tlToONIUGFIWmCtS9S74X9wthuTdMyeUDHO3qdfmLmGtbynwQUXy0vYCIdnw","delta=1&language=en&theme=usagov&include=eJwdykEOwCAIBMAP2fIkg5EQEtDDqo2_b-tlToONIUGFIWmCtS9S74X9wthuTdMyeUDHO3qdfmLmGtbynwQUXy0vYCIdnw"
"./html/agencies/fannie-mae/index.html","js","/themes/custom/usagov/scripts/newFooter.js","-","-","-","-","-",""
"./html/agencies/fannie-mae/index.html","js","/sites/default/files/js/js_sJY3bzJs3jirGGaSNreFUENeOZtDcSGccrkIaQj9Xmc.js","footer","-","en","usagov","eJx1jUEOwzAIBD8Ux09CBFPXrQMR4FT9fa3k3OPO7GqHY9Uz164b9uTx7U3qMi4KoQcInq1iNBXYWUb-r-Dlc_gpDvTm0kINmgRXuyr5VkikVmZeH6bTSlkm4Ey6Hyos4ev9kJIzGj03tB9w0UIH","scope=footer&delta=0&language=en&theme=usagov&include=eJx1jUEOwzAIBD8Ux09CBFPXrQMR4FT9fa3k3OPO7GqHY9Uz164b9uTx7U3qMi4KoQcInq1iNBXYWUb-r-Dlc_gpDvTm0kINmgRXuyr5VkikVmZeH6bTSlkm4Ey6Hyos4ev9kJIzGj03tB9w0UIH"
"./html/agencies/fannie-mae/index.html","js","/modules/contrib/uswds_ckeditor_integration/js/aftermarket/uswds_accordion.js","-","-","-","-","-","sqrdwl"
"./html/agencies/fannie-mae/index.html","js","/sites/default/files/js/js_JxNk0XijPRI5QYwn5XlgSWW1Bx0YJQ3HYOHPIZ4Crx4.js","footer","2","en","usagov","eJx1jUEOwzAIBD8Ux09CBFPXrQMR4FT9fa3k3OPO7GqHY9Uz164b9uTx7U3qMi4KoQcInq1iNBXYWUb-r-Dlc_gpDvTm0kINmgRXuyr5VkikVmZeH6bTSlkm4Ey6Hyos4ev9kJIzGj03tB9w0UIH","scope=footer&delta=2&language=en&theme=usagov&include=eJx1jUEOwzAIBD8Ux09CBFPXrQMR4FT9fa3k3OPO7GqHY9Uz164b9uTx7U3qMi4KoQcInq1iNBXYWUb-r-Dlc_gpDvTm0kINmgRXuyr5VkikVmZeH6bTSlkm4Ey6Hyos4ev9kJIzGj03tB9w0UIH"
"./html/agencies/fannie-mae/index.html","js","/themes/custom/usagov/scripts/modifyMobileNav.js","-","-","-","-","-",""
"./html/agencies/farm-credit-administration/index.html","css","/sites/default/files/css/css__7_lnIX5SUimudYZT0iqhhe0r5Ev1QE4En7-BEPHMeY.css","-","-","en","usagov","eJwdykEOwCAIBMAP2fIkg5EQEtDDqo2_b-tlToONIUGFIWmCtS9S74X9wthuTdMyeUDHO3qdfmLmGtbynwQUXy0vYCIdnw","delta=0&language=en&theme=usagov&include=eJwdykEOwCAIBMAP2fIkg5EQEtDDqo2_b-tlToONIUGFIWmCtS9S74X9wthuTdMyeUDHO3qdfmLmGtbynwQUXy0vYCIdnw"
"./html/agencies/farm-credit-administration/index.html","css","/sites/default/files/css/css_h8MbvwzFoPHon25psxDvs_qWZKIaWznJGeScqw5abGU.css","-","1","en","usagov","eJwdykEOwCAIBMAP2fIkg5EQEtDDqo2_b-tlToONIUGFIWmCtS9S74X9wthuTdMyeUDHO3qdfmLmGtbynwQUXy0vYCIdnw","delta=1&language=en&theme=usagov&include=eJwdykEOwCAIBMAP2fIkg5EQEtDDqo2_b-tlToONIUGFIWmCtS9S74X9wthuTdMyeUDHO3qdfmLmGtbynwQUXy0vYCIdnw"
"./html/agencies/farm-credit-administration/index.html","js","/themes/custom/usagov/scripts/newFooter.js","-","-","-","-","-",""
"./html/agencies/farm-credit-administration/index.html","js","/sites/default/files/js/js_sJY3bzJs3jirGGaSNreFUENeOZtDcSGccrkIaQj9Xmc.js","footer","-","en","usagov","eJx1jUEOwzAIBD8Ux09CBFPXrQMR4FT9fa3k3OPO7GqHY9Uz164b9uTx7U3qMi4KoQcInq1iNBXYWUb-r-Dlc_gpDvTm0kINmgRXuyr5VkikVmZeH6bTSlkm4Ey6Hyos4ev9kJIzGj03tB9w0UIH","scope=footer&delta=0&language=en&theme=usagov&include=eJx1jUEOwzAIBD8Ux09CBFPXrQMR4FT9fa3k3OPO7GqHY9Uz164b9uTx7U3qMi4KoQcInq1iNBXYWUb-r-Dlc_gpDvTm0kINmgRXuyr5VkikVmZeH6bTSlkm4Ey6Hyos4ev9kJIzGj03tB9w0UIH"
"./html/agencies/farm-credit-administration/index.html","js","/modules/contrib/uswds_ckeditor_integration/js/aftermarket/uswds_accordion.js","-","-","-","-","-","sqrdwl"
"./html/agencies/farm-credit-administration/index.html","js","/sites/default/files/js/js_JxNk0XijPRI5QYwn5XlgSWW1Bx0YJQ3HYOHPIZ4Crx4.js","footer","2","en","usagov","eJx1jUEOwzAIBD8Ux09CBFPXrQMR4FT9fa3k3OPO7GqHY9Uz164b9uTx7U3qMi4KoQcInq1iNBXYWUb-r-Dlc_gpDvTm0kINmgRXuyr5VkikVmZeH6bTSlkm4Ey6Hyos4ev9kJIzGj03tB9w0UIH","scope=footer&delta=2&language=en&theme=usagov&include=eJx1jUEOwzAIBD8Ux09CBFPXrQMR4FT9fa3k3OPO7GqHY9Uz164b9uTx7U3qMi4KoQcInq1iNBXYWUb-r-Dlc_gpDvTm0kINmgRXuyr5VkikVmZeH6bTSlkm4Ey6Hyos4ev9kJIzGj03tB9w0UIH"
"./html/agencies/farm-credit-administration/index.html","js","/themes/custom/usagov/scripts/modifyMobileNav.js","-","-","-","-","-",""
"./html/agencies/farm-credit-system-insurance-corporation/index.html","css","/sites/default/files/css/css__7_lnIX5SUimudYZT0iqhhe0r5Ev1QE4En7-BEPHMeY.css","-","-","en","usagov","eJwdykEOwCAIBMAP2fIkg5EQEtDDqo2_b-tlToONIUGFIWmCtS9S74X9wthuTdMyeUDHO3qdfmLmGtbynwQUXy0vYCIdnw","delta=0&language=en&theme=usagov&include=eJwdykEOwCAIBMAP2fIkg5EQEtDDqo2_b-tlToONIUGFIWmCtS9S74X9wthuTdMyeUDHO3qdfmLmGtbynwQUXy0vYCIdnw"
"./html/agencies/farm-credit-system-insurance-corporation/index.html","css","/sites/default/files/css/css_h8MbvwzFoPHon25psxDvs_qWZKIaWznJGeScqw5abGU.css","-","1","en","usagov","eJwdykEOwCAIBMAP2fIkg5EQEtDDqo2_b-tlToONIUGFIWmCtS9S74X9wthuTdMyeUDHO3qdfmLmGtbynwQUXy0vYCIdnw","delta=1&language=en&theme=usagov&include=eJwdykEOwCAIBMAP2fIkg5EQEtDDqo2_b-tlToONIUGFIWmCtS9S74X9wthuTdMyeUDHO3qdfmLmGtbynwQUXy0vYCIdnw"
"./html/agencies/farm-credit-system-insurance-corporation/index.html","js","/themes/custom/usagov/scripts/newFooter.js","-","-","-","-","-",""
"./html/agencies/farm-credit-system-insurance-corporation/index.html","js","/sites/default/files/js/js_sJY3bzJs3jirGGaSNreFUENeOZtDcSGccrkIaQj9Xmc.js","footer","-","en","usagov","eJx1jUEOwzAIBD8Ux09CBFPXrQMR4FT9fa3k3OPO7GqHY9Uz164b9uTx7U3qMi4KoQcInq1iNBXYWUb-r-Dlc_gpDvTm0kINmgRXuyr5VkikVmZeH6bTSlkm4Ey6Hyos4ev9kJIzGj03tB9w0UIH","scope=footer&delta=0&language=en&theme=usagov&include=eJx1jUEOwzAIBD8Ux09CBFPXrQMR4FT9fa3k3OPO7GqHY9Uz164b9uTx7U3qMi4KoQcInq1iNBXYWUb-r-Dlc_gpDvTm0kINmgRXuyr5VkikVmZeH6bTSlkm4Ey6Hyos4ev9kJIzGj03tB9w0UIH"
"./html/agencies/farm-credit-system-insurance-corporation/index.html","js","/modules/contrib/uswds_ckeditor_integration/js/aftermarket/uswds_accordion.js","-","-","-","-","-","sqrdwl"
"./html/agencies/farm-credit-system-insurance-corporation/index.html","js","/sites/default/files/js/js_JxNk0XijPRI5QYwn5XlgSWW1Bx0YJQ3HYOHPIZ4Crx4.js","footer","2","en","usagov","eJx1jUEOwzAIBD8Ux09CBFPXrQMR4FT9fa3k3OPO7GqHY9Uz164b9uTx7U3qMi4KoQcInq1iNBXYWUb-r-Dlc_gpDvTm0kINmgRXuyr5VkikVmZeH6bTSlkm4Ey6Hyos4ev9kJIzGj03tB9w0UIH","scope=footer&delta=2&language=en&theme=usagov&include=eJx1jUEOwzAIBD8Ux09CBFPXrQMR4FT9fa3k3OPO7GqHY9Uz164b9uTx7U3qMi4KoQcInq1iNBXYWUb-r-Dlc_gpDvTm0kINmgRXuyr5VkikVmZeH6bTSlkm4Ey6Hyos4ev9kJIzGj03tB9w0UIH"
"./html/agencies/farm-credit-system-insurance-corporation/index.html","js","/themes/custom/usagov/scripts/modifyMobileNav.js","-","-","-","-","-",""
"./html/agencies/farm-service-agency/index.html","css","/sites/default/files/css/css__7_lnIX5SUimudYZT0iqhhe0r5Ev1QE4En7-BEPHMeY.css","-","-","en","usagov","eJwdykEOwCAIBMAP2fIkg5EQEtDDqo2_b-tlToONIUGFIWmCtS9S74X9wthuTdMyeUDHO3qdfmLmGtbynwQUXy0vYCIdnw","delta=0&language=en&theme=usagov&include=eJwdykEOwCAIBMAP2fIkg5EQEtDDqo2_b-tlToONIUGFIWmCtS9S74X9wthuTdMyeUDHO3qdfmLmGtbynwQUXy0vYCIdnw"
"./html/agencies/farm-service-agency/index.html","css","/sites/default/files/css/css_h8MbvwzFoPHon25psxDvs_qWZKIaWznJGeScqw5abGU.css","-","1","en","usagov","eJwdykEOwCAIBMAP2fIkg5EQEtDDqo2_b-tlToONIUGFIWmCtS9S74X9wthuTdMyeUDHO3qdfmLmGtbynwQUXy0vYCIdnw","delta=1&language=en&theme=usagov&include=eJwdykEOwCAIBMAP2fIkg5EQEtDDqo2_b-tlToONIUGFIWmCtS9S74X9wthuTdMyeUDHO3qdfmLmGtbynwQUXy0vYCIdnw"
"./html/agencies/farm-service-agency/index.html","js","/themes/custom/usagov/scripts/newFooter.js","-","-","-","-","-",""
"./html/agencies/farm-service-agency/index.html","js","/sites/default/files/js/js_sJY3bzJs3jirGGaSNreFUENeOZtDcSGccrkIaQj9Xmc.js","footer","-","en","usagov","eJx1jUEOwzAIBD8Ux09CBFPXrQMR4FT9fa3k3OPO7GqHY9Uz164b9uTx7U3qMi4KoQcInq1iNBXYWUb-r-Dlc_gpDvTm0kINmgRXuyr5VkikVmZeH6bTSlkm4Ey6Hyos4ev9kJIzGj03tB9w0UIH","scope=footer&delta=0&language=en&theme=usagov&include=eJx1jUEOwzAIBD8Ux09CBFPXrQMR4FT9fa3k3OPO7GqHY9Uz164b9uTx7U3qMi4KoQcInq1iNBXYWUb-r-Dlc_gpDvTm0kINmgRXuyr5VkikVmZeH6bTSlkm4Ey6Hyos4ev9kJIzGj03tB9w0UIH"
"./html/agencies/farm-service-agency/index.html","js","/modules/contrib/uswds_ckeditor_integration/js/aftermarket/uswds_accordion.js","-","-","-","-","-","sqrdwl"
"./html/agencies/farm-service-agency/index.html","js","/sites/default/files/js/js_JxNk0XijPRI5QYwn5XlgSWW1Bx0YJQ3HYOHPIZ4Crx4.js","footer","2","en","usagov","eJx1jUEOwzAIBD8Ux09CBFPXrQMR4FT9fa3k3OPO7GqHY9Uz164b9uTx7U3qMi4KoQcInq1iNBXYWUb-r-Dlc_gpDvTm0kINmgRXuyr5VkikVmZeH6bTSlkm4Ey6Hyos4ev9kJIzGj03tB9w0UIH","scope=footer&delta=2&language=en&theme=usagov&include=eJx1jUEOwzAIBD8Ux09CBFPXrQMR4FT9fa3k3OPO7GqHY9Uz164b9uTx7U3qMi4KoQcInq1iNBXYWUb-r-Dlc_gpDvTm0kINmgRXuyr5VkikVmZeH6bTSlkm4Ey6Hyos4ev9kJIzGj03tB9w0UIH"
"./html/agencies/farm-service-agency/index.html","js","/themes/custom/usagov/scripts/modifyMobileNav.js","-","-","-","-","-",""
"./html/agencies/federal-accounting-standards-advisory-board/index.html","css","/sites/default/files/css/css__7_lnIX5SUimudYZT0iqhhe0r5Ev1QE4En7-BEPHMeY.css","-","-","en","usagov","eJwdykEOwCAIBMAP2fIkg5EQEtDDqo2_b-tlToONIUGFIWmCtS9S74X9wthuTdMyeUDHO3qdfmLmGtbynwQUXy0vYCIdnw","delta=0&language=en&theme=usagov&include=eJwdykEOwCAIBMAP2fIkg5EQEtDDqo2_b-tlToONIUGFIWmCtS9S74X9wthuTdMyeUDHO3qdfmLmGtbynwQUXy0vYCIdnw"
"./html/agencies/federal-accounting-standards-advisory-board/index.html","css","/sites/default/files/css/css_h8MbvwzFoPHon25psxDvs_qWZKIaWznJGeScqw5abGU.css","-","1","en","usagov","eJwdykEOwCAIBMAP2fIkg5EQEtDDqo2_b-tlToONIUGFIWmCtS9S74X9wthuTdMyeUDHO3qdfmLmGtbynwQUXy0vYCIdnw","delta=1&language=en&theme=usagov&include=eJwdykEOwCAIBMAP2fIkg5EQEtDDqo2_b-tlToONIUGFIWmCtS9S74X9wthuTdMyeUDHO3qdfmLmGtbynwQUXy0vYCIdnw"
"./html/agencies/federal-accounting-standards-advisory-board/index.html","js","/themes/custom/usagov/scripts/newFooter.js","-","-","-","-","-",""
"./html/agencies/federal-accounting-standards-advisory-board/index.html","js","/sites/default/files/js/js_sJY3bzJs3jirGGaSNreFUENeOZtDcSGccrkIaQj9Xmc.js","footer","-","en","usagov","eJx1jUEOwzAIBD8Ux09CBFPXrQMR4FT9fa3k3OPO7GqHY9Uz164b9uTx7U3qMi4KoQcInq1iNBXYWUb-r-Dlc_gpDvTm0kINmgRXuyr5VkikVmZeH6bTSlkm4Ey6Hyos4ev9kJIzGj03tB9w0UIH","scope=footer&delta=0&language=en&theme=usagov&include=eJx1jUEOwzAIBD8Ux09CBFPXrQMR4FT9fa3k3OPO7GqHY9Uz164b9uTx7U3qMi4KoQcInq1iNBXYWUb-r-Dlc_gpDvTm0kINmgRXuyr5VkikVmZeH6bTSlkm4Ey6Hyos4ev9kJIzGj03tB9w0UIH"
"./html/agencies/federal-accounting-standards-advisory-board/index.html","js","/modules/contrib/uswds_ckeditor_integration/js/aftermarket/uswds_accordion.js","-","-","-","-","-","sqrdwl"
"./html/agencies/federal-accounting-standards-advisory-board/index.html","js","/sites/default/files/js/js_JxNk0XijPRI5QYwn5XlgSWW1Bx0YJQ3HYOHPIZ4Crx4.js","footer","2","en","usagov","eJx1jUEOwzAIBD8Ux09CBFPXrQMR4FT9fa3k3OPO7GqHY9Uz164b9uTx7U3qMi4KoQcInq1iNBXYWUb-r-Dlc_gpDvTm0kINmgRXuyr5VkikVmZeH6bTSlkm4Ey6Hyos4ev9kJIzGj03tB9w0UIH","scope=footer&delta=2&language=en&theme=usagov&include=eJx1jUEOwzAIBD8Ux09CBFPXrQMR4FT9fa3k3OPO7GqHY9Uz164b9uTx7U3qMi4KoQcInq1iNBXYWUb-r-Dlc_gpDvTm0kINmgRXuyr5VkikVmZeH6bTSlkm4Ey6Hyos4ev9kJIzGj03tB9w0UIH"
"./html/agencies/federal-accounting-standards-advisory-board/index.html","js","/themes/custom/usagov/scripts/modifyMobileNav.js","-","-","-","-","-",""
"./html/agencies/federal-aviation-administration/index.html","css","/sites/default/files/css/css__7_lnIX5SUimudYZT0iqhhe0r5Ev1QE4En7-BEPHMeY.css","-","-","en","usagov","eJwdykEOwCAIBMAP2fIkg5EQEtDDqo2_b-tlToONIUGFIWmCtS9S74X9wthuTdMyeUDHO3qdfmLmGtbynwQUXy0vYCIdnw","delta=0&language=en&theme=usagov&include=eJwdykEOwCAIBMAP2fIkg5EQEtDDqo2_b-tlToONIUGFIWmCtS9S74X9wthuTdMyeUDHO3qdfmLmGtbynwQUXy0vYCIdnw"
"./html/agencies/federal-aviation-administration/index.html","css","/sites/default/files/css/css_h8MbvwzFoPHon25psxDvs_qWZKIaWznJGeScqw5abGU.css","-","1","en","usagov","eJwdykEOwCAIBMAP2fIkg5EQEtDDqo2_b-tlToONIUGFIWmCtS9S74X9wthuTdMyeUDHO3qdfmLmGtbynwQUXy0vYCIdnw","delta=1&language=en&theme=usagov&include=eJwdykEOwCAIBMAP2fIkg5EQEtDDqo2_b-tlToONIUGFIWmCtS9S74X9wthuTdMyeUDHO3qdfmLmGtbynwQUXy0vYCIdnw"
"./html/agencies/federal-aviation-administration/index.html","js","/themes/custom/usagov/scripts/newFooter.js","-","-","-","-","-",""
"./html/agencies/federal-aviation-administration/index.html","js","/sites/default/files/js/js_sJY3bzJs3jirGGaSNreFUENeOZtDcSGccrkIaQj9Xmc.js","footer","-","en","usagov","eJx1jUEOwzAIBD8Ux09CBFPXrQMR4FT9fa3k3OPO7GqHY9Uz164b9uTx7U3qMi4KoQcInq1iNBXYWUb-r-Dlc_gpDvTm0kINmgRXuyr5VkikVmZeH6bTSlkm4Ey6Hyos4ev9kJIzGj03tB9w0UIH","scope=footer&delta=0&language=en&theme=usagov&include=eJx1jUEOwzAIBD8Ux09CBFPXrQMR4FT9fa3k3OPO7GqHY9Uz164b9uTx7U3qMi4KoQcInq1iNBXYWUb-r-Dlc_gpDvTm0kINmgRXuyr5VkikVmZeH6bTSlkm4Ey6Hyos4ev9kJIzGj03tB9w0UIH"
"./html/agencies/federal-aviation-administration/index.html","js","/modules/contrib/uswds_ckeditor_integration/js/aftermarket/uswds_accordion.js","-","-","-","-","-","sqrdwl"
"./html/agencies/federal-aviation-administration/index.html","js","/sites/default/files/js/js_JxNk0XijPRI5QYwn5XlgSWW1Bx0YJQ3HYOHPIZ4Crx4.js","footer","2","en","usagov","eJx1jUEOwzAIBD8Ux09CBFPXrQMR4FT9fa3k3OPO7GqHY9Uz164b9uTx7U3qMi4KoQcInq1iNBXYWUb-r-Dlc_gpDvTm0kINmgRXuyr5VkikVmZeH6bTSlkm4Ey6Hyos4ev9kJIzGj03tB9w0UIH","scope=footer&delta=2&language=en&theme=usagov&include=eJx1jUEOwzAIBD8Ux09CBFPXrQMR4FT9fa3k3OPO7GqHY9Uz164b9uTx7U3qMi4KoQcInq1iNBXYWUb-r-Dlc_gpDvTm0kINmgRXuyr5VkikVmZeH6bTSlkm4Ey6Hyos4ev9kJIzGj03tB9w0UIH"
"./html/agencies/federal-aviation-administration/index.html","js","/themes/custom/usagov/scripts/modifyMobileNav.js","-","-","-","-","-",""
"./html/agencies/federal-bureau-of-investigation/index.html","css","/sites/default/files/css/css__7_lnIX5SUimudYZT0iqhhe0r5Ev1QE4En7-BEPHMeY.css","-","-","en","usagov","eJwdykEOwCAIBMAP2fIkg5EQEtDDqo2_b-tlToONIUGFIWmCtS9S74X9wthuTdMyeUDHO3qdfmLmGtbynwQUXy0vYCIdnw","delta=0&language=en&theme=usagov&include=eJwdykEOwCAIBMAP2fIkg5EQEtDDqo2_b-tlToONIUGFIWmCtS9S74X9wthuTdMyeUDHO3qdfmLmGtbynwQUXy0vYCIdnw"
"./html/agencies/federal-bureau-of-investigation/index.html","css","/sites/default/files/css/css_h8MbvwzFoPHon25psxDvs_qWZKIaWznJGeScqw5abGU.css","-","1","en","usagov","eJwdykEOwCAIBMAP2fIkg5EQEtDDqo2_b-tlToONIUGFIWmCtS9S74X9wthuTdMyeUDHO3qdfmLmGtbynwQUXy0vYCIdnw","delta=1&language=en&theme=usagov&include=eJwdykEOwCAIBMAP2fIkg5EQEtDDqo2_b-tlToONIUGFIWmCtS9S74X9wthuTdMyeUDHO3qdfmLmGtbynwQUXy0vYCIdnw"
"./html/agencies/federal-bureau-of-investigation/index.html","js","/themes/custom/usagov/scripts/newFooter.js","-","-","-","-","-",""
"./html/agencies/federal-bureau-of-investigation/index.html","js","/sites/default/files/js/js_sJY3bzJs3jirGGaSNreFUENeOZtDcSGccrkIaQj9Xmc.js","footer","-","en","usagov","eJx1jUEOwzAIBD8Ux09CBFPXrQMR4FT9fa3k3OPO7GqHY9Uz164b9uTx7U3qMi4KoQcInq1iNBXYWUb-r-Dlc_gpDvTm0kINmgRXuyr5VkikVmZeH6bTSlkm4Ey6Hyos4ev9kJIzGj03tB9w0UIH","scope=footer&delta=0&language=en&theme=usagov&include=eJx1jUEOwzAIBD8Ux09CBFPXrQMR4FT9fa3k3OPO7GqHY9Uz164b9uTx7U3qMi4KoQcInq1iNBXYWUb-r-Dlc_gpDvTm0kINmgRXuyr5VkikVmZeH6bTSlkm4Ey6Hyos4ev9kJIzGj03tB9w0UIH"
"./html/agencies/federal-bureau-of-investigation/index.html","js","/modules/contrib/uswds_ckeditor_integration/js/aftermarket/uswds_accordion.js","-","-","-","-","-","sqrdwl"
"./html/agencies/federal-bureau-of-investigation/index.html","js","/sites/default/files/js/js_JxNk0XijPRI5QYwn5XlgSWW1Bx0YJQ3HYOHPIZ4Crx4.js","footer","2","en","usagov","eJx1jUEOwzAIBD8Ux09CBFPXrQMR4FT9fa3k3OPO7GqHY9Uz164b9uTx7U3qMi4KoQcInq1iNBXYWUb-r-Dlc_gpDvTm0kINmgRXuyr5VkikVmZeH6bTSlkm4Ey6Hyos4ev9kJIzGj03tB9w0UIH","scope=footer&delta=2&language=en&theme=usagov&include=eJx1jUEOwzAIBD8Ux09CBFPXrQMR4FT9fa3k3OPO7GqHY9Uz164b9uTx7U3qMi4KoQcInq1iNBXYWUb-r-Dlc_gpDvTm0kINmgRXuyr5VkikVmZeH6bTSlkm4Ey6Hyos4ev9kJIzGj03tB9w0UIH"
"./html/agencies/federal-bureau-of-investigation/index.html","js","/themes/custom/usagov/scripts/modifyMobileNav.js","-","-","-","-","-",""
"./html/agencies/federal-bureau-of-prisons/index.html","css","/sites/default/files/css/css__7_lnIX5SUimudYZT0iqhhe0r5Ev1QE4En7-BEPHMeY.css","-","-","en","usagov","eJwdykEOwCAIBMAP2fIkg5EQEtDDqo2_b-tlToONIUGFIWmCtS9S74X9wthuTdMyeUDHO3qdfmLmGtbynwQUXy0vYCIdnw","delta=0&language=en&theme=usagov&include=eJwdykEOwCAIBMAP2fIkg5EQEtDDqo2_b-tlToONIUGFIWmCtS9S74X9wthuTdMyeUDHO3qdfmLmGtbynwQUXy0vYCIdnw"
"./html/agencies/federal-bureau-of-prisons/index.html","css","/sites/default/files/css/css_h8MbvwzFoPHon25psxDvs_qWZKIaWznJGeScqw5abGU.css","-","1","en","usagov","eJwdykEOwCAIBMAP2fIkg5EQEtDDqo2_b-tlToONIUGFIWmCtS9S74X9wthuTdMyeUDHO3qdfmLmGtbynwQUXy0vYCIdnw","delta=1&language=en&theme=usagov&include=eJwdykEOwCAIBMAP2fIkg5EQEtDDqo2_b-tlToONIUGFIWmCtS9S74X9wthuTdMyeUDHO3qdfmLmGtbynwQUXy0vYCIdnw"
"./html/agencies/federal-bureau-of-prisons/index.html","js","/themes/custom/usagov/scripts/newFooter.js","-","-","-","-","-",""
"./html/agencies/federal-bureau-of-prisons/index.html","js","/sites/default/files/js/js_sJY3bzJs3jirGGaSNreFUENeOZtDcSGccrkIaQj9Xmc.js","footer","-","en","usagov","eJx1jUEOwzAIBD8Ux09CBFPXrQMR4FT9fa3k3OPO7GqHY9Uz164b9uTx7U3qMi4KoQcInq1iNBXYWUb-r-Dlc_gpDvTm0kINmgRXuyr5VkikVmZeH6bTSlkm4Ey6Hyos4ev9kJIzGj03tB9w0UIH","scope=footer&delta=0&language=en&theme=usagov&include=eJx1jUEOwzAIBD8Ux09CBFPXrQMR4FT9fa3k3OPO7GqHY9Uz164b9uTx7U3qMi4KoQcInq1iNBXYWUb-r-Dlc_gpDvTm0kINmgRXuyr5VkikVmZeH6bTSlkm4Ey6Hyos4ev9kJIzGj03tB9w0UIH"
"./html/agencies/federal-bureau-of-prisons/index.html","js","/modules/contrib/uswds_ckeditor_integration/js/aftermarket/uswds_accordion.js","-","-","-","-","-","sqrdwl"
"./html/agencies/federal-bureau-of-prisons/index.html","js","/sites/default/files/js/js_JxNk0XijPRI5QYwn5XlgSWW1Bx0YJQ3HYOHPIZ4Crx4.js","footer","2","en","usagov","eJx1jUEOwzAIBD8Ux09CBFPXrQMR4FT9fa3k3OPO7GqHY9Uz164b9uTx7U3qMi4KoQcInq1iNBXYWUb-r-Dlc_gpDvTm0kINmgRXuyr5VkikVmZeH6bTSlkm4Ey6Hyos4ev9kJIzGj03tB9w0UIH","scope=footer&delta=2&language=en&theme=usagov&include=eJx1jUEOwzAIBD8Ux09CBFPXrQMR4FT9fa3k3OPO7GqHY9Uz164b9uTx7U3qMi4KoQcInq1iNBXYWUb-r-Dlc_gpDvTm0kINmgRXuyr5VkikVmZeH6bTSlkm4Ey6Hyos4ev9kJIzGj03tB9w0UIH"
"./html/agencies/federal-bureau-of-prisons/index.html","js","/themes/custom/usagov/scripts/modifyMobileNav.js","-","-","-","-","-",""
"./html/agencies/federal-committee-on-statistical-methodology/index.html","css","/sites/default/files/css/css__7_lnIX5SUimudYZT0iqhhe0r5Ev1QE4En7-BEPHMeY.css","-","-","en","usagov","eJwdykEOwCAIBMAP2fIkg5EQEtDDqo2_b-tlToONIUGFIWmCtS9S74X9wthuTdMyeUDHO3qdfmLmGtbynwQUXy0vYCIdnw","delta=0&language=en&theme=usagov&include=eJwdykEOwCAIBMAP2fIkg5EQEtDDqo2_b-tlToONIUGFIWmCtS9S74X9wthuTdMyeUDHO3qdfmLmGtbynwQUXy0vYCIdnw"
"./html/agencies/federal-committee-on-statistical-methodology/index.html","css","/sites/default/files/css/css_h8MbvwzFoPHon25psxDvs_qWZKIaWznJGeScqw5abGU.css","-","1","en","usagov","eJwdykEOwCAIBMAP2fIkg5EQEtDDqo2_b-tlToONIUGFIWmCtS9S74X9wthuTdMyeUDHO3qdfmLmGtbynwQUXy0vYCIdnw","delta=1&language=en&theme=usagov&include=eJwdykEOwCAIBMAP2fIkg5EQEtDDqo2_b-tlToONIUGFIWmCtS9S74X9wthuTdMyeUDHO3qdfmLmGtbynwQUXy0vYCIdnw"
"./html/agencies/federal-committee-on-statistical-methodology/index.html","js","/themes/custom/usagov/scripts/newFooter.js","-","-","-","-","-",""
"./html/agencies/federal-committee-on-statistical-methodology/index.html","js","/sites/default/files/js/js_sJY3bzJs3jirGGaSNreFUENeOZtDcSGccrkIaQj9Xmc.js","footer","-","en","usagov","eJx1jUEOwzAIBD8Ux09CBFPXrQMR4FT9fa3k3OPO7GqHY9Uz164b9uTx7U3qMi4KoQcInq1iNBXYWUb-r-Dlc_gpDvTm0kINmgRXuyr5VkikVmZeH6bTSlkm4Ey6Hyos4ev9kJIzGj03tB9w0UIH","scope=footer&delta=0&language=en&theme=usagov&include=eJx1jUEOwzAIBD8Ux09CBFPXrQMR4FT9fa3k3OPO7GqHY9Uz164b9uTx7U3qMi4KoQcInq1iNBXYWUb-r-Dlc_gpDvTm0kINmgRXuyr5VkikVmZeH6bTSlkm4Ey6Hyos4ev9kJIzGj03tB9w0UIH"
"./html/agencies/federal-committee-on-statistical-methodology/index.html","js","/modules/contrib/uswds_ckeditor_integration/js/aftermarket/uswds_accordion.js","-","-","-","-","-","sqrdwl"
"./html/agencies/federal-committee-on-statistical-methodology/index.html","js","/sites/default/files/js/js_JxNk0XijPRI5QYwn5XlgSWW1Bx0YJQ3HYOHPIZ4Crx4.js","footer","2","en","usagov","eJx1jUEOwzAIBD8Ux09CBFPXrQMR4FT9fa3k3OPO7GqHY9Uz164b9uTx7U3qMi4KoQcInq1iNBXYWUb-r-Dlc_gpDvTm0kINmgRXuyr5VkikVmZeH6bTSlkm4Ey6Hyos4ev9kJIzGj03tB9w0UIH","scope=footer&delta=2&language=en&theme=usagov&include=eJx1jUEOwzAIBD8Ux09CBFPXrQMR4FT9fa3k3OPO7GqHY9Uz164b9uTx7U3qMi4KoQcInq1iNBXYWUb-r-Dlc_gpDvTm0kINmgRXuyr5VkikVmZeH6bTSlkm4Ey6Hyos4ev9kJIzGj03tB9w0UIH"
"./html/agencies/federal-committee-on-statistical-methodology/index.html","js","/themes/custom/usagov/scripts/modifyMobileNav.js","-","-","-","-","-",""
"./html/agencies/federal-communications-commission/index.html","css","/sites/default/files/css/css__7_lnIX5SUimudYZT0iqhhe0r5Ev1QE4En7-BEPHMeY.css","-","-","en","usagov","eJwdykEOwCAIBMAP2fIkg5EQEtDDqo2_b-tlToONIUGFIWmCtS9S74X9wthuTdMyeUDHO3qdfmLmGtbynwQUXy0vYCIdnw","delta=0&language=en&theme=usagov&include=eJwdykEOwCAIBMAP2fIkg5EQEtDDqo2_b-tlToONIUGFIWmCtS9S74X9wthuTdMyeUDHO3qdfmLmGtbynwQUXy0vYCIdnw"
"./html/agencies/federal-communications-commission/index.html","css","/sites/default/files/css/css_h8MbvwzFoPHon25psxDvs_qWZKIaWznJGeScqw5abGU.css","-","1","en","usagov","eJwdykEOwCAIBMAP2fIkg5EQEtDDqo2_b-tlToONIUGFIWmCtS9S74X9wthuTdMyeUDHO3qdfmLmGtbynwQUXy0vYCIdnw","delta=1&language=en&theme=usagov&include=eJwdykEOwCAIBMAP2fIkg5EQEtDDqo2_b-tlToONIUGFIWmCtS9S74X9wthuTdMyeUDHO3qdfmLmGtbynwQUXy0vYCIdnw"
"./html/agencies/federal-communications-commission/index.html","js","/themes/custom/usagov/scripts/newFooter.js","-","-","-","-","-",""
"./html/agencies/federal-communications-commission/index.html","js","/sites/default/files/js/js_sJY3bzJs3jirGGaSNreFUENeOZtDcSGccrkIaQj9Xmc.js","footer","-","en","usagov","eJx1jUEOwzAIBD8Ux09CBFPXrQMR4FT9fa3k3OPO7GqHY9Uz164b9uTx7U3qMi4KoQcInq1iNBXYWUb-r-Dlc_gpDvTm0kINmgRXuyr5VkikVmZeH6bTSlkm4Ey6Hyos4ev9kJIzGj03tB9w0UIH","scope=footer&delta=0&language=en&theme=usagov&include=eJx1jUEOwzAIBD8Ux09CBFPXrQMR4FT9fa3k3OPO7GqHY9Uz164b9uTx7U3qMi4KoQcInq1iNBXYWUb-r-Dlc_gpDvTm0kINmgRXuyr5VkikVmZeH6bTSlkm4Ey6Hyos4ev9kJIzGj03tB9w0UIH"
"./html/agencies/federal-communications-commission/index.html","js","/modules/contrib/uswds_ckeditor_integration/js/aftermarket/uswds_accordion.js","-","-","-","-","-","sqrdwl"
"./html/agencies/federal-communications-commission/index.html","js","/sites/default/files/js/js_JxNk0XijPRI5QYwn5XlgSWW1Bx0YJQ3HYOHPIZ4Crx4.js","footer","2","en","usagov","eJx1jUEOwzAIBD8Ux09CBFPXrQMR4FT9fa3k3OPO7GqHY9Uz164b9uTx7U3qMi4KoQcInq1iNBXYWUb-r-Dlc_gpDvTm0kINmgRXuyr5VkikVmZeH6bTSlkm4Ey6Hyos4ev9kJIzGj03tB9w0UIH","scope=footer&delta=2&language=en&theme=usagov&include=eJx1jUEOwzAIBD8Ux09CBFPXrQMR4FT9fa3k3OPO7GqHY9Uz164b9uTx7U3qMi4KoQcInq1iNBXYWUb-r-Dlc_gpDvTm0kINmgRXuyr5VkikVmZeH6bTSlkm4Ey6Hyos4ev9kJIzGj03tB9w0UIH"
"./html/agencies/federal-communications-commission/index.html","js","/themes/custom/usagov/scripts/modifyMobileNav.js","-","-","-","-","-",""
"./html/agencies/federal-consulting-group/index.html","css","/sites/default/files/css/css__7_lnIX5SUimudYZT0iqhhe0r5Ev1QE4En7-BEPHMeY.css","-","-","en","usagov","eJwdykEOwCAIBMAP2fIkg5EQEtDDqo2_b-tlToONIUGFIWmCtS9S74X9wthuTdMyeUDHO3qdfmLmGtbynwQUXy0vYCIdnw","delta=0&language=en&theme=usagov&include=eJwdykEOwCAIBMAP2fIkg5EQEtDDqo2_b-tlToONIUGFIWmCtS9S74X9wthuTdMyeUDHO3qdfmLmGtbynwQUXy0vYCIdnw"
"./html/agencies/federal-consulting-group/index.html","css","/sites/default/files/css/css_h8MbvwzFoPHon25psxDvs_qWZKIaWznJGeScqw5abGU.css","-","1","en","usagov","eJwdykEOwCAIBMAP2fIkg5EQEtDDqo2_b-tlToONIUGFIWmCtS9S74X9wthuTdMyeUDHO3qdfmLmGtbynwQUXy0vYCIdnw","delta=1&language=en&theme=usagov&include=eJwdykEOwCAIBMAP2fIkg5EQEtDDqo2_b-tlToONIUGFIWmCtS9S74X9wthuTdMyeUDHO3qdfmLmGtbynwQUXy0vYCIdnw"
"./html/agencies/federal-consulting-group/index.html","js","/themes/custom/usagov/scripts/newFooter.js","-","-","-","-","-",""
"./html/agencies/federal-consulting-group/index.html","js","/sites/default/files/js/js_sJY3bzJs3jirGGaSNreFUENeOZtDcSGccrkIaQj9Xmc.js","footer","-","en","usagov","eJx1jUEOwzAIBD8Ux09CBFPXrQMR4FT9fa3k3OPO7GqHY9Uz164b9uTx7U3qMi4KoQcInq1iNBXYWUb-r-Dlc_gpDvTm0kINmgRXuyr5VkikVmZeH6bTSlkm4Ey6Hyos4ev9kJIzGj03tB9w0UIH","scope=footer&delta=0&language=en&theme=usagov&include=eJx1jUEOwzAIBD8Ux09CBFPXrQMR4FT9fa3k3OPO7GqHY9Uz164b9uTx7U3qMi4KoQcInq1iNBXYWUb-r-Dlc_gpDvTm0kINmgRXuyr5VkikVmZeH6bTSlkm4Ey6Hyos4ev9kJIzGj03tB9w0UIH"
"./html/agencies/federal-consulting-group/index.html","js","/modules/contrib/uswds_ckeditor_integration/js/aftermarket/uswds_accordion.js","-","-","-","-","-","sqrdwl"
"./html/agencies/federal-consulting-group/index.html","js","/sites/default/files/js/js_JxNk0XijPRI5QYwn5XlgSWW1Bx0YJQ3HYOHPIZ4Crx4.js","footer","2","en","usagov","eJx1jUEOwzAIBD8Ux09CBFPXrQMR4FT9fa3k3OPO7GqHY9Uz164b9uTx7U3qMi4KoQcInq1iNBXYWUb-r-Dlc_gpDvTm0kINmgRXuyr5VkikVmZeH6bTSlkm4Ey6Hyos4ev9kJIzGj03tB9w0UIH","scope=footer&delta=2&language=en&theme=usagov&include=eJx1jUEOwzAIBD8Ux09CBFPXrQMR4FT9fa3k3OPO7GqHY9Uz164b9uTx7U3qMi4KoQcInq1iNBXYWUb-r-Dlc_gpDvTm0kINmgRXuyr5VkikVmZeH6bTSlkm4Ey6Hyos4ev9kJIzGj03tB9w0UIH"
"./html/agencies/federal-consulting-group/index.html","js","/themes/custom/usagov/scripts/modifyMobileNav.js","-","-","-","-","-",""
"./html/agencies/federal-deposit-insurance-corporation/index.html","css","/sites/default/files/css/css__7_lnIX5SUimudYZT0iqhhe0r5Ev1QE4En7-BEPHMeY.css","-","-","en","usagov","eJwdykEOwCAIBMAP2fIkg5EQEtDDqo2_b-tlToONIUGFIWmCtS9S74X9wthuTdMyeUDHO3qdfmLmGtbynwQUXy0vYCIdnw","delta=0&language=en&theme=usagov&include=eJwdykEOwCAIBMAP2fIkg5EQEtDDqo2_b-tlToONIUGFIWmCtS9S74X9wthuTdMyeUDHO3qdfmLmGtbynwQUXy0vYCIdnw"
"./html/agencies/federal-deposit-insurance-corporation/index.html","css","/sites/default/files/css/css_h8MbvwzFoPHon25psxDvs_qWZKIaWznJGeScqw5abGU.css","-","1","en","usagov","eJwdykEOwCAIBMAP2fIkg5EQEtDDqo2_b-tlToONIUGFIWmCtS9S74X9wthuTdMyeUDHO3qdfmLmGtbynwQUXy0vYCIdnw","delta=1&language=en&theme=usagov&include=eJwdykEOwCAIBMAP2fIkg5EQEtDDqo2_b-tlToONIUGFIWmCtS9S74X9wthuTdMyeUDHO3qdfmLmGtbynwQUXy0vYCIdnw"
"./html/agencies/federal-deposit-insurance-corporation/index.html","js","/themes/custom/usagov/scripts/newFooter.js","-","-","-","-","-",""
"./html/agencies/federal-deposit-insurance-corporation/index.html","js","/sites/default/files/js/js_sJY3bzJs3jirGGaSNreFUENeOZtDcSGccrkIaQj9Xmc.js","footer","-","en","usagov","eJx1jUEOwzAIBD8Ux09CBFPXrQMR4FT9fa3k3OPO7GqHY9Uz164b9uTx7U3qMi4KoQcInq1iNBXYWUb-r-Dlc_gpDvTm0kINmgRXuyr5VkikVmZeH6bTSlkm4Ey6Hyos4ev9kJIzGj03tB9w0UIH","scope=footer&delta=0&language=en&theme=usagov&include=eJx1jUEOwzAIBD8Ux09CBFPXrQMR4FT9fa3k3OPO7GqHY9Uz164b9uTx7U3qMi4KoQcInq1iNBXYWUb-r-Dlc_gpDvTm0kINmgRXuyr5VkikVmZeH6bTSlkm4Ey6Hyos4ev9kJIzGj03tB9w0UIH"
"./html/agencies/federal-deposit-insurance-corporation/index.html","js","/modules/contrib/uswds_ckeditor_integration/js/aftermarket/uswds_accordion.js","-","-","-","-","-","sqrdwl"
"./html/agencies/federal-deposit-insurance-corporation/index.html","js","/sites/default/files/js/js_JxNk0XijPRI5QYwn5XlgSWW1Bx0YJQ3HYOHPIZ4Crx4.js","footer","2","en","usagov","eJx1jUEOwzAIBD8Ux09CBFPXrQMR4FT9fa3k3OPO7GqHY9Uz164b9uTx7U3qMi4KoQcInq1iNBXYWUb-r-Dlc_gpDvTm0kINmgRXuyr5VkikVmZeH6bTSlkm4Ey6Hyos4ev9kJIzGj03tB9w0UIH","scope=footer&delta=2&language=en&theme=usagov&include=eJx1jUEOwzAIBD8Ux09CBFPXrQMR4FT9fa3k3OPO7GqHY9Uz164b9uTx7U3qMi4KoQcInq1iNBXYWUb-r-Dlc_gpDvTm0kINmgRXuyr5VkikVmZeH6bTSlkm4Ey6Hyos4ev9kJIzGj03tB9w0UIH"
"./html/agencies/federal-deposit-insurance-corporation/index.html","js","/themes/custom/usagov/scripts/modifyMobileNav.js","-","-","-","-","-",""
"./html/agencies/federal-election-commission/index.html","css","/sites/default/files/css/css__7_lnIX5SUimudYZT0iqhhe0r5Ev1QE4En7-BEPHMeY.css","-","-","en","usagov","eJwdykEOwCAIBMAP2fIkg5EQEtDDqo2_b-tlToONIUGFIWmCtS9S74X9wthuTdMyeUDHO3qdfmLmGtbynwQUXy0vYCIdnw","delta=0&language=en&theme=usagov&include=eJwdykEOwCAIBMAP2fIkg5EQEtDDqo2_b-tlToONIUGFIWmCtS9S74X9wthuTdMyeUDHO3qdfmLmGtbynwQUXy0vYCIdnw"
"./html/agencies/federal-election-commission/index.html","css","/sites/default/files/css/css_h8MbvwzFoPHon25psxDvs_qWZKIaWznJGeScqw5abGU.css","-","1","en","usagov","eJwdykEOwCAIBMAP2fIkg5EQEtDDqo2_b-tlToONIUGFIWmCtS9S74X9wthuTdMyeUDHO3qdfmLmGtbynwQUXy0vYCIdnw","delta=1&language=en&theme=usagov&include=eJwdykEOwCAIBMAP2fIkg5EQEtDDqo2_b-tlToONIUGFIWmCtS9S74X9wthuTdMyeUDHO3qdfmLmGtbynwQUXy0vYCIdnw"
"./html/agencies/federal-election-commission/index.html","js","/themes/custom/usagov/scripts/newFooter.js","-","-","-","-","-",""
"./html/agencies/federal-election-commission/index.html","js","/sites/default/files/js/js_sJY3bzJs3jirGGaSNreFUENeOZtDcSGccrkIaQj9Xmc.js","footer","-","en","usagov","eJx1jUEOwzAIBD8Ux09CBFPXrQMR4FT9fa3k3OPO7GqHY9Uz164b9uTx7U3qMi4KoQcInq1iNBXYWUb-r-Dlc_gpDvTm0kINmgRXuyr5VkikVmZeH6bTSlkm4Ey6Hyos4ev9kJIzGj03tB9w0UIH","scope=footer&delta=0&language=en&theme=usagov&include=eJx1jUEOwzAIBD8Ux09CBFPXrQMR4FT9fa3k3OPO7GqHY9Uz164b9uTx7U3qMi4KoQcInq1iNBXYWUb-r-Dlc_gpDvTm0kINmgRXuyr5VkikVmZeH6bTSlkm4Ey6Hyos4ev9kJIzGj03tB9w0UIH"
"./html/agencies/federal-election-commission/index.html","js","/modules/contrib/uswds_ckeditor_integration/js/aftermarket/uswds_accordion.js","-","-","-","-","-","sqrdwl"
"./html/agencies/federal-election-commission/index.html","js","/sites/default/files/js/js_JxNk0XijPRI5QYwn5XlgSWW1Bx0YJQ3HYOHPIZ4Crx4.js","footer","2","en","usagov","eJx1jUEOwzAIBD8Ux09CBFPXrQMR4FT9fa3k3OPO7GqHY9Uz164b9uTx7U3qMi4KoQcInq1iNBXYWUb-r-Dlc_gpDvTm0kINmgRXuyr5VkikVmZeH6bTSlkm4Ey6Hyos4ev9kJIzGj03tB9w0UIH","scope=footer&delta=2&language=en&theme=usagov&include=eJx1jUEOwzAIBD8Ux09CBFPXrQMR4FT9fa3k3OPO7GqHY9Uz164b9uTx7U3qMi4KoQcInq1iNBXYWUb-r-Dlc_gpDvTm0kINmgRXuyr5VkikVmZeH6bTSlkm4Ey6Hyos4ev9kJIzGj03tB9w0UIH"
"./html/agencies/federal-election-commission/index.html","js","/themes/custom/usagov/scripts/modifyMobileNav.js","-","-","-","-","-",""
"./html/agencies/federal-emergency-management-agency/index.html","css","/sites/default/files/css/css__7_lnIX5SUimudYZT0iqhhe0r5Ev1QE4En7-BEPHMeY.css","-","-","en","usagov","eJwdykEOwCAIBMAP2fIkg5EQEtDDqo2_b-tlToONIUGFIWmCtS9S74X9wthuTdMyeUDHO3qdfmLmGtbynwQUXy0vYCIdnw","delta=0&language=en&theme=usagov&include=eJwdykEOwCAIBMAP2fIkg5EQEtDDqo2_b-tlToONIUGFIWmCtS9S74X9wthuTdMyeUDHO3qdfmLmGtbynwQUXy0vYCIdnw"
"./html/agencies/federal-emergency-management-agency/index.html","css","/sites/default/files/css/css_h8MbvwzFoPHon25psxDvs_qWZKIaWznJGeScqw5abGU.css","-","1","en","usagov","eJwdykEOwCAIBMAP2fIkg5EQEtDDqo2_b-tlToONIUGFIWmCtS9S74X9wthuTdMyeUDHO3qdfmLmGtbynwQUXy0vYCIdnw","delta=1&language=en&theme=usagov&include=eJwdykEOwCAIBMAP2fIkg5EQEtDDqo2_b-tlToONIUGFIWmCtS9S74X9wthuTdMyeUDHO3qdfmLmGtbynwQUXy0vYCIdnw"
"./html/agencies/federal-emergency-management-agency/index.html","js","/themes/custom/usagov/scripts/newFooter.js","-","-","-","-","-",""
"./html/agencies/federal-emergency-management-agency/index.html","js","/sites/default/files/js/js_sJY3bzJs3jirGGaSNreFUENeOZtDcSGccrkIaQj9Xmc.js","footer","-","en","usagov","eJx1jUEOwzAIBD8Ux09CBFPXrQMR4FT9fa3k3OPO7GqHY9Uz164b9uTx7U3qMi4KoQcInq1iNBXYWUb-r-Dlc_gpDvTm0kINmgRXuyr5VkikVmZeH6bTSlkm4Ey6Hyos4ev9kJIzGj03tB9w0UIH","scope=footer&delta=0&language=en&theme=usagov&include=eJx1jUEOwzAIBD8Ux09CBFPXrQMR4FT9fa3k3OPO7GqHY9Uz164b9uTx7U3qMi4KoQcInq1iNBXYWUb-r-Dlc_gpDvTm0kINmgRXuyr5VkikVmZeH6bTSlkm4Ey6Hyos4ev9kJIzGj03tB9w0UIH"
"./html/agencies/federal-emergency-management-agency/index.html","js","/modules/contrib/uswds_ckeditor_integration/js/aftermarket/uswds_accordion.js","-","-","-","-","-","sqrdwl"
"./html/agencies/federal-emergency-management-agency/index.html","js","/sites/default/files/js/js_JxNk0XijPRI5QYwn5XlgSWW1Bx0YJQ3HYOHPIZ4Crx4.js","footer","2","en","usagov","eJx1jUEOwzAIBD8Ux09CBFPXrQMR4FT9fa3k3OPO7GqHY9Uz164b9uTx7U3qMi4KoQcInq1iNBXYWUb-r-Dlc_gpDvTm0kINmgRXuyr5VkikVmZeH6bTSlkm4Ey6Hyos4ev9kJIzGj03tB9w0UIH","scope=footer&delta=2&language=en&theme=usagov&include=eJx1jUEOwzAIBD8Ux09CBFPXrQMR4FT9fa3k3OPO7GqHY9Uz164b9uTx7U3qMi4KoQcInq1iNBXYWUb-r-Dlc_gpDvTm0kINmgRXuyr5VkikVmZeH6bTSlkm4Ey6Hyos4ev9kJIzGj03tB9w0UIH"
"./html/agencies/federal-emergency-management-agency/index.html","js","/themes/custom/usagov/scripts/modifyMobileNav.js","-","-","-","-","-",""
"./html/agencies/federal-energy-regulatory-commission/index.html","css","/sites/default/files/css/css__7_lnIX5SUimudYZT0iqhhe0r5Ev1QE4En7-BEPHMeY.css","-","-","en","usagov","eJwdykEOwCAIBMAP2fIkg5EQEtDDqo2_b-tlToONIUGFIWmCtS9S74X9wthuTdMyeUDHO3qdfmLmGtbynwQUXy0vYCIdnw","delta=0&language=en&theme=usagov&include=eJwdykEOwCAIBMAP2fIkg5EQEtDDqo2_b-tlToONIUGFIWmCtS9S74X9wthuTdMyeUDHO3qdfmLmGtbynwQUXy0vYCIdnw"
"./html/agencies/federal-energy-regulatory-commission/index.html","css","/sites/default/files/css/css_h8MbvwzFoPHon25psxDvs_qWZKIaWznJGeScqw5abGU.css","-","1","en","usagov","eJwdykEOwCAIBMAP2fIkg5EQEtDDqo2_b-tlToONIUGFIWmCtS9S74X9wthuTdMyeUDHO3qdfmLmGtbynwQUXy0vYCIdnw","delta=1&language=en&theme=usagov&include=eJwdykEOwCAIBMAP2fIkg5EQEtDDqo2_b-tlToONIUGFIWmCtS9S74X9wthuTdMyeUDHO3qdfmLmGtbynwQUXy0vYCIdnw"
"./html/agencies/federal-energy-regulatory-commission/index.html","js","/themes/custom/usagov/scripts/newFooter.js","-","-","-","-","-",""
"./html/agencies/federal-energy-regulatory-commission/index.html","js","/sites/default/files/js/js_sJY3bzJs3jirGGaSNreFUENeOZtDcSGccrkIaQj9Xmc.js","footer","-","en","usagov","eJx1jUEOwzAIBD8Ux09CBFPXrQMR4FT9fa3k3OPO7GqHY9Uz164b9uTx7U3qMi4KoQcInq1iNBXYWUb-r-Dlc_gpDvTm0kINmgRXuyr5VkikVmZeH6bTSlkm4Ey6Hyos4ev9kJIzGj03tB9w0UIH","scope=footer&delta=0&language=en&theme=usagov&include=eJx1jUEOwzAIBD8Ux09CBFPXrQMR4FT9fa3k3OPO7GqHY9Uz164b9uTx7U3qMi4KoQcInq1iNBXYWUb-r-Dlc_gpDvTm0kINmgRXuyr5VkikVmZeH6bTSlkm4Ey6Hyos4ev9kJIzGj03tB9w0UIH"
"./html/agencies/federal-energy-regulatory-commission/index.html","js","/modules/contrib/uswds_ckeditor_integration/js/aftermarket/uswds_accordion.js","-","-","-","-","-","sqrdwl"
"./html/agencies/federal-energy-regulatory-commission/index.html","js","/sites/default/files/js/js_JxNk0XijPRI5QYwn5XlgSWW1Bx0YJQ3HYOHPIZ4Crx4.js","footer","2","en","usagov","eJx1jUEOwzAIBD8Ux09CBFPXrQMR4FT9fa3k3OPO7GqHY9Uz164b9uTx7U3qMi4KoQcInq1iNBXYWUb-r-Dlc_gpDvTm0kINmgRXuyr5VkikVmZeH6bTSlkm4Ey6Hyos4ev9kJIzGj03tB9w0UIH","scope=footer&delta=2&language=en&theme=usagov&include=eJx1jUEOwzAIBD8Ux09CBFPXrQMR4FT9fa3k3OPO7GqHY9Uz164b9uTx7U3qMi4KoQcInq1iNBXYWUb-r-Dlc_gpDvTm0kINmgRXuyr5VkikVmZeH6bTSlkm4Ey6Hyos4ev9kJIzGj03tB9w0UIH"
"./html/agencies/federal-energy-regulatory-commission/index.html","js","/themes/custom/usagov/scripts/modifyMobileNav.js","-","-","-","-","-",""
"./html/agencies/federal-executive-boards/index.html","css","/sites/default/files/css/css__7_lnIX5SUimudYZT0iqhhe0r5Ev1QE4En7-BEPHMeY.css","-","-","en","usagov","eJwdykEOwCAIBMAP2fIkg5EQEtDDqo2_b-tlToONIUGFIWmCtS9S74X9wthuTdMyeUDHO3qdfmLmGtbynwQUXy0vYCIdnw","delta=0&language=en&theme=usagov&include=eJwdykEOwCAIBMAP2fIkg5EQEtDDqo2_b-tlToONIUGFIWmCtS9S74X9wthuTdMyeUDHO3qdfmLmGtbynwQUXy0vYCIdnw"
"./html/agencies/federal-executive-boards/index.html","css","/sites/default/files/css/css_h8MbvwzFoPHon25psxDvs_qWZKIaWznJGeScqw5abGU.css","-","1","en","usagov","eJwdykEOwCAIBMAP2fIkg5EQEtDDqo2_b-tlToONIUGFIWmCtS9S74X9wthuTdMyeUDHO3qdfmLmGtbynwQUXy0vYCIdnw","delta=1&language=en&theme=usagov&include=eJwdykEOwCAIBMAP2fIkg5EQEtDDqo2_b-tlToONIUGFIWmCtS9S74X9wthuTdMyeUDHO3qdfmLmGtbynwQUXy0vYCIdnw"
"./html/agencies/federal-executive-boards/index.html","js","/themes/custom/usagov/scripts/newFooter.js","-","-","-","-","-",""
"./html/agencies/federal-executive-boards/index.html","js","/sites/default/files/js/js_sJY3bzJs3jirGGaSNreFUENeOZtDcSGccrkIaQj9Xmc.js","footer","-","en","usagov","eJx1jUEOwzAIBD8Ux09CBFPXrQMR4FT9fa3k3OPO7GqHY9Uz164b9uTx7U3qMi4KoQcInq1iNBXYWUb-r-Dlc_gpDvTm0kINmgRXuyr5VkikVmZeH6bTSlkm4Ey6Hyos4ev9kJIzGj03tB9w0UIH","scope=footer&delta=0&language=en&theme=usagov&include=eJx1jUEOwzAIBD8Ux09CBFPXrQMR4FT9fa3k3OPO7GqHY9Uz164b9uTx7U3qMi4KoQcInq1iNBXYWUb-r-Dlc_gpDvTm0kINmgRXuyr5VkikVmZeH6bTSlkm4Ey6Hyos4ev9kJIzGj03tB9w0UIH"
"./html/agencies/federal-executive-boards/index.html","js","/modules/contrib/uswds_ckeditor_integration/js/aftermarket/uswds_accordion.js","-","-","-","-","-","sqrdwl"
"./html/agencies/federal-executive-boards/index.html","js","/sites/default/files/js/js_JxNk0XijPRI5QYwn5XlgSWW1Bx0YJQ3HYOHPIZ4Crx4.js","footer","2","en","usagov","eJx1jUEOwzAIBD8Ux09CBFPXrQMR4FT9fa3k3OPO7GqHY9Uz164b9uTx7U3qMi4KoQcInq1iNBXYWUb-r-Dlc_gpDvTm0kINmgRXuyr5VkikVmZeH6bTSlkm4Ey6Hyos4ev9kJIzGj03tB9w0UIH","scope=footer&delta=2&language=en&theme=usagov&include=eJx1jUEOwzAIBD8Ux09CBFPXrQMR4FT9fa3k3OPO7GqHY9Uz164b9uTx7U3qMi4KoQcInq1iNBXYWUb-r-Dlc_gpDvTm0kINmgRXuyr5VkikVmZeH6bTSlkm4Ey6Hyos4ev9kJIzGj03tB9w0UIH"
"./html/agencies/federal-executive-boards/index.html","js","/themes/custom/usagov/scripts/modifyMobileNav.js","-","-","-","-","-",""
"./html/agencies/federal-financial-institutions-examination-council/index.html","css","/sites/default/files/css/css__7_lnIX5SUimudYZT0iqhhe0r5Ev1QE4En7-BEPHMeY.css","-","-","en","usagov","eJwdykEOwCAIBMAP2fIkg5EQEtDDqo2_b-tlToONIUGFIWmCtS9S74X9wthuTdMyeUDHO3qdfmLmGtbynwQUXy0vYCIdnw","delta=0&language=en&theme=usagov&include=eJwdykEOwCAIBMAP2fIkg5EQEtDDqo2_b-tlToONIUGFIWmCtS9S74X9wthuTdMyeUDHO3qdfmLmGtbynwQUXy0vYCIdnw"
"./html/agencies/federal-financial-institutions-examination-council/index.html","css","/sites/default/files/css/css_h8MbvwzFoPHon25psxDvs_qWZKIaWznJGeScqw5abGU.css","-","1","en","usagov","eJwdykEOwCAIBMAP2fIkg5EQEtDDqo2_b-tlToONIUGFIWmCtS9S74X9wthuTdMyeUDHO3qdfmLmGtbynwQUXy0vYCIdnw","delta=1&language=en&theme=usagov&include=eJwdykEOwCAIBMAP2fIkg5EQEtDDqo2_b-tlToONIUGFIWmCtS9S74X9wthuTdMyeUDHO3qdfmLmGtbynwQUXy0vYCIdnw"
"./html/agencies/federal-financial-institutions-examination-council/index.html","js","/themes/custom/usagov/scripts/newFooter.js","-","-","-","-","-",""
"./html/agencies/federal-financial-institutions-examination-council/index.html","js","/sites/default/files/js/js_sJY3bzJs3jirGGaSNreFUENeOZtDcSGccrkIaQj9Xmc.js","footer","-","en","usagov","eJx1jUEOwzAIBD8Ux09CBFPXrQMR4FT9fa3k3OPO7GqHY9Uz164b9uTx7U3qMi4KoQcInq1iNBXYWUb-r-Dlc_gpDvTm0kINmgRXuyr5VkikVmZeH6bTSlkm4Ey6Hyos4ev9kJIzGj03tB9w0UIH","scope=footer&delta=0&language=en&theme=usagov&include=eJx1jUEOwzAIBD8Ux09CBFPXrQMR4FT9fa3k3OPO7GqHY9Uz164b9uTx7U3qMi4KoQcInq1iNBXYWUb-r-Dlc_gpDvTm0kINmgRXuyr5VkikVmZeH6bTSlkm4Ey6Hyos4ev9kJIzGj03tB9w0UIH"
"./html/agencies/federal-financial-institutions-examination-council/index.html","js","/modules/contrib/uswds_ckeditor_integration/js/aftermarket/uswds_accordion.js","-","-","-","-","-","sqrdwl"
"./html/agencies/federal-financial-institutions-examination-council/index.html","js","/sites/default/files/js/js_JxNk0XijPRI5QYwn5XlgSWW1Bx0YJQ3HYOHPIZ4Crx4.js","footer","2","en","usagov","eJx1jUEOwzAIBD8Ux09CBFPXrQMR4FT9fa3k3OPO7GqHY9Uz164b9uTx7U3qMi4KoQcInq1iNBXYWUb-r-Dlc_gpDvTm0kINmgRXuyr5VkikVmZeH6bTSlkm4Ey6Hyos4ev9kJIzGj03tB9w0UIH","scope=footer&delta=2&language=en&theme=usagov&include=eJx1jUEOwzAIBD8Ux09CBFPXrQMR4FT9fa3k3OPO7GqHY9Uz164b9uTx7U3qMi4KoQcInq1iNBXYWUb-r-Dlc_gpDvTm0kINmgRXuyr5VkikVmZeH6bTSlkm4Ey6Hyos4ev9kJIzGj03tB9w0UIH"
"./html/agencies/federal-financial-institutions-examination-council/index.html","js","/themes/custom/usagov/scripts/modifyMobileNav.js","-","-","-","-","-",""
"./html/agencies/federal-financing-bank/index.html","css","/sites/default/files/css/css__7_lnIX5SUimudYZT0iqhhe0r5Ev1QE4En7-BEPHMeY.css","-","-","en","usagov","eJwdykEOwCAIBMAP2fIkg5EQEtDDqo2_b-tlToONIUGFIWmCtS9S74X9wthuTdMyeUDHO3qdfmLmGtbynwQUXy0vYCIdnw","delta=0&language=en&theme=usagov&include=eJwdykEOwCAIBMAP2fIkg5EQEtDDqo2_b-tlToONIUGFIWmCtS9S74X9wthuTdMyeUDHO3qdfmLmGtbynwQUXy0vYCIdnw"
"./html/agencies/federal-financing-bank/index.html","css","/sites/default/files/css/css_h8MbvwzFoPHon25psxDvs_qWZKIaWznJGeScqw5abGU.css","-","1","en","usagov","eJwdykEOwCAIBMAP2fIkg5EQEtDDqo2_b-tlToONIUGFIWmCtS9S74X9wthuTdMyeUDHO3qdfmLmGtbynwQUXy0vYCIdnw","delta=1&language=en&theme=usagov&include=eJwdykEOwCAIBMAP2fIkg5EQEtDDqo2_b-tlToONIUGFIWmCtS9S74X9wthuTdMyeUDHO3qdfmLmGtbynwQUXy0vYCIdnw"
"./html/agencies/federal-financing-bank/index.html","js","/themes/custom/usagov/scripts/newFooter.js","-","-","-","-","-",""
"./html/agencies/federal-financing-bank/index.html","js","/sites/default/files/js/js_sJY3bzJs3jirGGaSNreFUENeOZtDcSGccrkIaQj9Xmc.js","footer","-","en","usagov","eJx1jUEOwzAIBD8Ux09CBFPXrQMR4FT9fa3k3OPO7GqHY9Uz164b9uTx7U3qMi4KoQcInq1iNBXYWUb-r-Dlc_gpDvTm0kINmgRXuyr5VkikVmZeH6bTSlkm4Ey6Hyos4ev9kJIzGj03tB9w0UIH","scope=footer&delta=0&language=en&theme=usagov&include=eJx1jUEOwzAIBD8Ux09CBFPXrQMR4FT9fa3k3OPO7GqHY9Uz164b9uTx7U3qMi4KoQcInq1iNBXYWUb-r-Dlc_gpDvTm0kINmgRXuyr5VkikVmZeH6bTSlkm4Ey6Hyos4ev9kJIzGj03tB9w0UIH"
"./html/agencies/federal-financing-bank/index.html","js","/modules/contrib/uswds_ckeditor_integration/js/aftermarket/uswds_accordion.js","-","-","-","-","-","sqrdwl"
"./html/agencies/federal-financing-bank/index.html","js","/sites/default/files/js/js_JxNk0XijPRI5QYwn5XlgSWW1Bx0YJQ3HYOHPIZ4Crx4.js","footer","2","en","usagov","eJx1jUEOwzAIBD8Ux09CBFPXrQMR4FT9fa3k3OPO7GqHY9Uz164b9uTx7U3qMi4KoQcInq1iNBXYWUb-r-Dlc_gpDvTm0kINmgRXuyr5VkikVmZeH6bTSlkm4Ey6Hyos4ev9kJIzGj03tB9w0UIH","scope=footer&delta=2&language=en&theme=usagov&include=eJx1jUEOwzAIBD8Ux09CBFPXrQMR4FT9fa3k3OPO7GqHY9Uz164b9uTx7U3qMi4KoQcInq1iNBXYWUb-r-Dlc_gpDvTm0kINmgRXuyr5VkikVmZeH6bTSlkm4Ey6Hyos4ev9kJIzGj03tB9w0UIH"
"./html/agencies/federal-financing-bank/index.html","js","/themes/custom/usagov/scripts/modifyMobileNav.js","-","-","-","-","-",""
"./html/agencies/federal-geographic-data-committee/index.html","css","/sites/default/files/css/css__7_lnIX5SUimudYZT0iqhhe0r5Ev1QE4En7-BEPHMeY.css","-","-","en","usagov","eJwdykEOwCAIBMAP2fIkg5EQEtDDqo2_b-tlToONIUGFIWmCtS9S74X9wthuTdMyeUDHO3qdfmLmGtbynwQUXy0vYCIdnw","delta=0&language=en&theme=usagov&include=eJwdykEOwCAIBMAP2fIkg5EQEtDDqo2_b-tlToONIUGFIWmCtS9S74X9wthuTdMyeUDHO3qdfmLmGtbynwQUXy0vYCIdnw"
"./html/agencies/federal-geographic-data-committee/index.html","css","/sites/default/files/css/css_h8MbvwzFoPHon25psxDvs_qWZKIaWznJGeScqw5abGU.css","-","1","en","usagov","eJwdykEOwCAIBMAP2fIkg5EQEtDDqo2_b-tlToONIUGFIWmCtS9S74X9wthuTdMyeUDHO3qdfmLmGtbynwQUXy0vYCIdnw","delta=1&language=en&theme=usagov&include=eJwdykEOwCAIBMAP2fIkg5EQEtDDqo2_b-tlToONIUGFIWmCtS9S74X9wthuTdMyeUDHO3qdfmLmGtbynwQUXy0vYCIdnw"
"./html/agencies/federal-geographic-data-committee/index.html","js","/themes/custom/usagov/scripts/newFooter.js","-","-","-","-","-",""
"./html/agencies/federal-geographic-data-committee/index.html","js","/sites/default/files/js/js_sJY3bzJs3jirGGaSNreFUENeOZtDcSGccrkIaQj9Xmc.js","footer","-","en","usagov","eJx1jUEOwzAIBD8Ux09CBFPXrQMR4FT9fa3k3OPO7GqHY9Uz164b9uTx7U3qMi4KoQcInq1iNBXYWUb-r-Dlc_gpDvTm0kINmgRXuyr5VkikVmZeH6bTSlkm4Ey6Hyos4ev9kJIzGj03tB9w0UIH","scope=footer&delta=0&language=en&theme=usagov&include=eJx1jUEOwzAIBD8Ux09CBFPXrQMR4FT9fa3k3OPO7GqHY9Uz164b9uTx7U3qMi4KoQcInq1iNBXYWUb-r-Dlc_gpDvTm0kINmgRXuyr5VkikVmZeH6bTSlkm4Ey6Hyos4ev9kJIzGj03tB9w0UIH"
"./html/agencies/federal-geographic-data-committee/index.html","js","/modules/contrib/uswds_ckeditor_integration/js/aftermarket/uswds_accordion.js","-","-","-","-","-","sqrdwl"
"./html/agencies/federal-geographic-data-committee/index.html","js","/sites/default/files/js/js_JxNk0XijPRI5QYwn5XlgSWW1Bx0YJQ3HYOHPIZ4Crx4.js","footer","2","en","usagov","eJx1jUEOwzAIBD8Ux09CBFPXrQMR4FT9fa3k3OPO7GqHY9Uz164b9uTx7U3qMi4KoQcInq1iNBXYWUb-r-Dlc_gpDvTm0kINmgRXuyr5VkikVmZeH6bTSlkm4Ey6Hyos4ev9kJIzGj03tB9w0UIH","scope=footer&delta=2&language=en&theme=usagov&include=eJx1jUEOwzAIBD8Ux09CBFPXrQMR4FT9fa3k3OPO7GqHY9Uz164b9uTx7U3qMi4KoQcInq1iNBXYWUb-r-Dlc_gpDvTm0kINmgRXuyr5VkikVmZeH6bTSlkm4Ey6Hyos4ev9kJIzGj03tB9w0UIH"
"./html/agencies/federal-geographic-data-committee/index.html","js","/themes/custom/usagov/scripts/modifyMobileNav.js","-","-","-","-","-",""
"./html/agencies/federal-highway-administration/index.html","css","/sites/default/files/css/css__7_lnIX5SUimudYZT0iqhhe0r5Ev1QE4En7-BEPHMeY.css","-","-","en","usagov","eJwdykEOwCAIBMAP2fIkg5EQEtDDqo2_b-tlToONIUGFIWmCtS9S74X9wthuTdMyeUDHO3qdfmLmGtbynwQUXy0vYCIdnw","delta=0&language=en&theme=usagov&include=eJwdykEOwCAIBMAP2fIkg5EQEtDDqo2_b-tlToONIUGFIWmCtS9S74X9wthuTdMyeUDHO3qdfmLmGtbynwQUXy0vYCIdnw"
"./html/agencies/federal-highway-administration/index.html","css","/sites/default/files/css/css_h8MbvwzFoPHon25psxDvs_qWZKIaWznJGeScqw5abGU.css","-","1","en","usagov","eJwdykEOwCAIBMAP2fIkg5EQEtDDqo2_b-tlToONIUGFIWmCtS9S74X9wthuTdMyeUDHO3qdfmLmGtbynwQUXy0vYCIdnw","delta=1&language=en&theme=usagov&include=eJwdykEOwCAIBMAP2fIkg5EQEtDDqo2_b-tlToONIUGFIWmCtS9S74X9wthuTdMyeUDHO3qdfmLmGtbynwQUXy0vYCIdnw"
"./html/agencies/federal-highway-administration/index.html","js","/themes/custom/usagov/scripts/newFooter.js","-","-","-","-","-",""
"./html/agencies/federal-highway-administration/index.html","js","/sites/default/files/js/js_sJY3bzJs3jirGGaSNreFUENeOZtDcSGccrkIaQj9Xmc.js","footer","-","en","usagov","eJx1jUEOwzAIBD8Ux09CBFPXrQMR4FT9fa3k3OPO7GqHY9Uz164b9uTx7U3qMi4KoQcInq1iNBXYWUb-r-Dlc_gpDvTm0kINmgRXuyr5VkikVmZeH6bTSlkm4Ey6Hyos4ev9kJIzGj03tB9w0UIH","scope=footer&delta=0&language=en&theme=usagov&include=eJx1jUEOwzAIBD8Ux09CBFPXrQMR4FT9fa3k3OPO7GqHY9Uz164b9uTx7U3qMi4KoQcInq1iNBXYWUb-r-Dlc_gpDvTm0kINmgRXuyr5VkikVmZeH6bTSlkm4Ey6Hyos4ev9kJIzGj03tB9w0UIH"
"./html/agencies/federal-highway-administration/index.html","js","/modules/contrib/uswds_ckeditor_integration/js/aftermarket/uswds_accordion.js","-","-","-","-","-","sqrdwl"
"./html/agencies/federal-highway-administration/index.html","js","/sites/default/files/js/js_JxNk0XijPRI5QYwn5XlgSWW1Bx0YJQ3HYOHPIZ4Crx4.js","footer","2","en","usagov","eJx1jUEOwzAIBD8Ux09CBFPXrQMR4FT9fa3k3OPO7GqHY9Uz164b9uTx7U3qMi4KoQcInq1iNBXYWUb-r-Dlc_gpDvTm0kINmgRXuyr5VkikVmZeH6bTSlkm4Ey6Hyos4ev9kJIzGj03tB9w0UIH","scope=footer&delta=2&language=en&theme=usagov&include=eJx1jUEOwzAIBD8Ux09CBFPXrQMR4FT9fa3k3OPO7GqHY9Uz164b9uTx7U3qMi4KoQcInq1iNBXYWUb-r-Dlc_gpDvTm0kINmgRXuyr5VkikVmZeH6bTSlkm4Ey6Hyos4ev9kJIzGj03tB9w0UIH"
"./html/agencies/federal-highway-administration/index.html","js","/themes/custom/usagov/scripts/modifyMobileNav.js","-","-","-","-","-",""
"./html/agencies/federal-housing-administration/index.html","css","/sites/default/files/css/css__7_lnIX5SUimudYZT0iqhhe0r5Ev1QE4En7-BEPHMeY.css","-","-","en","usagov","eJwdykEOwCAIBMAP2fIkg5EQEtDDqo2_b-tlToONIUGFIWmCtS9S74X9wthuTdMyeUDHO3qdfmLmGtbynwQUXy0vYCIdnw","delta=0&language=en&theme=usagov&include=eJwdykEOwCAIBMAP2fIkg5EQEtDDqo2_b-tlToONIUGFIWmCtS9S74X9wthuTdMyeUDHO3qdfmLmGtbynwQUXy0vYCIdnw"
"./html/agencies/federal-housing-administration/index.html","css","/sites/default/files/css/css_h8MbvwzFoPHon25psxDvs_qWZKIaWznJGeScqw5abGU.css","-","1","en","usagov","eJwdykEOwCAIBMAP2fIkg5EQEtDDqo2_b-tlToONIUGFIWmCtS9S74X9wthuTdMyeUDHO3qdfmLmGtbynwQUXy0vYCIdnw","delta=1&language=en&theme=usagov&include=eJwdykEOwCAIBMAP2fIkg5EQEtDDqo2_b-tlToONIUGFIWmCtS9S74X9wthuTdMyeUDHO3qdfmLmGtbynwQUXy0vYCIdnw"
"./html/agencies/federal-housing-administration/index.html","js","/themes/custom/usagov/scripts/newFooter.js","-","-","-","-","-",""
"./html/agencies/federal-housing-administration/index.html","js","/sites/default/files/js/js_sJY3bzJs3jirGGaSNreFUENeOZtDcSGccrkIaQj9Xmc.js","footer","-","en","usagov","eJx1jUEOwzAIBD8Ux09CBFPXrQMR4FT9fa3k3OPO7GqHY9Uz164b9uTx7U3qMi4KoQcInq1iNBXYWUb-r-Dlc_gpDvTm0kINmgRXuyr5VkikVmZeH6bTSlkm4Ey6Hyos4ev9kJIzGj03tB9w0UIH","scope=footer&delta=0&language=en&theme=usagov&include=eJx1jUEOwzAIBD8Ux09CBFPXrQMR4FT9fa3k3OPO7GqHY9Uz164b9uTx7U3qMi4KoQcInq1iNBXYWUb-r-Dlc_gpDvTm0kINmgRXuyr5VkikVmZeH6bTSlkm4Ey6Hyos4ev9kJIzGj03tB9w0UIH"
"./html/agencies/federal-housing-administration/index.html","js","/modules/contrib/uswds_ckeditor_integration/js/aftermarket/uswds_accordion.js","-","-","-","-","-","sqrdwl"
"./html/agencies/federal-housing-administration/index.html","js","/sites/default/files/js/js_JxNk0XijPRI5QYwn5XlgSWW1Bx0YJQ3HYOHPIZ4Crx4.js","footer","2","en","usagov","eJx1jUEOwzAIBD8Ux09CBFPXrQMR4FT9fa3k3OPO7GqHY9Uz164b9uTx7U3qMi4KoQcInq1iNBXYWUb-r-Dlc_gpDvTm0kINmgRXuyr5VkikVmZeH6bTSlkm4Ey6Hyos4ev9kJIzGj03tB9w0UIH","scope=footer&delta=2&language=en&theme=usagov&include=eJx1jUEOwzAIBD8Ux09CBFPXrQMR4FT9fa3k3OPO7GqHY9Uz164b9uTx7U3qMi4KoQcInq1iNBXYWUb-r-Dlc_gpDvTm0kINmgRXuyr5VkikVmZeH6bTSlkm4Ey6Hyos4ev9kJIzGj03tB9w0UIH"
"./html/agencies/federal-housing-administration/index.html","js","/themes/custom/usagov/scripts/modifyMobileNav.js","-","-","-","-","-",""
"./html/agencies/federal-housing-finance-agency/index.html","css","/sites/default/files/css/css__7_lnIX5SUimudYZT0iqhhe0r5Ev1QE4En7-BEPHMeY.css","-","-","en","usagov","eJwdykEOwCAIBMAP2fIkg5EQEtDDqo2_b-tlToONIUGFIWmCtS9S74X9wthuTdMyeUDHO3qdfmLmGtbynwQUXy0vYCIdnw","delta=0&language=en&theme=usagov&include=eJwdykEOwCAIBMAP2fIkg5EQEtDDqo2_b-tlToONIUGFIWmCtS9S74X9wthuTdMyeUDHO3qdfmLmGtbynwQUXy0vYCIdnw"
"./html/agencies/federal-housing-finance-agency/index.html","css","/sites/default/files/css/css_h8MbvwzFoPHon25psxDvs_qWZKIaWznJGeScqw5abGU.css","-","1","en","usagov","eJwdykEOwCAIBMAP2fIkg5EQEtDDqo2_b-tlToONIUGFIWmCtS9S74X9wthuTdMyeUDHO3qdfmLmGtbynwQUXy0vYCIdnw","delta=1&language=en&theme=usagov&include=eJwdykEOwCAIBMAP2fIkg5EQEtDDqo2_b-tlToONIUGFIWmCtS9S74X9wthuTdMyeUDHO3qdfmLmGtbynwQUXy0vYCIdnw"
"./html/agencies/federal-housing-finance-agency/index.html","js","/themes/custom/usagov/scripts/newFooter.js","-","-","-","-","-",""
"./html/agencies/federal-housing-finance-agency/index.html","js","/sites/default/files/js/js_sJY3bzJs3jirGGaSNreFUENeOZtDcSGccrkIaQj9Xmc.js","footer","-","en","usagov","eJx1jUEOwzAIBD8Ux09CBFPXrQMR4FT9fa3k3OPO7GqHY9Uz164b9uTx7U3qMi4KoQcInq1iNBXYWUb-r-Dlc_gpDvTm0kINmgRXuyr5VkikVmZeH6bTSlkm4Ey6Hyos4ev9kJIzGj03tB9w0UIH","scope=footer&delta=0&language=en&theme=usagov&include=eJx1jUEOwzAIBD8Ux09CBFPXrQMR4FT9fa3k3OPO7GqHY9Uz164b9uTx7U3qMi4KoQcInq1iNBXYWUb-r-Dlc_gpDvTm0kINmgRXuyr5VkikVmZeH6bTSlkm4Ey6Hyos4ev9kJIzGj03tB9w0UIH"
"./html/agencies/federal-housing-finance-agency/index.html","js","/modules/contrib/uswds_ckeditor_integration/js/aftermarket/uswds_accordion.js","-","-","-","-","-","sqrdwl"
"./html/agencies/federal-housing-finance-agency/index.html","js","/sites/default/files/js/js_JxNk0XijPRI5QYwn5XlgSWW1Bx0YJQ3HYOHPIZ4Crx4.js","footer","2","en","usagov","eJx1jUEOwzAIBD8Ux09CBFPXrQMR4FT9fa3k3OPO7GqHY9Uz164b9uTx7U3qMi4KoQcInq1iNBXYWUb-r-Dlc_gpDvTm0kINmgRXuyr5VkikVmZeH6bTSlkm4Ey6Hyos4ev9kJIzGj03tB9w0UIH","scope=footer&delta=2&language=en&theme=usagov&include=eJx1jUEOwzAIBD8Ux09CBFPXrQMR4FT9fa3k3OPO7GqHY9Uz164b9uTx7U3qMi4KoQcInq1iNBXYWUb-r-Dlc_gpDvTm0kINmgRXuyr5VkikVmZeH6bTSlkm4Ey6Hyos4ev9kJIzGj03tB9w0UIH"
"./html/agencies/federal-housing-finance-agency/index.html","js","/themes/custom/usagov/scripts/modifyMobileNav.js","-","-","-","-","-",""
"./html/agencies/federal-judicial-center/index.html","css","/sites/default/files/css/css__7_lnIX5SUimudYZT0iqhhe0r5Ev1QE4En7-BEPHMeY.css","-","-","en","usagov","eJwdykEOwCAIBMAP2fIkg5EQEtDDqo2_b-tlToONIUGFIWmCtS9S74X9wthuTdMyeUDHO3qdfmLmGtbynwQUXy0vYCIdnw","delta=0&language=en&theme=usagov&include=eJwdykEOwCAIBMAP2fIkg5EQEtDDqo2_b-tlToONIUGFIWmCtS9S74X9wthuTdMyeUDHO3qdfmLmGtbynwQUXy0vYCIdnw"
"./html/agencies/federal-judicial-center/index.html","css","/sites/default/files/css/css_h8MbvwzFoPHon25psxDvs_qWZKIaWznJGeScqw5abGU.css","-","1","en","usagov","eJwdykEOwCAIBMAP2fIkg5EQEtDDqo2_b-tlToONIUGFIWmCtS9S74X9wthuTdMyeUDHO3qdfmLmGtbynwQUXy0vYCIdnw","delta=1&language=en&theme=usagov&include=eJwdykEOwCAIBMAP2fIkg5EQEtDDqo2_b-tlToONIUGFIWmCtS9S74X9wthuTdMyeUDHO3qdfmLmGtbynwQUXy0vYCIdnw"
"./html/agencies/federal-judicial-center/index.html","js","/themes/custom/usagov/scripts/newFooter.js","-","-","-","-","-",""
"./html/agencies/federal-judicial-center/index.html","js","/sites/default/files/js/js_sJY3bzJs3jirGGaSNreFUENeOZtDcSGccrkIaQj9Xmc.js","footer","-","en","usagov","eJx1jUEOwzAIBD8Ux09CBFPXrQMR4FT9fa3k3OPO7GqHY9Uz164b9uTx7U3qMi4KoQcInq1iNBXYWUb-r-Dlc_gpDvTm0kINmgRXuyr5VkikVmZeH6bTSlkm4Ey6Hyos4ev9kJIzGj03tB9w0UIH","scope=footer&delta=0&language=en&theme=usagov&include=eJx1jUEOwzAIBD8Ux09CBFPXrQMR4FT9fa3k3OPO7GqHY9Uz164b9uTx7U3qMi4KoQcInq1iNBXYWUb-r-Dlc_gpDvTm0kINmgRXuyr5VkikVmZeH6bTSlkm4Ey6Hyos4ev9kJIzGj03tB9w0UIH"
"./html/agencies/federal-judicial-center/index.html","js","/modules/contrib/uswds_ckeditor_integration/js/aftermarket/uswds_accordion.js","-","-","-","-","-","sqrdwl"
"./html/agencies/federal-judicial-center/index.html","js","/sites/default/files/js/js_JxNk0XijPRI5QYwn5XlgSWW1Bx0YJQ3HYOHPIZ4Crx4.js","footer","2","en","usagov","eJx1jUEOwzAIBD8Ux09CBFPXrQMR4FT9fa3k3OPO7GqHY9Uz164b9uTx7U3qMi4KoQcInq1iNBXYWUb-r-Dlc_gpDvTm0kINmgRXuyr5VkikVmZeH6bTSlkm4Ey6Hyos4ev9kJIzGj03tB9w0UIH","scope=footer&delta=2&language=en&theme=usagov&include=eJx1jUEOwzAIBD8Ux09CBFPXrQMR4FT9fa3k3OPO7GqHY9Uz164b9uTx7U3qMi4KoQcInq1iNBXYWUb-r-Dlc_gpDvTm0kINmgRXuyr5VkikVmZeH6bTSlkm4Ey6Hyos4ev9kJIzGj03tB9w0UIH"
"./html/agencies/federal-judicial-center/index.html","js","/themes/custom/usagov/scripts/modifyMobileNav.js","-","-","-","-","-",""
"./html/agencies/federal-labor-relations-authority/index.html","css","/sites/default/files/css/css__7_lnIX5SUimudYZT0iqhhe0r5Ev1QE4En7-BEPHMeY.css","-","-","en","usagov","eJwdykEOwCAIBMAP2fIkg5EQEtDDqo2_b-tlToONIUGFIWmCtS9S74X9wthuTdMyeUDHO3qdfmLmGtbynwQUXy0vYCIdnw","delta=0&language=en&theme=usagov&include=eJwdykEOwCAIBMAP2fIkg5EQEtDDqo2_b-tlToONIUGFIWmCtS9S74X9wthuTdMyeUDHO3qdfmLmGtbynwQUXy0vYCIdnw"
"./html/agencies/federal-labor-relations-authority/index.html","css","/sites/default/files/css/css_h8MbvwzFoPHon25psxDvs_qWZKIaWznJGeScqw5abGU.css","-","1","en","usagov","eJwdykEOwCAIBMAP2fIkg5EQEtDDqo2_b-tlToONIUGFIWmCtS9S74X9wthuTdMyeUDHO3qdfmLmGtbynwQUXy0vYCIdnw","delta=1&language=en&theme=usagov&include=eJwdykEOwCAIBMAP2fIkg5EQEtDDqo2_b-tlToONIUGFIWmCtS9S74X9wthuTdMyeUDHO3qdfmLmGtbynwQUXy0vYCIdnw"
"./html/agencies/federal-labor-relations-authority/index.html","js","/themes/custom/usagov/scripts/newFooter.js","-","-","-","-","-",""
"./html/agencies/federal-labor-relations-authority/index.html","js","/sites/default/files/js/js_sJY3bzJs3jirGGaSNreFUENeOZtDcSGccrkIaQj9Xmc.js","footer","-","en","usagov","eJx1jUEOwzAIBD8Ux09CBFPXrQMR4FT9fa3k3OPO7GqHY9Uz164b9uTx7U3qMi4KoQcInq1iNBXYWUb-r-Dlc_gpDvTm0kINmgRXuyr5VkikVmZeH6bTSlkm4Ey6Hyos4ev9kJIzGj03tB9w0UIH","scope=footer&delta=0&language=en&theme=usagov&include=eJx1jUEOwzAIBD8Ux09CBFPXrQMR4FT9fa3k3OPO7GqHY9Uz164b9uTx7U3qMi4KoQcInq1iNBXYWUb-r-Dlc_gpDvTm0kINmgRXuyr5VkikVmZeH6bTSlkm4Ey6Hyos4ev9kJIzGj03tB9w0UIH"
"./html/agencies/federal-labor-relations-authority/index.html","js","/modules/contrib/uswds_ckeditor_integration/js/aftermarket/uswds_accordion.js","-","-","-","-","-","sqrdwl"
"./html/agencies/federal-labor-relations-authority/index.html","js","/sites/default/files/js/js_JxNk0XijPRI5QYwn5XlgSWW1Bx0YJQ3HYOHPIZ4Crx4.js","footer","2","en","usagov","eJx1jUEOwzAIBD8Ux09CBFPXrQMR4FT9fa3k3OPO7GqHY9Uz164b9uTx7U3qMi4KoQcInq1iNBXYWUb-r-Dlc_gpDvTm0kINmgRXuyr5VkikVmZeH6bTSlkm4Ey6Hyos4ev9kJIzGj03tB9w0UIH","scope=footer&delta=2&language=en&theme=usagov&include=eJx1jUEOwzAIBD8Ux09CBFPXrQMR4FT9fa3k3OPO7GqHY9Uz164b9uTx7U3qMi4KoQcInq1iNBXYWUb-r-Dlc_gpDvTm0kINmgRXuyr5VkikVmZeH6bTSlkm4Ey6Hyos4ev9kJIzGj03tB9w0UIH"
"./html/agencies/federal-labor-relations-authority/index.html","js","/themes/custom/usagov/scripts/modifyMobileNav.js","-","-","-","-","-",""
"./html/agencies/federal-laboratory-consortium-for-technology-transfer/index.html","css","/sites/default/files/css/css__7_lnIX5SUimudYZT0iqhhe0r5Ev1QE4En7-BEPHMeY.css","-","-","en","usagov","eJwdykEOwCAIBMAP2fIkg5EQEtDDqo2_b-tlToONIUGFIWmCtS9S74X9wthuTdMyeUDHO3qdfmLmGtbynwQUXy0vYCIdnw","delta=0&language=en&theme=usagov&include=eJwdykEOwCAIBMAP2fIkg5EQEtDDqo2_b-tlToONIUGFIWmCtS9S74X9wthuTdMyeUDHO3qdfmLmGtbynwQUXy0vYCIdnw"
"./html/agencies/federal-laboratory-consortium-for-technology-transfer/index.html","css","/sites/default/files/css/css_h8MbvwzFoPHon25psxDvs_qWZKIaWznJGeScqw5abGU.css","-","1","en","usagov","eJwdykEOwCAIBMAP2fIkg5EQEtDDqo2_b-tlToONIUGFIWmCtS9S74X9wthuTdMyeUDHO3qdfmLmGtbynwQUXy0vYCIdnw","delta=1&language=en&theme=usagov&include=eJwdykEOwCAIBMAP2fIkg5EQEtDDqo2_b-tlToONIUGFIWmCtS9S74X9wthuTdMyeUDHO3qdfmLmGtbynwQUXy0vYCIdnw"
"./html/agencies/federal-laboratory-consortium-for-technology-transfer/index.html","js","/themes/custom/usagov/scripts/newFooter.js","-","-","-","-","-",""
"./html/agencies/federal-laboratory-consortium-for-technology-transfer/index.html","js","/sites/default/files/js/js_sJY3bzJs3jirGGaSNreFUENeOZtDcSGccrkIaQj9Xmc.js","footer","-","en","usagov","eJx1jUEOwzAIBD8Ux09CBFPXrQMR4FT9fa3k3OPO7GqHY9Uz164b9uTx7U3qMi4KoQcInq1iNBXYWUb-r-Dlc_gpDvTm0kINmgRXuyr5VkikVmZeH6bTSlkm4Ey6Hyos4ev9kJIzGj03tB9w0UIH","scope=footer&delta=0&language=en&theme=usagov&include=eJx1jUEOwzAIBD8Ux09CBFPXrQMR4FT9fa3k3OPO7GqHY9Uz164b9uTx7U3qMi4KoQcInq1iNBXYWUb-r-Dlc_gpDvTm0kINmgRXuyr5VkikVmZeH6bTSlkm4Ey6Hyos4ev9kJIzGj03tB9w0UIH"
"./html/agencies/federal-laboratory-consortium-for-technology-transfer/index.html","js","/modules/contrib/uswds_ckeditor_integration/js/aftermarket/uswds_accordion.js","-","-","-","-","-","sqrdwl"
"./html/agencies/federal-laboratory-consortium-for-technology-transfer/index.html","js","/sites/default/files/js/js_JxNk0XijPRI5QYwn5XlgSWW1Bx0YJQ3HYOHPIZ4Crx4.js","footer","2","en","usagov","eJx1jUEOwzAIBD8Ux09CBFPXrQMR4FT9fa3k3OPO7GqHY9Uz164b9uTx7U3qMi4KoQcInq1iNBXYWUb-r-Dlc_gpDvTm0kINmgRXuyr5VkikVmZeH6bTSlkm4Ey6Hyos4ev9kJIzGj03tB9w0UIH","scope=footer&delta=2&language=en&theme=usagov&include=eJx1jUEOwzAIBD8Ux09CBFPXrQMR4FT9fa3k3OPO7GqHY9Uz164b9uTx7U3qMi4KoQcInq1iNBXYWUb-r-Dlc_gpDvTm0kINmgRXuyr5VkikVmZeH6bTSlkm4Ey6Hyos4ev9kJIzGj03tB9w0UIH"
"./html/agencies/federal-laboratory-consortium-for-technology-transfer/index.html","js","/themes/custom/usagov/scripts/modifyMobileNav.js","-","-","-","-","-",""
"./html/agencies/federal-law-enforcement-training-center/index.html","css","/sites/default/files/css/css__7_lnIX5SUimudYZT0iqhhe0r5Ev1QE4En7-BEPHMeY.css","-","-","en","usagov","eJwdykEOwCAIBMAP2fIkg5EQEtDDqo2_b-tlToONIUGFIWmCtS9S74X9wthuTdMyeUDHO3qdfmLmGtbynwQUXy0vYCIdnw","delta=0&language=en&theme=usagov&include=eJwdykEOwCAIBMAP2fIkg5EQEtDDqo2_b-tlToONIUGFIWmCtS9S74X9wthuTdMyeUDHO3qdfmLmGtbynwQUXy0vYCIdnw"
"./html/agencies/federal-law-enforcement-training-center/index.html","css","/sites/default/files/css/css_h8MbvwzFoPHon25psxDvs_qWZKIaWznJGeScqw5abGU.css","-","1","en","usagov","eJwdykEOwCAIBMAP2fIkg5EQEtDDqo2_b-tlToONIUGFIWmCtS9S74X9wthuTdMyeUDHO3qdfmLmGtbynwQUXy0vYCIdnw","delta=1&language=en&theme=usagov&include=eJwdykEOwCAIBMAP2fIkg5EQEtDDqo2_b-tlToONIUGFIWmCtS9S74X9wthuTdMyeUDHO3qdfmLmGtbynwQUXy0vYCIdnw"
"./html/agencies/federal-law-enforcement-training-center/index.html","js","/themes/custom/usagov/scripts/newFooter.js","-","-","-","-","-",""
"./html/agencies/federal-law-enforcement-training-center/index.html","js","/sites/default/files/js/js_sJY3bzJs3jirGGaSNreFUENeOZtDcSGccrkIaQj9Xmc.js","footer","-","en","usagov","eJx1jUEOwzAIBD8Ux09CBFPXrQMR4FT9fa3k3OPO7GqHY9Uz164b9uTx7U3qMi4KoQcInq1iNBXYWUb-r-Dlc_gpDvTm0kINmgRXuyr5VkikVmZeH6bTSlkm4Ey6Hyos4ev9kJIzGj03tB9w0UIH","scope=footer&delta=0&language=en&theme=usagov&include=eJx1jUEOwzAIBD8Ux09CBFPXrQMR4FT9fa3k3OPO7GqHY9Uz164b9uTx7U3qMi4KoQcInq1iNBXYWUb-r-Dlc_gpDvTm0kINmgRXuyr5VkikVmZeH6bTSlkm4Ey6Hyos4ev9kJIzGj03tB9w0UIH"
"./html/agencies/federal-law-enforcement-training-center/index.html","js","/modules/contrib/uswds_ckeditor_integration/js/aftermarket/uswds_accordion.js","-","-","-","-","-","sqrdwl"
"./html/agencies/federal-law-enforcement-training-center/index.html","js","/sites/default/files/js/js_JxNk0XijPRI5QYwn5XlgSWW1Bx0YJQ3HYOHPIZ4Crx4.js","footer","2","en","usagov","eJx1jUEOwzAIBD8Ux09CBFPXrQMR4FT9fa3k3OPO7GqHY9Uz164b9uTx7U3qMi4KoQcInq1iNBXYWUb-r-Dlc_gpDvTm0kINmgRXuyr5VkikVmZeH6bTSlkm4Ey6Hyos4ev9kJIzGj03tB9w0UIH","scope=footer&delta=2&language=en&theme=usagov&include=eJx1jUEOwzAIBD8Ux09CBFPXrQMR4FT9fa3k3OPO7GqHY9Uz164b9uTx7U3qMi4KoQcInq1iNBXYWUb-r-Dlc_gpDvTm0kINmgRXuyr5VkikVmZeH6bTSlkm4Ey6Hyos4ev9kJIzGj03tB9w0UIH"
"./html/agencies/federal-law-enforcement-training-center/index.html","js","/themes/custom/usagov/scripts/modifyMobileNav.js","-","-","-","-","-",""
"./html/agencies/federal-library-and-information-network/index.html","css","/sites/default/files/css/css__7_lnIX5SUimudYZT0iqhhe0r5Ev1QE4En7-BEPHMeY.css","-","-","en","usagov","eJwdykEOwCAIBMAP2fIkg5EQEtDDqo2_b-tlToONIUGFIWmCtS9S74X9wthuTdMyeUDHO3qdfmLmGtbynwQUXy0vYCIdnw","delta=0&language=en&theme=usagov&include=eJwdykEOwCAIBMAP2fIkg5EQEtDDqo2_b-tlToONIUGFIWmCtS9S74X9wthuTdMyeUDHO3qdfmLmGtbynwQUXy0vYCIdnw"
"./html/agencies/federal-library-and-information-network/index.html","css","/sites/default/files/css/css_h8MbvwzFoPHon25psxDvs_qWZKIaWznJGeScqw5abGU.css","-","1","en","usagov","eJwdykEOwCAIBMAP2fIkg5EQEtDDqo2_b-tlToONIUGFIWmCtS9S74X9wthuTdMyeUDHO3qdfmLmGtbynwQUXy0vYCIdnw","delta=1&language=en&theme=usagov&include=eJwdykEOwCAIBMAP2fIkg5EQEtDDqo2_b-tlToONIUGFIWmCtS9S74X9wthuTdMyeUDHO3qdfmLmGtbynwQUXy0vYCIdnw"
"./html/agencies/federal-library-and-information-network/index.html","js","/themes/custom/usagov/scripts/newFooter.js","-","-","-","-","-",""
"./html/agencies/federal-library-and-information-network/index.html","js","/sites/default/files/js/js_sJY3bzJs3jirGGaSNreFUENeOZtDcSGccrkIaQj9Xmc.js","footer","-","en","usagov","eJx1jUEOwzAIBD8Ux09CBFPXrQMR4FT9fa3k3OPO7GqHY9Uz164b9uTx7U3qMi4KoQcInq1iNBXYWUb-r-Dlc_gpDvTm0kINmgRXuyr5VkikVmZeH6bTSlkm4Ey6Hyos4ev9kJIzGj03tB9w0UIH","scope=footer&delta=0&language=en&theme=usagov&include=eJx1jUEOwzAIBD8Ux09CBFPXrQMR4FT9fa3k3OPO7GqHY9Uz164b9uTx7U3qMi4KoQcInq1iNBXYWUb-r-Dlc_gpDvTm0kINmgRXuyr5VkikVmZeH6bTSlkm4Ey6Hyos4ev9kJIzGj03tB9w0UIH"
"./html/agencies/federal-library-and-information-network/index.html","js","/modules/contrib/uswds_ckeditor_integration/js/aftermarket/uswds_accordion.js","-","-","-","-","-","sqrdwl"
"./html/agencies/federal-library-and-information-network/index.html","js","/sites/default/files/js/js_JxNk0XijPRI5QYwn5XlgSWW1Bx0YJQ3HYOHPIZ4Crx4.js","footer","2","en","usagov","eJx1jUEOwzAIBD8Ux09CBFPXrQMR4FT9fa3k3OPO7GqHY9Uz164b9uTx7U3qMi4KoQcInq1iNBXYWUb-r-Dlc_gpDvTm0kINmgRXuyr5VkikVmZeH6bTSlkm4Ey6Hyos4ev9kJIzGj03tB9w0UIH","scope=footer&delta=2&language=en&theme=usagov&include=eJx1jUEOwzAIBD8Ux09CBFPXrQMR4FT9fa3k3OPO7GqHY9Uz164b9uTx7U3qMi4KoQcInq1iNBXYWUb-r-Dlc_gpDvTm0kINmgRXuyr5VkikVmZeH6bTSlkm4Ey6Hyos4ev9kJIzGj03tB9w0UIH"
"./html/agencies/federal-library-and-information-network/index.html","js","/themes/custom/usagov/scripts/modifyMobileNav.js","-","-","-","-","-",""
"./html/agencies/federal-maritime-commission/index.html","css","/sites/default/files/css/css__7_lnIX5SUimudYZT0iqhhe0r5Ev1QE4En7-BEPHMeY.css","-","-","en","usagov","eJwdykEOwCAIBMAP2fIkg5EQEtDDqo2_b-tlToONIUGFIWmCtS9S74X9wthuTdMyeUDHO3qdfmLmGtbynwQUXy0vYCIdnw","delta=0&language=en&theme=usagov&include=eJwdykEOwCAIBMAP2fIkg5EQEtDDqo2_b-tlToONIUGFIWmCtS9S74X9wthuTdMyeUDHO3qdfmLmGtbynwQUXy0vYCIdnw"
"./html/agencies/federal-maritime-commission/index.html","css","/sites/default/files/css/css_h8MbvwzFoPHon25psxDvs_qWZKIaWznJGeScqw5abGU.css","-","1","en","usagov","eJwdykEOwCAIBMAP2fIkg5EQEtDDqo2_b-tlToONIUGFIWmCtS9S74X9wthuTdMyeUDHO3qdfmLmGtbynwQUXy0vYCIdnw","delta=1&language=en&theme=usagov&include=eJwdykEOwCAIBMAP2fIkg5EQEtDDqo2_b-tlToONIUGFIWmCtS9S74X9wthuTdMyeUDHO3qdfmLmGtbynwQUXy0vYCIdnw"
"./html/agencies/federal-maritime-commission/index.html","js","/themes/custom/usagov/scripts/newFooter.js","-","-","-","-","-",""
"./html/agencies/federal-maritime-commission/index.html","js","/sites/default/files/js/js_sJY3bzJs3jirGGaSNreFUENeOZtDcSGccrkIaQj9Xmc.js","footer","-","en","usagov","eJx1jUEOwzAIBD8Ux09CBFPXrQMR4FT9fa3k3OPO7GqHY9Uz164b9uTx7U3qMi4KoQcInq1iNBXYWUb-r-Dlc_gpDvTm0kINmgRXuyr5VkikVmZeH6bTSlkm4Ey6Hyos4ev9kJIzGj03tB9w0UIH","scope=footer&delta=0&language=en&theme=usagov&include=eJx1jUEOwzAIBD8Ux09CBFPXrQMR4FT9fa3k3OPO7GqHY9Uz164b9uTx7U3qMi4KoQcInq1iNBXYWUb-r-Dlc_gpDvTm0kINmgRXuyr5VkikVmZeH6bTSlkm4Ey6Hyos4ev9kJIzGj03tB9w0UIH"
"./html/agencies/federal-maritime-commission/index.html","js","/modules/contrib/uswds_ckeditor_integration/js/aftermarket/uswds_accordion.js","-","-","-","-","-","sqrdwl"
"./html/agencies/federal-maritime-commission/index.html","js","/sites/default/files/js/js_JxNk0XijPRI5QYwn5XlgSWW1Bx0YJQ3HYOHPIZ4Crx4.js","footer","2","en","usagov","eJx1jUEOwzAIBD8Ux09CBFPXrQMR4FT9fa3k3OPO7GqHY9Uz164b9uTx7U3qMi4KoQcInq1iNBXYWUb-r-Dlc_gpDvTm0kINmgRXuyr5VkikVmZeH6bTSlkm4Ey6Hyos4ev9kJIzGj03tB9w0UIH","scope=footer&delta=2&language=en&theme=usagov&include=eJx1jUEOwzAIBD8Ux09CBFPXrQMR4FT9fa3k3OPO7GqHY9Uz164b9uTx7U3qMi4KoQcInq1iNBXYWUb-r-Dlc_gpDvTm0kINmgRXuyr5VkikVmZeH6bTSlkm4Ey6Hyos4ev9kJIzGj03tB9w0UIH"
"./html/agencies/federal-maritime-commission/index.html","js","/themes/custom/usagov/scripts/modifyMobileNav.js","-","-","-","-","-",""
"./html/agencies/federal-mediation-and-conciliation-service/index.html","css","/sites/default/files/css/css__7_lnIX5SUimudYZT0iqhhe0r5Ev1QE4En7-BEPHMeY.css","-","-","en","usagov","eJwdykEOwCAIBMAP2fIkg5EQEtDDqo2_b-tlToONIUGFIWmCtS9S74X9wthuTdMyeUDHO3qdfmLmGtbynwQUXy0vYCIdnw","delta=0&language=en&theme=usagov&include=eJwdykEOwCAIBMAP2fIkg5EQEtDDqo2_b-tlToONIUGFIWmCtS9S74X9wthuTdMyeUDHO3qdfmLmGtbynwQUXy0vYCIdnw"
"./html/agencies/federal-mediation-and-conciliation-service/index.html","css","/sites/default/files/css/css_h8MbvwzFoPHon25psxDvs_qWZKIaWznJGeScqw5abGU.css","-","1","en","usagov","eJwdykEOwCAIBMAP2fIkg5EQEtDDqo2_b-tlToONIUGFIWmCtS9S74X9wthuTdMyeUDHO3qdfmLmGtbynwQUXy0vYCIdnw","delta=1&language=en&theme=usagov&include=eJwdykEOwCAIBMAP2fIkg5EQEtDDqo2_b-tlToONIUGFIWmCtS9S74X9wthuTdMyeUDHO3qdfmLmGtbynwQUXy0vYCIdnw"
"./html/agencies/federal-mediation-and-conciliation-service/index.html","js","/themes/custom/usagov/scripts/newFooter.js","-","-","-","-","-",""
"./html/agencies/federal-mediation-and-conciliation-service/index.html","js","/sites/default/files/js/js_sJY3bzJs3jirGGaSNreFUENeOZtDcSGccrkIaQj9Xmc.js","footer","-","en","usagov","eJx1jUEOwzAIBD8Ux09CBFPXrQMR4FT9fa3k3OPO7GqHY9Uz164b9uTx7U3qMi4KoQcInq1iNBXYWUb-r-Dlc_gpDvTm0kINmgRXuyr5VkikVmZeH6bTSlkm4Ey6Hyos4ev9kJIzGj03tB9w0UIH","scope=footer&delta=0&language=en&theme=usagov&include=eJx1jUEOwzAIBD8Ux09CBFPXrQMR4FT9fa3k3OPO7GqHY9Uz164b9uTx7U3qMi4KoQcInq1iNBXYWUb-r-Dlc_gpDvTm0kINmgRXuyr5VkikVmZeH6bTSlkm4Ey6Hyos4ev9kJIzGj03tB9w0UIH"
"./html/agencies/federal-mediation-and-conciliation-service/index.html","js","/modules/contrib/uswds_ckeditor_integration/js/aftermarket/uswds_accordion.js","-","-","-","-","-","sqrdwl"
"./html/agencies/federal-mediation-and-conciliation-service/index.html","js","/sites/default/files/js/js_JxNk0XijPRI5QYwn5XlgSWW1Bx0YJQ3HYOHPIZ4Crx4.js","footer","2","en","usagov","eJx1jUEOwzAIBD8Ux09CBFPXrQMR4FT9fa3k3OPO7GqHY9Uz164b9uTx7U3qMi4KoQcInq1iNBXYWUb-r-Dlc_gpDvTm0kINmgRXuyr5VkikVmZeH6bTSlkm4Ey6Hyos4ev9kJIzGj03tB9w0UIH","scope=footer&delta=2&language=en&theme=usagov&include=eJx1jUEOwzAIBD8Ux09CBFPXrQMR4FT9fa3k3OPO7GqHY9Uz164b9uTx7U3qMi4KoQcInq1iNBXYWUb-r-Dlc_gpDvTm0kINmgRXuyr5VkikVmZeH6bTSlkm4Ey6Hyos4ev9kJIzGj03tB9w0UIH"
"./html/agencies/federal-mediation-and-conciliation-service/index.html","js","/themes/custom/usagov/scripts/modifyMobileNav.js","-","-","-","-","-",""
"./html/agencies/federal-mine-safety-and-health-review-commission/index.html","css","/sites/default/files/css/css__7_lnIX5SUimudYZT0iqhhe0r5Ev1QE4En7-BEPHMeY.css","-","-","en","usagov","eJwdykEOwCAIBMAP2fIkg5EQEtDDqo2_b-tlToONIUGFIWmCtS9S74X9wthuTdMyeUDHO3qdfmLmGtbynwQUXy0vYCIdnw","delta=0&language=en&theme=usagov&include=eJwdykEOwCAIBMAP2fIkg5EQEtDDqo2_b-tlToONIUGFIWmCtS9S74X9wthuTdMyeUDHO3qdfmLmGtbynwQUXy0vYCIdnw"
"./html/agencies/federal-mine-safety-and-health-review-commission/index.html","css","/sites/default/files/css/css_h8MbvwzFoPHon25psxDvs_qWZKIaWznJGeScqw5abGU.css","-","1","en","usagov","eJwdykEOwCAIBMAP2fIkg5EQEtDDqo2_b-tlToONIUGFIWmCtS9S74X9wthuTdMyeUDHO3qdfmLmGtbynwQUXy0vYCIdnw","delta=1&language=en&theme=usagov&include=eJwdykEOwCAIBMAP2fIkg5EQEtDDqo2_b-tlToONIUGFIWmCtS9S74X9wthuTdMyeUDHO3qdfmLmGtbynwQUXy0vYCIdnw"
"./html/agencies/federal-mine-safety-and-health-review-commission/index.html","js","/themes/custom/usagov/scripts/newFooter.js","-","-","-","-","-",""
"./html/agencies/federal-mine-safety-and-health-review-commission/index.html","js","/sites/default/files/js/js_sJY3bzJs3jirGGaSNreFUENeOZtDcSGccrkIaQj9Xmc.js","footer","-","en","usagov","eJx1jUEOwzAIBD8Ux09CBFPXrQMR4FT9fa3k3OPO7GqHY9Uz164b9uTx7U3qMi4KoQcInq1iNBXYWUb-r-Dlc_gpDvTm0kINmgRXuyr5VkikVmZeH6bTSlkm4Ey6Hyos4ev9kJIzGj03tB9w0UIH","scope=footer&delta=0&language=en&theme=usagov&include=eJx1jUEOwzAIBD8Ux09CBFPXrQMR4FT9fa3k3OPO7GqHY9Uz164b9uTx7U3qMi4KoQcInq1iNBXYWUb-r-Dlc_gpDvTm0kINmgRXuyr5VkikVmZeH6bTSlkm4Ey6Hyos4ev9kJIzGj03tB9w0UIH"
"./html/agencies/federal-mine-safety-and-health-review-commission/index.html","js","/modules/contrib/uswds_ckeditor_integration/js/aftermarket/uswds_accordion.js","-","-","-","-","-","sqrdwl"
"./html/agencies/federal-mine-safety-and-health-review-commission/index.html","js","/sites/default/files/js/js_JxNk0XijPRI5QYwn5XlgSWW1Bx0YJQ3HYOHPIZ4Crx4.js","footer","2","en","usagov","eJx1jUEOwzAIBD8Ux09CBFPXrQMR4FT9fa3k3OPO7GqHY9Uz164b9uTx7U3qMi4KoQcInq1iNBXYWUb-r-Dlc_gpDvTm0kINmgRXuyr5VkikVmZeH6bTSlkm4Ey6Hyos4ev9kJIzGj03tB9w0UIH","scope=footer&delta=2&language=en&theme=usagov&include=eJx1jUEOwzAIBD8Ux09CBFPXrQMR4FT9fa3k3OPO7GqHY9Uz164b9uTx7U3qMi4KoQcInq1iNBXYWUb-r-Dlc_gpDvTm0kINmgRXuyr5VkikVmZeH6bTSlkm4Ey6Hyos4ev9kJIzGj03tB9w0UIH"
"./html/agencies/federal-mine-safety-and-health-review-commission/index.html","js","/themes/custom/usagov/scripts/modifyMobileNav.js","-","-","-","-","-",""
"./html/agencies/federal-motor-carrier-safety-administration/index.html","css","/sites/default/files/css/css__7_lnIX5SUimudYZT0iqhhe0r5Ev1QE4En7-BEPHMeY.css","-","-","en","usagov","eJwdykEOwCAIBMAP2fIkg5EQEtDDqo2_b-tlToONIUGFIWmCtS9S74X9wthuTdMyeUDHO3qdfmLmGtbynwQUXy0vYCIdnw","delta=0&language=en&theme=usagov&include=eJwdykEOwCAIBMAP2fIkg5EQEtDDqo2_b-tlToONIUGFIWmCtS9S74X9wthuTdMyeUDHO3qdfmLmGtbynwQUXy0vYCIdnw"
"./html/agencies/federal-motor-carrier-safety-administration/index.html","css","/sites/default/files/css/css_h8MbvwzFoPHon25psxDvs_qWZKIaWznJGeScqw5abGU.css","-","1","en","usagov","eJwdykEOwCAIBMAP2fIkg5EQEtDDqo2_b-tlToONIUGFIWmCtS9S74X9wthuTdMyeUDHO3qdfmLmGtbynwQUXy0vYCIdnw","delta=1&language=en&theme=usagov&include=eJwdykEOwCAIBMAP2fIkg5EQEtDDqo2_b-tlToONIUGFIWmCtS9S74X9wthuTdMyeUDHO3qdfmLmGtbynwQUXy0vYCIdnw"
"./html/agencies/federal-motor-carrier-safety-administration/index.html","js","/themes/custom/usagov/scripts/newFooter.js","-","-","-","-","-",""
"./html/agencies/federal-motor-carrier-safety-administration/index.html","js","/sites/default/files/js/js_sJY3bzJs3jirGGaSNreFUENeOZtDcSGccrkIaQj9Xmc.js","footer","-","en","usagov","eJx1jUEOwzAIBD8Ux09CBFPXrQMR4FT9fa3k3OPO7GqHY9Uz164b9uTx7U3qMi4KoQcInq1iNBXYWUb-r-Dlc_gpDvTm0kINmgRXuyr5VkikVmZeH6bTSlkm4Ey6Hyos4ev9kJIzGj03tB9w0UIH","scope=footer&delta=0&language=en&theme=usagov&include=eJx1jUEOwzAIBD8Ux09CBFPXrQMR4FT9fa3k3OPO7GqHY9Uz164b9uTx7U3qMi4KoQcInq1iNBXYWUb-r-Dlc_gpDvTm0kINmgRXuyr5VkikVmZeH6bTSlkm4Ey6Hyos4ev9kJIzGj03tB9w0UIH"
"./html/agencies/federal-motor-carrier-safety-administration/index.html","js","/modules/contrib/uswds_ckeditor_integration/js/aftermarket/uswds_accordion.js","-","-","-","-","-","sqrdwl"
"./html/agencies/federal-motor-carrier-safety-administration/index.html","js","/sites/default/files/js/js_JxNk0XijPRI5QYwn5XlgSWW1Bx0YJQ3HYOHPIZ4Crx4.js","footer","2","en","usagov","eJx1jUEOwzAIBD8Ux09CBFPXrQMR4FT9fa3k3OPO7GqHY9Uz164b9uTx7U3qMi4KoQcInq1iNBXYWUb-r-Dlc_gpDvTm0kINmgRXuyr5VkikVmZeH6bTSlkm4Ey6Hyos4ev9kJIzGj03tB9w0UIH","scope=footer&delta=2&language=en&theme=usagov&include=eJx1jUEOwzAIBD8Ux09CBFPXrQMR4FT9fa3k3OPO7GqHY9Uz164b9uTx7U3qMi4KoQcInq1iNBXYWUb-r-Dlc_gpDvTm0kINmgRXuyr5VkikVmZeH6bTSlkm4Ey6Hyos4ev9kJIzGj03tB9w0UIH"
"./html/agencies/federal-motor-carrier-safety-administration/index.html","js","/themes/custom/usagov/scripts/modifyMobileNav.js","-","-","-","-","-",""
"./html/agencies/federal-protective-service/index.html","css","/sites/default/files/css/css__7_lnIX5SUimudYZT0iqhhe0r5Ev1QE4En7-BEPHMeY.css","-","-","en","usagov","eJwdykEOwCAIBMAP2fIkg5EQEtDDqo2_b-tlToONIUGFIWmCtS9S74X9wthuTdMyeUDHO3qdfmLmGtbynwQUXy0vYCIdnw","delta=0&language=en&theme=usagov&include=eJwdykEOwCAIBMAP2fIkg5EQEtDDqo2_b-tlToONIUGFIWmCtS9S74X9wthuTdMyeUDHO3qdfmLmGtbynwQUXy0vYCIdnw"
"./html/agencies/federal-protective-service/index.html","css","/sites/default/files/css/css_h8MbvwzFoPHon25psxDvs_qWZKIaWznJGeScqw5abGU.css","-","1","en","usagov","eJwdykEOwCAIBMAP2fIkg5EQEtDDqo2_b-tlToONIUGFIWmCtS9S74X9wthuTdMyeUDHO3qdfmLmGtbynwQUXy0vYCIdnw","delta=1&language=en&theme=usagov&include=eJwdykEOwCAIBMAP2fIkg5EQEtDDqo2_b-tlToONIUGFIWmCtS9S74X9wthuTdMyeUDHO3qdfmLmGtbynwQUXy0vYCIdnw"
"./html/agencies/federal-protective-service/index.html","js","/themes/custom/usagov/scripts/newFooter.js","-","-","-","-","-",""
"./html/agencies/federal-protective-service/index.html","js","/sites/default/files/js/js_sJY3bzJs3jirGGaSNreFUENeOZtDcSGccrkIaQj9Xmc.js","footer","-","en","usagov","eJx1jUEOwzAIBD8Ux09CBFPXrQMR4FT9fa3k3OPO7GqHY9Uz164b9uTx7U3qMi4KoQcInq1iNBXYWUb-r-Dlc_gpDvTm0kINmgRXuyr5VkikVmZeH6bTSlkm4Ey6Hyos4ev9kJIzGj03tB9w0UIH","scope=footer&delta=0&language=en&theme=usagov&include=eJx1jUEOwzAIBD8Ux09CBFPXrQMR4FT9fa3k3OPO7GqHY9Uz164b9uTx7U3qMi4KoQcInq1iNBXYWUb-r-Dlc_gpDvTm0kINmgRXuyr5VkikVmZeH6bTSlkm4Ey6Hyos4ev9kJIzGj03tB9w0UIH"
"./html/agencies/federal-protective-service/index.html","js","/modules/contrib/uswds_ckeditor_integration/js/aftermarket/uswds_accordion.js","-","-","-","-","-","sqrdwl"
"./html/agencies/federal-protective-service/index.html","js","/sites/default/files/js/js_JxNk0XijPRI5QYwn5XlgSWW1Bx0YJQ3HYOHPIZ4Crx4.js","footer","2","en","usagov","eJx1jUEOwzAIBD8Ux09CBFPXrQMR4FT9fa3k3OPO7GqHY9Uz164b9uTx7U3qMi4KoQcInq1iNBXYWUb-r-Dlc_gpDvTm0kINmgRXuyr5VkikVmZeH6bTSlkm4Ey6Hyos4ev9kJIzGj03tB9w0UIH","scope=footer&delta=2&language=en&theme=usagov&include=eJx1jUEOwzAIBD8Ux09CBFPXrQMR4FT9fa3k3OPO7GqHY9Uz164b9uTx7U3qMi4KoQcInq1iNBXYWUb-r-Dlc_gpDvTm0kINmgRXuyr5VkikVmZeH6bTSlkm4Ey6Hyos4ev9kJIzGj03tB9w0UIH"
"./html/agencies/federal-protective-service/index.html","js","/themes/custom/usagov/scripts/modifyMobileNav.js","-","-","-","-","-",""
"./html/agencies/federal-railroad-administration/index.html","css","/sites/default/files/css/css__7_lnIX5SUimudYZT0iqhhe0r5Ev1QE4En7-BEPHMeY.css","-","-","en","usagov","eJwdykEOwCAIBMAP2fIkg5EQEtDDqo2_b-tlToONIUGFIWmCtS9S74X9wthuTdMyeUDHO3qdfmLmGtbynwQUXy0vYCIdnw","delta=0&language=en&theme=usagov&include=eJwdykEOwCAIBMAP2fIkg5EQEtDDqo2_b-tlToONIUGFIWmCtS9S74X9wthuTdMyeUDHO3qdfmLmGtbynwQUXy0vYCIdnw"
"./html/agencies/federal-railroad-administration/index.html","css","/sites/default/files/css/css_h8MbvwzFoPHon25psxDvs_qWZKIaWznJGeScqw5abGU.css","-","1","en","usagov","eJwdykEOwCAIBMAP2fIkg5EQEtDDqo2_b-tlToONIUGFIWmCtS9S74X9wthuTdMyeUDHO3qdfmLmGtbynwQUXy0vYCIdnw","delta=1&language=en&theme=usagov&include=eJwdykEOwCAIBMAP2fIkg5EQEtDDqo2_b-tlToONIUGFIWmCtS9S74X9wthuTdMyeUDHO3qdfmLmGtbynwQUXy0vYCIdnw"
"./html/agencies/federal-railroad-administration/index.html","js","/themes/custom/usagov/scripts/newFooter.js","-","-","-","-","-",""
"./html/agencies/federal-railroad-administration/index.html","js","/sites/default/files/js/js_sJY3bzJs3jirGGaSNreFUENeOZtDcSGccrkIaQj9Xmc.js","footer","-","en","usagov","eJx1jUEOwzAIBD8Ux09CBFPXrQMR4FT9fa3k3OPO7GqHY9Uz164b9uTx7U3qMi4KoQcInq1iNBXYWUb-r-Dlc_gpDvTm0kINmgRXuyr5VkikVmZeH6bTSlkm4Ey6Hyos4ev9kJIzGj03tB9w0UIH","scope=footer&delta=0&language=en&theme=usagov&include=eJx1jUEOwzAIBD8Ux09CBFPXrQMR4FT9fa3k3OPO7GqHY9Uz164b9uTx7U3qMi4KoQcInq1iNBXYWUb-r-Dlc_gpDvTm0kINmgRXuyr5VkikVmZeH6bTSlkm4Ey6Hyos4ev9kJIzGj03tB9w0UIH"
"./html/agencies/federal-railroad-administration/index.html","js","/modules/contrib/uswds_ckeditor_integration/js/aftermarket/uswds_accordion.js","-","-","-","-","-","sqrdwl"
"./html/agencies/federal-railroad-administration/index.html","js","/sites/default/files/js/js_JxNk0XijPRI5QYwn5XlgSWW1Bx0YJQ3HYOHPIZ4Crx4.js","footer","2","en","usagov","eJx1jUEOwzAIBD8Ux09CBFPXrQMR4FT9fa3k3OPO7GqHY9Uz164b9uTx7U3qMi4KoQcInq1iNBXYWUb-r-Dlc_gpDvTm0kINmgRXuyr5VkikVmZeH6bTSlkm4Ey6Hyos4ev9kJIzGj03tB9w0UIH","scope=footer&delta=2&language=en&theme=usagov&include=eJx1jUEOwzAIBD8Ux09CBFPXrQMR4FT9fa3k3OPO7GqHY9Uz164b9uTx7U3qMi4KoQcInq1iNBXYWUb-r-Dlc_gpDvTm0kINmgRXuyr5VkikVmZeH6bTSlkm4Ey6Hyos4ev9kJIzGj03tB9w0UIH"
"./html/agencies/federal-railroad-administration/index.html","js","/themes/custom/usagov/scripts/modifyMobileNav.js","-","-","-","-","-",""
"./html/agencies/federal-reserve-system/index.html","css","/sites/default/files/css/css__7_lnIX5SUimudYZT0iqhhe0r5Ev1QE4En7-BEPHMeY.css","-","-","en","usagov","eJwdykEOwCAIBMAP2fIkg5EQEtDDqo2_b-tlToONIUGFIWmCtS9S74X9wthuTdMyeUDHO3qdfmLmGtbynwQUXy0vYCIdnw","delta=0&language=en&theme=usagov&include=eJwdykEOwCAIBMAP2fIkg5EQEtDDqo2_b-tlToONIUGFIWmCtS9S74X9wthuTdMyeUDHO3qdfmLmGtbynwQUXy0vYCIdnw"
"./html/agencies/federal-reserve-system/index.html","css","/sites/default/files/css/css_h8MbvwzFoPHon25psxDvs_qWZKIaWznJGeScqw5abGU.css","-","1","en","usagov","eJwdykEOwCAIBMAP2fIkg5EQEtDDqo2_b-tlToONIUGFIWmCtS9S74X9wthuTdMyeUDHO3qdfmLmGtbynwQUXy0vYCIdnw","delta=1&language=en&theme=usagov&include=eJwdykEOwCAIBMAP2fIkg5EQEtDDqo2_b-tlToONIUGFIWmCtS9S74X9wthuTdMyeUDHO3qdfmLmGtbynwQUXy0vYCIdnw"
"./html/agencies/federal-reserve-system/index.html","js","/themes/custom/usagov/scripts/newFooter.js","-","-","-","-","-",""
"./html/agencies/federal-reserve-system/index.html","js","/sites/default/files/js/js_sJY3bzJs3jirGGaSNreFUENeOZtDcSGccrkIaQj9Xmc.js","footer","-","en","usagov","eJx1jUEOwzAIBD8Ux09CBFPXrQMR4FT9fa3k3OPO7GqHY9Uz164b9uTx7U3qMi4KoQcInq1iNBXYWUb-r-Dlc_gpDvTm0kINmgRXuyr5VkikVmZeH6bTSlkm4Ey6Hyos4ev9kJIzGj03tB9w0UIH","scope=footer&delta=0&language=en&theme=usagov&include=eJx1jUEOwzAIBD8Ux09CBFPXrQMR4FT9fa3k3OPO7GqHY9Uz164b9uTx7U3qMi4KoQcInq1iNBXYWUb-r-Dlc_gpDvTm0kINmgRXuyr5VkikVmZeH6bTSlkm4Ey6Hyos4ev9kJIzGj03tB9w0UIH"
"./html/agencies/federal-reserve-system/index.html","js","/modules/contrib/uswds_ckeditor_integration/js/aftermarket/uswds_accordion.js","-","-","-","-","-","sqrdwl"
"./html/agencies/federal-reserve-system/index.html","js","/sites/default/files/js/js_JxNk0XijPRI5QYwn5XlgSWW1Bx0YJQ3HYOHPIZ4Crx4.js","footer","2","en","usagov","eJx1jUEOwzAIBD8Ux09CBFPXrQMR4FT9fa3k3OPO7GqHY9Uz164b9uTx7U3qMi4KoQcInq1iNBXYWUb-r-Dlc_gpDvTm0kINmgRXuyr5VkikVmZeH6bTSlkm4Ey6Hyos4ev9kJIzGj03tB9w0UIH","scope=footer&delta=2&language=en&theme=usagov&include=eJx1jUEOwzAIBD8Ux09CBFPXrQMR4FT9fa3k3OPO7GqHY9Uz164b9uTx7U3qMi4KoQcInq1iNBXYWUb-r-Dlc_gpDvTm0kINmgRXuyr5VkikVmZeH6bTSlkm4Ey6Hyos4ev9kJIzGj03tB9w0UIH"
"./html/agencies/federal-reserve-system/index.html","js","/themes/custom/usagov/scripts/modifyMobileNav.js","-","-","-","-","-",""
"./html/agencies/federal-retirement-thrift-investment-board/index.html","css","/sites/default/files/css/css__7_lnIX5SUimudYZT0iqhhe0r5Ev1QE4En7-BEPHMeY.css","-","-","en","usagov","eJwdykEOwCAIBMAP2fIkg5EQEtDDqo2_b-tlToONIUGFIWmCtS9S74X9wthuTdMyeUDHO3qdfmLmGtbynwQUXy0vYCIdnw","delta=0&language=en&theme=usagov&include=eJwdykEOwCAIBMAP2fIkg5EQEtDDqo2_b-tlToONIUGFIWmCtS9S74X9wthuTdMyeUDHO3qdfmLmGtbynwQUXy0vYCIdnw"
"./html/agencies/federal-retirement-thrift-investment-board/index.html","css","/sites/default/files/css/css_h8MbvwzFoPHon25psxDvs_qWZKIaWznJGeScqw5abGU.css","-","1","en","usagov","eJwdykEOwCAIBMAP2fIkg5EQEtDDqo2_b-tlToONIUGFIWmCtS9S74X9wthuTdMyeUDHO3qdfmLmGtbynwQUXy0vYCIdnw","delta=1&language=en&theme=usagov&include=eJwdykEOwCAIBMAP2fIkg5EQEtDDqo2_b-tlToONIUGFIWmCtS9S74X9wthuTdMyeUDHO3qdfmLmGtbynwQUXy0vYCIdnw"
"./html/agencies/federal-retirement-thrift-investment-board/index.html","js","/themes/custom/usagov/scripts/newFooter.js","-","-","-","-","-",""
"./html/agencies/federal-retirement-thrift-investment-board/index.html","js","/sites/default/files/js/js_sJY3bzJs3jirGGaSNreFUENeOZtDcSGccrkIaQj9Xmc.js","footer","-","en","usagov","eJx1jUEOwzAIBD8Ux09CBFPXrQMR4FT9fa3k3OPO7GqHY9Uz164b9uTx7U3qMi4KoQcInq1iNBXYWUb-r-Dlc_gpDvTm0kINmgRXuyr5VkikVmZeH6bTSlkm4Ey6Hyos4ev9kJIzGj03tB9w0UIH","scope=footer&delta=0&language=en&theme=usagov&include=eJx1jUEOwzAIBD8Ux09CBFPXrQMR4FT9fa3k3OPO7GqHY9Uz164b9uTx7U3qMi4KoQcInq1iNBXYWUb-r-Dlc_gpDvTm0kINmgRXuyr5VkikVmZeH6bTSlkm4Ey6Hyos4ev9kJIzGj03tB9w0UIH"
"./html/agencies/federal-retirement-thrift-investment-board/index.html","js","/modules/contrib/uswds_ckeditor_integration/js/aftermarket/uswds_accordion.js","-","-","-","-","-","sqrdwl"
"./html/agencies/federal-retirement-thrift-investment-board/index.html","js","/sites/default/files/js/js_JxNk0XijPRI5QYwn5XlgSWW1Bx0YJQ3HYOHPIZ4Crx4.js","footer","2","en","usagov","eJx1jUEOwzAIBD8Ux09CBFPXrQMR4FT9fa3k3OPO7GqHY9Uz164b9uTx7U3qMi4KoQcInq1iNBXYWUb-r-Dlc_gpDvTm0kINmgRXuyr5VkikVmZeH6bTSlkm4Ey6Hyos4ev9kJIzGj03tB9w0UIH","scope=footer&delta=2&language=en&theme=usagov&include=eJx1jUEOwzAIBD8Ux09CBFPXrQMR4FT9fa3k3OPO7GqHY9Uz164b9uTx7U3qMi4KoQcInq1iNBXYWUb-r-Dlc_gpDvTm0kINmgRXuyr5VkikVmZeH6bTSlkm4Ey6Hyos4ev9kJIzGj03tB9w0UIH"
"./html/agencies/federal-retirement-thrift-investment-board/index.html","js","/themes/custom/usagov/scripts/modifyMobileNav.js","-","-","-","-","-",""
"./html/agencies/federal-student-aid-information-center/index.html","css","/sites/default/files/css/css__7_lnIX5SUimudYZT0iqhhe0r5Ev1QE4En7-BEPHMeY.css","-","-","en","usagov","eJwdykEOwCAIBMAP2fIkg5EQEtDDqo2_b-tlToONIUGFIWmCtS9S74X9wthuTdMyeUDHO3qdfmLmGtbynwQUXy0vYCIdnw","delta=0&language=en&theme=usagov&include=eJwdykEOwCAIBMAP2fIkg5EQEtDDqo2_b-tlToONIUGFIWmCtS9S74X9wthuTdMyeUDHO3qdfmLmGtbynwQUXy0vYCIdnw"
"./html/agencies/federal-student-aid-information-center/index.html","css","/sites/default/files/css/css_h8MbvwzFoPHon25psxDvs_qWZKIaWznJGeScqw5abGU.css","-","1","en","usagov","eJwdykEOwCAIBMAP2fIkg5EQEtDDqo2_b-tlToONIUGFIWmCtS9S74X9wthuTdMyeUDHO3qdfmLmGtbynwQUXy0vYCIdnw","delta=1&language=en&theme=usagov&include=eJwdykEOwCAIBMAP2fIkg5EQEtDDqo2_b-tlToONIUGFIWmCtS9S74X9wthuTdMyeUDHO3qdfmLmGtbynwQUXy0vYCIdnw"
"./html/agencies/federal-student-aid-information-center/index.html","js","/themes/custom/usagov/scripts/newFooter.js","-","-","-","-","-",""
"./html/agencies/federal-student-aid-information-center/index.html","js","/sites/default/files/js/js_sJY3bzJs3jirGGaSNreFUENeOZtDcSGccrkIaQj9Xmc.js","footer","-","en","usagov","eJx1jUEOwzAIBD8Ux09CBFPXrQMR4FT9fa3k3OPO7GqHY9Uz164b9uTx7U3qMi4KoQcInq1iNBXYWUb-r-Dlc_gpDvTm0kINmgRXuyr5VkikVmZeH6bTSlkm4Ey6Hyos4ev9kJIzGj03tB9w0UIH","scope=footer&delta=0&language=en&theme=usagov&include=eJx1jUEOwzAIBD8Ux09CBFPXrQMR4FT9fa3k3OPO7GqHY9Uz164b9uTx7U3qMi4KoQcInq1iNBXYWUb-r-Dlc_gpDvTm0kINmgRXuyr5VkikVmZeH6bTSlkm4Ey6Hyos4ev9kJIzGj03tB9w0UIH"
"./html/agencies/federal-student-aid-information-center/index.html","js","/modules/contrib/uswds_ckeditor_integration/js/aftermarket/uswds_accordion.js","-","-","-","-","-","sqrdwl"
"./html/agencies/federal-student-aid-information-center/index.html","js","/sites/default/files/js/js_JxNk0XijPRI5QYwn5XlgSWW1Bx0YJQ3HYOHPIZ4Crx4.js","footer","2","en","usagov","eJx1jUEOwzAIBD8Ux09CBFPXrQMR4FT9fa3k3OPO7GqHY9Uz164b9uTx7U3qMi4KoQcInq1iNBXYWUb-r-Dlc_gpDvTm0kINmgRXuyr5VkikVmZeH6bTSlkm4Ey6Hyos4ev9kJIzGj03tB9w0UIH","scope=footer&delta=2&language=en&theme=usagov&include=eJx1jUEOwzAIBD8Ux09CBFPXrQMR4FT9fa3k3OPO7GqHY9Uz164b9uTx7U3qMi4KoQcInq1iNBXYWUb-r-Dlc_gpDvTm0kINmgRXuyr5VkikVmZeH6bTSlkm4Ey6Hyos4ev9kJIzGj03tB9w0UIH"
"./html/agencies/federal-student-aid-information-center/index.html","js","/themes/custom/usagov/scripts/modifyMobileNav.js","-","-","-","-","-",""
"./html/agencies/federal-trade-commission/index.html","css","/sites/default/files/css/css__7_lnIX5SUimudYZT0iqhhe0r5Ev1QE4En7-BEPHMeY.css","-","-","en","usagov","eJwdykEOwCAIBMAP2fIkg5EQEtDDqo2_b-tlToONIUGFIWmCtS9S74X9wthuTdMyeUDHO3qdfmLmGtbynwQUXy0vYCIdnw","delta=0&language=en&theme=usagov&include=eJwdykEOwCAIBMAP2fIkg5EQEtDDqo2_b-tlToONIUGFIWmCtS9S74X9wthuTdMyeUDHO3qdfmLmGtbynwQUXy0vYCIdnw"
"./html/agencies/federal-trade-commission/index.html","css","/sites/default/files/css/css_h8MbvwzFoPHon25psxDvs_qWZKIaWznJGeScqw5abGU.css","-","1","en","usagov","eJwdykEOwCAIBMAP2fIkg5EQEtDDqo2_b-tlToONIUGFIWmCtS9S74X9wthuTdMyeUDHO3qdfmLmGtbynwQUXy0vYCIdnw","delta=1&language=en&theme=usagov&include=eJwdykEOwCAIBMAP2fIkg5EQEtDDqo2_b-tlToONIUGFIWmCtS9S74X9wthuTdMyeUDHO3qdfmLmGtbynwQUXy0vYCIdnw"
"./html/agencies/federal-trade-commission/index.html","js","/themes/custom/usagov/scripts/newFooter.js","-","-","-","-","-",""
"./html/agencies/federal-trade-commission/index.html","js","/sites/default/files/js/js_sJY3bzJs3jirGGaSNreFUENeOZtDcSGccrkIaQj9Xmc.js","footer","-","en","usagov","eJx1jUEOwzAIBD8Ux09CBFPXrQMR4FT9fa3k3OPO7GqHY9Uz164b9uTx7U3qMi4KoQcInq1iNBXYWUb-r-Dlc_gpDvTm0kINmgRXuyr5VkikVmZeH6bTSlkm4Ey6Hyos4ev9kJIzGj03tB9w0UIH","scope=footer&delta=0&language=en&theme=usagov&include=eJx1jUEOwzAIBD8Ux09CBFPXrQMR4FT9fa3k3OPO7GqHY9Uz164b9uTx7U3qMi4KoQcInq1iNBXYWUb-r-Dlc_gpDvTm0kINmgRXuyr5VkikVmZeH6bTSlkm4Ey6Hyos4ev9kJIzGj03tB9w0UIH"
"./html/agencies/federal-trade-commission/index.html","js","/modules/contrib/uswds_ckeditor_integration/js/aftermarket/uswds_accordion.js","-","-","-","-","-","sqrdwl"
"./html/agencies/federal-trade-commission/index.html","js","/sites/default/files/js/js_JxNk0XijPRI5QYwn5XlgSWW1Bx0YJQ3HYOHPIZ4Crx4.js","footer","2","en","usagov","eJx1jUEOwzAIBD8Ux09CBFPXrQMR4FT9fa3k3OPO7GqHY9Uz164b9uTx7U3qMi4KoQcInq1iNBXYWUb-r-Dlc_gpDvTm0kINmgRXuyr5VkikVmZeH6bTSlkm4Ey6Hyos4ev9kJIzGj03tB9w0UIH","scope=footer&delta=2&language=en&theme=usagov&include=eJx1jUEOwzAIBD8Ux09CBFPXrQMR4FT9fa3k3OPO7GqHY9Uz164b9uTx7U3qMi4KoQcInq1iNBXYWUb-r-Dlc_gpDvTm0kINmgRXuyr5VkikVmZeH6bTSlkm4Ey6Hyos4ev9kJIzGj03tB9w0UIH"
"./html/agencies/federal-trade-commission/index.html","js","/themes/custom/usagov/scripts/modifyMobileNav.js","-","-","-","-","-",""
"./html/agencies/federal-transit-administration/index.html","css","/sites/default/files/css/css__7_lnIX5SUimudYZT0iqhhe0r5Ev1QE4En7-BEPHMeY.css","-","-","en","usagov","eJwdykEOwCAIBMAP2fIkg5EQEtDDqo2_b-tlToONIUGFIWmCtS9S74X9wthuTdMyeUDHO3qdfmLmGtbynwQUXy0vYCIdnw","delta=0&language=en&theme=usagov&include=eJwdykEOwCAIBMAP2fIkg5EQEtDDqo2_b-tlToONIUGFIWmCtS9S74X9wthuTdMyeUDHO3qdfmLmGtbynwQUXy0vYCIdnw"
"./html/agencies/federal-transit-administration/index.html","css","/sites/default/files/css/css_h8MbvwzFoPHon25psxDvs_qWZKIaWznJGeScqw5abGU.css","-","1","en","usagov","eJwdykEOwCAIBMAP2fIkg5EQEtDDqo2_b-tlToONIUGFIWmCtS9S74X9wthuTdMyeUDHO3qdfmLmGtbynwQUXy0vYCIdnw","delta=1&language=en&theme=usagov&include=eJwdykEOwCAIBMAP2fIkg5EQEtDDqo2_b-tlToONIUGFIWmCtS9S74X9wthuTdMyeUDHO3qdfmLmGtbynwQUXy0vYCIdnw"
"./html/agencies/federal-transit-administration/index.html","js","/themes/custom/usagov/scripts/newFooter.js","-","-","-","-","-",""
"./html/agencies/federal-transit-administration/index.html","js","/sites/default/files/js/js_sJY3bzJs3jirGGaSNreFUENeOZtDcSGccrkIaQj9Xmc.js","footer","-","en","usagov","eJx1jUEOwzAIBD8Ux09CBFPXrQMR4FT9fa3k3OPO7GqHY9Uz164b9uTx7U3qMi4KoQcInq1iNBXYWUb-r-Dlc_gpDvTm0kINmgRXuyr5VkikVmZeH6bTSlkm4Ey6Hyos4ev9kJIzGj03tB9w0UIH","scope=footer&delta=0&language=en&theme=usagov&include=eJx1jUEOwzAIBD8Ux09CBFPXrQMR4FT9fa3k3OPO7GqHY9Uz164b9uTx7U3qMi4KoQcInq1iNBXYWUb-r-Dlc_gpDvTm0kINmgRXuyr5VkikVmZeH6bTSlkm4Ey6Hyos4ev9kJIzGj03tB9w0UIH"
"./html/agencies/federal-transit-administration/index.html","js","/modules/contrib/uswds_ckeditor_integration/js/aftermarket/uswds_accordion.js","-","-","-","-","-","sqrdwl"
"./html/agencies/federal-transit-administration/index.html","js","/sites/default/files/js/js_JxNk0XijPRI5QYwn5XlgSWW1Bx0YJQ3HYOHPIZ4Crx4.js","footer","2","en","usagov","eJx1jUEOwzAIBD8Ux09CBFPXrQMR4FT9fa3k3OPO7GqHY9Uz164b9uTx7U3qMi4KoQcInq1iNBXYWUb-r-Dlc_gpDvTm0kINmgRXuyr5VkikVmZeH6bTSlkm4Ey6Hyos4ev9kJIzGj03tB9w0UIH","scope=footer&delta=2&language=en&theme=usagov&include=eJx1jUEOwzAIBD8Ux09CBFPXrQMR4FT9fa3k3OPO7GqHY9Uz164b9uTx7U3qMi4KoQcInq1iNBXYWUb-r-Dlc_gpDvTm0kINmgRXuyr5VkikVmZeH6bTSlkm4Ey6Hyos4ev9kJIzGj03tB9w0UIH"
"./html/agencies/federal-transit-administration/index.html","js","/themes/custom/usagov/scripts/modifyMobileNav.js","-","-","-","-","-",""
"./html/agencies/federal-voting-assistance-program/index.html","css","/sites/default/files/css/css__7_lnIX5SUimudYZT0iqhhe0r5Ev1QE4En7-BEPHMeY.css","-","-","en","usagov","eJwdykEOwCAIBMAP2fIkg5EQEtDDqo2_b-tlToONIUGFIWmCtS9S74X9wthuTdMyeUDHO3qdfmLmGtbynwQUXy0vYCIdnw","delta=0&language=en&theme=usagov&include=eJwdykEOwCAIBMAP2fIkg5EQEtDDqo2_b-tlToONIUGFIWmCtS9S74X9wthuTdMyeUDHO3qdfmLmGtbynwQUXy0vYCIdnw"
"./html/agencies/federal-voting-assistance-program/index.html","css","/sites/default/files/css/css_h8MbvwzFoPHon25psxDvs_qWZKIaWznJGeScqw5abGU.css","-","1","en","usagov","eJwdykEOwCAIBMAP2fIkg5EQEtDDqo2_b-tlToONIUGFIWmCtS9S74X9wthuTdMyeUDHO3qdfmLmGtbynwQUXy0vYCIdnw","delta=1&language=en&theme=usagov&include=eJwdykEOwCAIBMAP2fIkg5EQEtDDqo2_b-tlToONIUGFIWmCtS9S74X9wthuTdMyeUDHO3qdfmLmGtbynwQUXy0vYCIdnw"
"./html/agencies/federal-voting-assistance-program/index.html","js","/themes/custom/usagov/scripts/newFooter.js","-","-","-","-","-",""
"./html/agencies/federal-voting-assistance-program/index.html","js","/sites/default/files/js/js_sJY3bzJs3jirGGaSNreFUENeOZtDcSGccrkIaQj9Xmc.js","footer","-","en","usagov","eJx1jUEOwzAIBD8Ux09CBFPXrQMR4FT9fa3k3OPO7GqHY9Uz164b9uTx7U3qMi4KoQcInq1iNBXYWUb-r-Dlc_gpDvTm0kINmgRXuyr5VkikVmZeH6bTSlkm4Ey6Hyos4ev9kJIzGj03tB9w0UIH","scope=footer&delta=0&language=en&theme=usagov&include=eJx1jUEOwzAIBD8Ux09CBFPXrQMR4FT9fa3k3OPO7GqHY9Uz164b9uTx7U3qMi4KoQcInq1iNBXYWUb-r-Dlc_gpDvTm0kINmgRXuyr5VkikVmZeH6bTSlkm4Ey6Hyos4ev9kJIzGj03tB9w0UIH"
"./html/agencies/federal-voting-assistance-program/index.html","js","/modules/contrib/uswds_ckeditor_integration/js/aftermarket/uswds_accordion.js","-","-","-","-","-","sqrdwl"
"./html/agencies/federal-voting-assistance-program/index.html","js","/sites/default/files/js/js_JxNk0XijPRI5QYwn5XlgSWW1Bx0YJQ3HYOHPIZ4Crx4.js","footer","2","en","usagov","eJx1jUEOwzAIBD8Ux09CBFPXrQMR4FT9fa3k3OPO7GqHY9Uz164b9uTx7U3qMi4KoQcInq1iNBXYWUb-r-Dlc_gpDvTm0kINmgRXuyr5VkikVmZeH6bTSlkm4Ey6Hyos4ev9kJIzGj03tB9w0UIH","scope=footer&delta=2&language=en&theme=usagov&include=eJx1jUEOwzAIBD8Ux09CBFPXrQMR4FT9fa3k3OPO7GqHY9Uz164b9uTx7U3qMi4KoQcInq1iNBXYWUb-r-Dlc_gpDvTm0kINmgRXuyr5VkikVmZeH6bTSlkm4Ey6Hyos4ev9kJIzGj03tB9w0UIH"
"./html/agencies/federal-voting-assistance-program/index.html","js","/themes/custom/usagov/scripts/modifyMobileNav.js","-","-","-","-","-",""
"./html/agencies/fish-and-wildlife-service/index.html","css","/sites/default/files/css/css__7_lnIX5SUimudYZT0iqhhe0r5Ev1QE4En7-BEPHMeY.css","-","-","en","usagov","eJwdykEOwCAIBMAP2fIkg5EQEtDDqo2_b-tlToONIUGFIWmCtS9S74X9wthuTdMyeUDHO3qdfmLmGtbynwQUXy0vYCIdnw","delta=0&language=en&theme=usagov&include=eJwdykEOwCAIBMAP2fIkg5EQEtDDqo2_b-tlToONIUGFIWmCtS9S74X9wthuTdMyeUDHO3qdfmLmGtbynwQUXy0vYCIdnw"
"./html/agencies/fish-and-wildlife-service/index.html","css","/sites/default/files/css/css_h8MbvwzFoPHon25psxDvs_qWZKIaWznJGeScqw5abGU.css","-","1","en","usagov","eJwdykEOwCAIBMAP2fIkg5EQEtDDqo2_b-tlToONIUGFIWmCtS9S74X9wthuTdMyeUDHO3qdfmLmGtbynwQUXy0vYCIdnw","delta=1&language=en&theme=usagov&include=eJwdykEOwCAIBMAP2fIkg5EQEtDDqo2_b-tlToONIUGFIWmCtS9S74X9wthuTdMyeUDHO3qdfmLmGtbynwQUXy0vYCIdnw"
"./html/agencies/fish-and-wildlife-service/index.html","js","/themes/custom/usagov/scripts/newFooter.js","-","-","-","-","-",""
"./html/agencies/fish-and-wildlife-service/index.html","js","/sites/default/files/js/js_sJY3bzJs3jirGGaSNreFUENeOZtDcSGccrkIaQj9Xmc.js","footer","-","en","usagov","eJx1jUEOwzAIBD8Ux09CBFPXrQMR4FT9fa3k3OPO7GqHY9Uz164b9uTx7U3qMi4KoQcInq1iNBXYWUb-r-Dlc_gpDvTm0kINmgRXuyr5VkikVmZeH6bTSlkm4Ey6Hyos4ev9kJIzGj03tB9w0UIH","scope=footer&delta=0&language=en&theme=usagov&include=eJx1jUEOwzAIBD8Ux09CBFPXrQMR4FT9fa3k3OPO7GqHY9Uz164b9uTx7U3qMi4KoQcInq1iNBXYWUb-r-Dlc_gpDvTm0kINmgRXuyr5VkikVmZeH6bTSlkm4Ey6Hyos4ev9kJIzGj03tB9w0UIH"
"./html/agencies/fish-and-wildlife-service/index.html","js","/modules/contrib/uswds_ckeditor_integration/js/aftermarket/uswds_accordion.js","-","-","-","-","-","sqrdwl"
"./html/agencies/fish-and-wildlife-service/index.html","js","/sites/default/files/js/js_JxNk0XijPRI5QYwn5XlgSWW1Bx0YJQ3HYOHPIZ4Crx4.js","footer","2","en","usagov","eJx1jUEOwzAIBD8Ux09CBFPXrQMR4FT9fa3k3OPO7GqHY9Uz164b9uTx7U3qMi4KoQcInq1iNBXYWUb-r-Dlc_gpDvTm0kINmgRXuyr5VkikVmZeH6bTSlkm4Ey6Hyos4ev9kJIzGj03tB9w0UIH","scope=footer&delta=2&language=en&theme=usagov&include=eJx1jUEOwzAIBD8Ux09CBFPXrQMR4FT9fa3k3OPO7GqHY9Uz164b9uTx7U3qMi4KoQcInq1iNBXYWUb-r-Dlc_gpDvTm0kINmgRXuyr5VkikVmZeH6bTSlkm4Ey6Hyos4ev9kJIzGj03tB9w0UIH"
"./html/agencies/fish-and-wildlife-service/index.html","js","/themes/custom/usagov/scripts/modifyMobileNav.js","-","-","-","-","-",""
"./html/agencies/food-and-drug-administration/index.html","css","/sites/default/files/css/css__7_lnIX5SUimudYZT0iqhhe0r5Ev1QE4En7-BEPHMeY.css","-","-","en","usagov","eJwdykEOwCAIBMAP2fIkg5EQEtDDqo2_b-tlToONIUGFIWmCtS9S74X9wthuTdMyeUDHO3qdfmLmGtbynwQUXy0vYCIdnw","delta=0&language=en&theme=usagov&include=eJwdykEOwCAIBMAP2fIkg5EQEtDDqo2_b-tlToONIUGFIWmCtS9S74X9wthuTdMyeUDHO3qdfmLmGtbynwQUXy0vYCIdnw"
"./html/agencies/food-and-drug-administration/index.html","css","/sites/default/files/css/css_h8MbvwzFoPHon25psxDvs_qWZKIaWznJGeScqw5abGU.css","-","1","en","usagov","eJwdykEOwCAIBMAP2fIkg5EQEtDDqo2_b-tlToONIUGFIWmCtS9S74X9wthuTdMyeUDHO3qdfmLmGtbynwQUXy0vYCIdnw","delta=1&language=en&theme=usagov&include=eJwdykEOwCAIBMAP2fIkg5EQEtDDqo2_b-tlToONIUGFIWmCtS9S74X9wthuTdMyeUDHO3qdfmLmGtbynwQUXy0vYCIdnw"
"./html/agencies/food-and-drug-administration/index.html","js","/themes/custom/usagov/scripts/newFooter.js","-","-","-","-","-",""
"./html/agencies/food-and-drug-administration/index.html","js","/sites/default/files/js/js_sJY3bzJs3jirGGaSNreFUENeOZtDcSGccrkIaQj9Xmc.js","footer","-","en","usagov","eJx1jUEOwzAIBD8Ux09CBFPXrQMR4FT9fa3k3OPO7GqHY9Uz164b9uTx7U3qMi4KoQcInq1iNBXYWUb-r-Dlc_gpDvTm0kINmgRXuyr5VkikVmZeH6bTSlkm4Ey6Hyos4ev9kJIzGj03tB9w0UIH","scope=footer&delta=0&language=en&theme=usagov&include=eJx1jUEOwzAIBD8Ux09CBFPXrQMR4FT9fa3k3OPO7GqHY9Uz164b9uTx7U3qMi4KoQcInq1iNBXYWUb-r-Dlc_gpDvTm0kINmgRXuyr5VkikVmZeH6bTSlkm4Ey6Hyos4ev9kJIzGj03tB9w0UIH"
"./html/agencies/food-and-drug-administration/index.html","js","/modules/contrib/uswds_ckeditor_integration/js/aftermarket/uswds_accordion.js","-","-","-","-","-","sqrdwl"
"./html/agencies/food-and-drug-administration/index.html","js","/sites/default/files/js/js_JxNk0XijPRI5QYwn5XlgSWW1Bx0YJQ3HYOHPIZ4Crx4.js","footer","2","en","usagov","eJx1jUEOwzAIBD8Ux09CBFPXrQMR4FT9fa3k3OPO7GqHY9Uz164b9uTx7U3qMi4KoQcInq1iNBXYWUb-r-Dlc_gpDvTm0kINmgRXuyr5VkikVmZeH6bTSlkm4Ey6Hyos4ev9kJIzGj03tB9w0UIH","scope=footer&delta=2&language=en&theme=usagov&include=eJx1jUEOwzAIBD8Ux09CBFPXrQMR4FT9fa3k3OPO7GqHY9Uz164b9uTx7U3qMi4KoQcInq1iNBXYWUb-r-Dlc_gpDvTm0kINmgRXuyr5VkikVmZeH6bTSlkm4Ey6Hyos4ev9kJIzGj03tB9w0UIH"
"./html/agencies/food-and-drug-administration/index.html","js","/themes/custom/usagov/scripts/modifyMobileNav.js","-","-","-","-","-",""
"./html/agencies/food-and-nutrition-service/index.html","css","/sites/default/files/css/css__7_lnIX5SUimudYZT0iqhhe0r5Ev1QE4En7-BEPHMeY.css","-","-","en","usagov","eJwdykEOwCAIBMAP2fIkg5EQEtDDqo2_b-tlToONIUGFIWmCtS9S74X9wthuTdMyeUDHO3qdfmLmGtbynwQUXy0vYCIdnw","delta=0&language=en&theme=usagov&include=eJwdykEOwCAIBMAP2fIkg5EQEtDDqo2_b-tlToONIUGFIWmCtS9S74X9wthuTdMyeUDHO3qdfmLmGtbynwQUXy0vYCIdnw"
"./html/agencies/food-and-nutrition-service/index.html","css","/sites/default/files/css/css_h8MbvwzFoPHon25psxDvs_qWZKIaWznJGeScqw5abGU.css","-","1","en","usagov","eJwdykEOwCAIBMAP2fIkg5EQEtDDqo2_b-tlToONIUGFIWmCtS9S74X9wthuTdMyeUDHO3qdfmLmGtbynwQUXy0vYCIdnw","delta=1&language=en&theme=usagov&include=eJwdykEOwCAIBMAP2fIkg5EQEtDDqo2_b-tlToONIUGFIWmCtS9S74X9wthuTdMyeUDHO3qdfmLmGtbynwQUXy0vYCIdnw"
"./html/agencies/food-and-nutrition-service/index.html","js","/themes/custom/usagov/scripts/newFooter.js","-","-","-","-","-",""
"./html/agencies/food-and-nutrition-service/index.html","js","/sites/default/files/js/js_sJY3bzJs3jirGGaSNreFUENeOZtDcSGccrkIaQj9Xmc.js","footer","-","en","usagov","eJx1jUEOwzAIBD8Ux09CBFPXrQMR4FT9fa3k3OPO7GqHY9Uz164b9uTx7U3qMi4KoQcInq1iNBXYWUb-r-Dlc_gpDvTm0kINmgRXuyr5VkikVmZeH6bTSlkm4Ey6Hyos4ev9kJIzGj03tB9w0UIH","scope=footer&delta=0&language=en&theme=usagov&include=eJx1jUEOwzAIBD8Ux09CBFPXrQMR4FT9fa3k3OPO7GqHY9Uz164b9uTx7U3qMi4KoQcInq1iNBXYWUb-r-Dlc_gpDvTm0kINmgRXuyr5VkikVmZeH6bTSlkm4Ey6Hyos4ev9kJIzGj03tB9w0UIH"
"./html/agencies/food-and-nutrition-service/index.html","js","/modules/contrib/uswds_ckeditor_integration/js/aftermarket/uswds_accordion.js","-","-","-","-","-","sqrdwl"
"./html/agencies/food-and-nutrition-service/index.html","js","/sites/default/files/js/js_JxNk0XijPRI5QYwn5XlgSWW1Bx0YJQ3HYOHPIZ4Crx4.js","footer","2","en","usagov","eJx1jUEOwzAIBD8Ux09CBFPXrQMR4FT9fa3k3OPO7GqHY9Uz164b9uTx7U3qMi4KoQcInq1iNBXYWUb-r-Dlc_gpDvTm0kINmgRXuyr5VkikVmZeH6bTSlkm4Ey6Hyos4ev9kJIzGj03tB9w0UIH","scope=footer&delta=2&language=en&theme=usagov&include=eJx1jUEOwzAIBD8Ux09CBFPXrQMR4FT9fa3k3OPO7GqHY9Uz164b9uTx7U3qMi4KoQcInq1iNBXYWUb-r-Dlc_gpDvTm0kINmgRXuyr5VkikVmZeH6bTSlkm4Ey6Hyos4ev9kJIzGj03tB9w0UIH"
"./html/agencies/food-and-nutrition-service/index.html","js","/themes/custom/usagov/scripts/modifyMobileNav.js","-","-","-","-","-",""
"./html/agencies/food-safety-and-inspection-service/index.html","css","/sites/default/files/css/css__7_lnIX5SUimudYZT0iqhhe0r5Ev1QE4En7-BEPHMeY.css","-","-","en","usagov","eJwdykEOwCAIBMAP2fIkg5EQEtDDqo2_b-tlToONIUGFIWmCtS9S74X9wthuTdMyeUDHO3qdfmLmGtbynwQUXy0vYCIdnw","delta=0&language=en&theme=usagov&include=eJwdykEOwCAIBMAP2fIkg5EQEtDDqo2_b-tlToONIUGFIWmCtS9S74X9wthuTdMyeUDHO3qdfmLmGtbynwQUXy0vYCIdnw"
"./html/agencies/food-safety-and-inspection-service/index.html","css","/sites/default/files/css/css_h8MbvwzFoPHon25psxDvs_qWZKIaWznJGeScqw5abGU.css","-","1","en","usagov","eJwdykEOwCAIBMAP2fIkg5EQEtDDqo2_b-tlToONIUGFIWmCtS9S74X9wthuTdMyeUDHO3qdfmLmGtbynwQUXy0vYCIdnw","delta=1&language=en&theme=usagov&include=eJwdykEOwCAIBMAP2fIkg5EQEtDDqo2_b-tlToONIUGFIWmCtS9S74X9wthuTdMyeUDHO3qdfmLmGtbynwQUXy0vYCIdnw"
"./html/agencies/food-safety-and-inspection-service/index.html","js","/themes/custom/usagov/scripts/newFooter.js","-","-","-","-","-",""
"./html/agencies/food-safety-and-inspection-service/index.html","js","/sites/default/files/js/js_sJY3bzJs3jirGGaSNreFUENeOZtDcSGccrkIaQj9Xmc.js","footer","-","en","usagov","eJx1jUEOwzAIBD8Ux09CBFPXrQMR4FT9fa3k3OPO7GqHY9Uz164b9uTx7U3qMi4KoQcInq1iNBXYWUb-r-Dlc_gpDvTm0kINmgRXuyr5VkikVmZeH6bTSlkm4Ey6Hyos4ev9kJIzGj03tB9w0UIH","scope=footer&delta=0&language=en&theme=usagov&include=eJx1jUEOwzAIBD8Ux09CBFPXrQMR4FT9fa3k3OPO7GqHY9Uz164b9uTx7U3qMi4KoQcInq1iNBXYWUb-r-Dlc_gpDvTm0kINmgRXuyr5VkikVmZeH6bTSlkm4Ey6Hyos4ev9kJIzGj03tB9w0UIH"
"./html/agencies/food-safety-and-inspection-service/index.html","js","/modules/contrib/uswds_ckeditor_integration/js/aftermarket/uswds_accordion.js","-","-","-","-","-","sqrdwl"
"./html/agencies/food-safety-and-inspection-service/index.html","js","/sites/default/files/js/js_JxNk0XijPRI5QYwn5XlgSWW1Bx0YJQ3HYOHPIZ4Crx4.js","footer","2","en","usagov","eJx1jUEOwzAIBD8Ux09CBFPXrQMR4FT9fa3k3OPO7GqHY9Uz164b9uTx7U3qMi4KoQcInq1iNBXYWUb-r-Dlc_gpDvTm0kINmgRXuyr5VkikVmZeH6bTSlkm4Ey6Hyos4ev9kJIzGj03tB9w0UIH","scope=footer&delta=2&language=en&theme=usagov&include=eJx1jUEOwzAIBD8Ux09CBFPXrQMR4FT9fa3k3OPO7GqHY9Uz164b9uTx7U3qMi4KoQcInq1iNBXYWUb-r-Dlc_gpDvTm0kINmgRXuyr5VkikVmZeH6bTSlkm4Ey6Hyos4ev9kJIzGj03tB9w0UIH"
"./html/agencies/food-safety-and-inspection-service/index.html","js","/themes/custom/usagov/scripts/modifyMobileNav.js","-","-","-","-","-",""
"./html/agencies/foreign-agricultural-service/index.html","css","/sites/default/files/css/css__7_lnIX5SUimudYZT0iqhhe0r5Ev1QE4En7-BEPHMeY.css","-","-","en","usagov","eJwdykEOwCAIBMAP2fIkg5EQEtDDqo2_b-tlToONIUGFIWmCtS9S74X9wthuTdMyeUDHO3qdfmLmGtbynwQUXy0vYCIdnw","delta=0&language=en&theme=usagov&include=eJwdykEOwCAIBMAP2fIkg5EQEtDDqo2_b-tlToONIUGFIWmCtS9S74X9wthuTdMyeUDHO3qdfmLmGtbynwQUXy0vYCIdnw"
"./html/agencies/foreign-agricultural-service/index.html","css","/sites/default/files/css/css_h8MbvwzFoPHon25psxDvs_qWZKIaWznJGeScqw5abGU.css","-","1","en","usagov","eJwdykEOwCAIBMAP2fIkg5EQEtDDqo2_b-tlToONIUGFIWmCtS9S74X9wthuTdMyeUDHO3qdfmLmGtbynwQUXy0vYCIdnw","delta=1&language=en&theme=usagov&include=eJwdykEOwCAIBMAP2fIkg5EQEtDDqo2_b-tlToONIUGFIWmCtS9S74X9wthuTdMyeUDHO3qdfmLmGtbynwQUXy0vYCIdnw"
"./html/agencies/foreign-agricultural-service/index.html","js","/themes/custom/usagov/scripts/newFooter.js","-","-","-","-","-",""
"./html/agencies/foreign-agricultural-service/index.html","js","/sites/default/files/js/js_sJY3bzJs3jirGGaSNreFUENeOZtDcSGccrkIaQj9Xmc.js","footer","-","en","usagov","eJx1jUEOwzAIBD8Ux09CBFPXrQMR4FT9fa3k3OPO7GqHY9Uz164b9uTx7U3qMi4KoQcInq1iNBXYWUb-r-Dlc_gpDvTm0kINmgRXuyr5VkikVmZeH6bTSlkm4Ey6Hyos4ev9kJIzGj03tB9w0UIH","scope=footer&delta=0&language=en&theme=usagov&include=eJx1jUEOwzAIBD8Ux09CBFPXrQMR4FT9fa3k3OPO7GqHY9Uz164b9uTx7U3qMi4KoQcInq1iNBXYWUb-r-Dlc_gpDvTm0kINmgRXuyr5VkikVmZeH6bTSlkm4Ey6Hyos4ev9kJIzGj03tB9w0UIH"
"./html/agencies/foreign-agricultural-service/index.html","js","/modules/contrib/uswds_ckeditor_integration/js/aftermarket/uswds_accordion.js","-","-","-","-","-","sqrdwl"
"./html/agencies/foreign-agricultural-service/index.html","js","/sites/default/files/js/js_JxNk0XijPRI5QYwn5XlgSWW1Bx0YJQ3HYOHPIZ4Crx4.js","footer","2","en","usagov","eJx1jUEOwzAIBD8Ux09CBFPXrQMR4FT9fa3k3OPO7GqHY9Uz164b9uTx7U3qMi4KoQcInq1iNBXYWUb-r-Dlc_gpDvTm0kINmgRXuyr5VkikVmZeH6bTSlkm4Ey6Hyos4ev9kJIzGj03tB9w0UIH","scope=footer&delta=2&language=en&theme=usagov&include=eJx1jUEOwzAIBD8Ux09CBFPXrQMR4FT9fa3k3OPO7GqHY9Uz164b9uTx7U3qMi4KoQcInq1iNBXYWUb-r-Dlc_gpDvTm0kINmgRXuyr5VkikVmZeH6bTSlkm4Ey6Hyos4ev9kJIzGj03tB9w0UIH"
"./html/agencies/foreign-agricultural-service/index.html","js","/themes/custom/usagov/scripts/modifyMobileNav.js","-","-","-","-","-",""
"./html/agencies/foreign-claims-settlement-commission/index.html","css","/sites/default/files/css/css__7_lnIX5SUimudYZT0iqhhe0r5Ev1QE4En7-BEPHMeY.css","-","-","en","usagov","eJwdykEOwCAIBMAP2fIkg5EQEtDDqo2_b-tlToONIUGFIWmCtS9S74X9wthuTdMyeUDHO3qdfmLmGtbynwQUXy0vYCIdnw","delta=0&language=en&theme=usagov&include=eJwdykEOwCAIBMAP2fIkg5EQEtDDqo2_b-tlToONIUGFIWmCtS9S74X9wthuTdMyeUDHO3qdfmLmGtbynwQUXy0vYCIdnw"
"./html/agencies/foreign-claims-settlement-commission/index.html","css","/sites/default/files/css/css_h8MbvwzFoPHon25psxDvs_qWZKIaWznJGeScqw5abGU.css","-","1","en","usagov","eJwdykEOwCAIBMAP2fIkg5EQEtDDqo2_b-tlToONIUGFIWmCtS9S74X9wthuTdMyeUDHO3qdfmLmGtbynwQUXy0vYCIdnw","delta=1&language=en&theme=usagov&include=eJwdykEOwCAIBMAP2fIkg5EQEtDDqo2_b-tlToONIUGFIWmCtS9S74X9wthuTdMyeUDHO3qdfmLmGtbynwQUXy0vYCIdnw"
"./html/agencies/foreign-claims-settlement-commission/index.html","js","/themes/custom/usagov/scripts/newFooter.js","-","-","-","-","-",""
"./html/agencies/foreign-claims-settlement-commission/index.html","js","/sites/default/files/js/js_sJY3bzJs3jirGGaSNreFUENeOZtDcSGccrkIaQj9Xmc.js","footer","-","en","usagov","eJx1jUEOwzAIBD8Ux09CBFPXrQMR4FT9fa3k3OPO7GqHY9Uz164b9uTx7U3qMi4KoQcInq1iNBXYWUb-r-Dlc_gpDvTm0kINmgRXuyr5VkikVmZeH6bTSlkm4Ey6Hyos4ev9kJIzGj03tB9w0UIH","scope=footer&delta=0&language=en&theme=usagov&include=eJx1jUEOwzAIBD8Ux09CBFPXrQMR4FT9fa3k3OPO7GqHY9Uz164b9uTx7U3qMi4KoQcInq1iNBXYWUb-r-Dlc_gpDvTm0kINmgRXuyr5VkikVmZeH6bTSlkm4Ey6Hyos4ev9kJIzGj03tB9w0UIH"
"./html/agencies/foreign-claims-settlement-commission/index.html","js","/modules/contrib/uswds_ckeditor_integration/js/aftermarket/uswds_accordion.js","-","-","-","-","-","sqrdwl"
"./html/agencies/foreign-claims-settlement-commission/index.html","js","/sites/default/files/js/js_JxNk0XijPRI5QYwn5XlgSWW1Bx0YJQ3HYOHPIZ4Crx4.js","footer","2","en","usagov","eJx1jUEOwzAIBD8Ux09CBFPXrQMR4FT9fa3k3OPO7GqHY9Uz164b9uTx7U3qMi4KoQcInq1iNBXYWUb-r-Dlc_gpDvTm0kINmgRXuyr5VkikVmZeH6bTSlkm4Ey6Hyos4ev9kJIzGj03tB9w0UIH","scope=footer&delta=2&language=en&theme=usagov&include=eJx1jUEOwzAIBD8Ux09CBFPXrQMR4FT9fa3k3OPO7GqHY9Uz164b9uTx7U3qMi4KoQcInq1iNBXYWUb-r-Dlc_gpDvTm0kINmgRXuyr5VkikVmZeH6bTSlkm4Ey6Hyos4ev9kJIzGj03tB9w0UIH"
"./html/agencies/foreign-claims-settlement-commission/index.html","js","/themes/custom/usagov/scripts/modifyMobileNav.js","-","-","-","-","-",""
"./html/agencies/forest-service/index.html","css","/sites/default/files/css/css__7_lnIX5SUimudYZT0iqhhe0r5Ev1QE4En7-BEPHMeY.css","-","-","en","usagov","eJwdykEOwCAIBMAP2fIkg5EQEtDDqo2_b-tlToONIUGFIWmCtS9S74X9wthuTdMyeUDHO3qdfmLmGtbynwQUXy0vYCIdnw","delta=0&language=en&theme=usagov&include=eJwdykEOwCAIBMAP2fIkg5EQEtDDqo2_b-tlToONIUGFIWmCtS9S74X9wthuTdMyeUDHO3qdfmLmGtbynwQUXy0vYCIdnw"
"./html/agencies/forest-service/index.html","css","/sites/default/files/css/css_h8MbvwzFoPHon25psxDvs_qWZKIaWznJGeScqw5abGU.css","-","1","en","usagov","eJwdykEOwCAIBMAP2fIkg5EQEtDDqo2_b-tlToONIUGFIWmCtS9S74X9wthuTdMyeUDHO3qdfmLmGtbynwQUXy0vYCIdnw","delta=1&language=en&theme=usagov&include=eJwdykEOwCAIBMAP2fIkg5EQEtDDqo2_b-tlToONIUGFIWmCtS9S74X9wthuTdMyeUDHO3qdfmLmGtbynwQUXy0vYCIdnw"
"./html/agencies/forest-service/index.html","js","/themes/custom/usagov/scripts/newFooter.js","-","-","-","-","-",""
"./html/agencies/forest-service/index.html","js","/sites/default/files/js/js_sJY3bzJs3jirGGaSNreFUENeOZtDcSGccrkIaQj9Xmc.js","footer","-","en","usagov","eJx1jUEOwzAIBD8Ux09CBFPXrQMR4FT9fa3k3OPO7GqHY9Uz164b9uTx7U3qMi4KoQcInq1iNBXYWUb-r-Dlc_gpDvTm0kINmgRXuyr5VkikVmZeH6bTSlkm4Ey6Hyos4ev9kJIzGj03tB9w0UIH","scope=footer&delta=0&language=en&theme=usagov&include=eJx1jUEOwzAIBD8Ux09CBFPXrQMR4FT9fa3k3OPO7GqHY9Uz164b9uTx7U3qMi4KoQcInq1iNBXYWUb-r-Dlc_gpDvTm0kINmgRXuyr5VkikVmZeH6bTSlkm4Ey6Hyos4ev9kJIzGj03tB9w0UIH"
"./html/agencies/forest-service/index.html","js","/modules/contrib/uswds_ckeditor_integration/js/aftermarket/uswds_accordion.js","-","-","-","-","-","sqrdwl"
"./html/agencies/forest-service/index.html","js","/sites/default/files/js/js_JxNk0XijPRI5QYwn5XlgSWW1Bx0YJQ3HYOHPIZ4Crx4.js","footer","2","en","usagov","eJx1jUEOwzAIBD8Ux09CBFPXrQMR4FT9fa3k3OPO7GqHY9Uz164b9uTx7U3qMi4KoQcInq1iNBXYWUb-r-Dlc_gpDvTm0kINmgRXuyr5VkikVmZeH6bTSlkm4Ey6Hyos4ev9kJIzGj03tB9w0UIH","scope=footer&delta=2&language=en&theme=usagov&include=eJx1jUEOwzAIBD8Ux09CBFPXrQMR4FT9fa3k3OPO7GqHY9Uz164b9uTx7U3qMi4KoQcInq1iNBXYWUb-r-Dlc_gpDvTm0kINmgRXuyr5VkikVmZeH6bTSlkm4Ey6Hyos4ev9kJIzGj03tB9w0UIH"
"./html/agencies/forest-service/index.html","js","/themes/custom/usagov/scripts/modifyMobileNav.js","-","-","-","-","-",""
"./html/agencies/freddie-mac/index.html","css","/sites/default/files/css/css__7_lnIX5SUimudYZT0iqhhe0r5Ev1QE4En7-BEPHMeY.css","-","-","en","usagov","eJwdykEOwCAIBMAP2fIkg5EQEtDDqo2_b-tlToONIUGFIWmCtS9S74X9wthuTdMyeUDHO3qdfmLmGtbynwQUXy0vYCIdnw","delta=0&language=en&theme=usagov&include=eJwdykEOwCAIBMAP2fIkg5EQEtDDqo2_b-tlToONIUGFIWmCtS9S74X9wthuTdMyeUDHO3qdfmLmGtbynwQUXy0vYCIdnw"
"./html/agencies/freddie-mac/index.html","css","/sites/default/files/css/css_h8MbvwzFoPHon25psxDvs_qWZKIaWznJGeScqw5abGU.css","-","1","en","usagov","eJwdykEOwCAIBMAP2fIkg5EQEtDDqo2_b-tlToONIUGFIWmCtS9S74X9wthuTdMyeUDHO3qdfmLmGtbynwQUXy0vYCIdnw","delta=1&language=en&theme=usagov&include=eJwdykEOwCAIBMAP2fIkg5EQEtDDqo2_b-tlToONIUGFIWmCtS9S74X9wthuTdMyeUDHO3qdfmLmGtbynwQUXy0vYCIdnw"
"./html/agencies/freddie-mac/index.html","js","/themes/custom/usagov/scripts/newFooter.js","-","-","-","-","-",""
"./html/agencies/freddie-mac/index.html","js","/sites/default/files/js/js_sJY3bzJs3jirGGaSNreFUENeOZtDcSGccrkIaQj9Xmc.js","footer","-","en","usagov","eJx1jUEOwzAIBD8Ux09CBFPXrQMR4FT9fa3k3OPO7GqHY9Uz164b9uTx7U3qMi4KoQcInq1iNBXYWUb-r-Dlc_gpDvTm0kINmgRXuyr5VkikVmZeH6bTSlkm4Ey6Hyos4ev9kJIzGj03tB9w0UIH","scope=footer&delta=0&language=en&theme=usagov&include=eJx1jUEOwzAIBD8Ux09CBFPXrQMR4FT9fa3k3OPO7GqHY9Uz164b9uTx7U3qMi4KoQcInq1iNBXYWUb-r-Dlc_gpDvTm0kINmgRXuyr5VkikVmZeH6bTSlkm4Ey6Hyos4ev9kJIzGj03tB9w0UIH"
"./html/agencies/freddie-mac/index.html","js","/modules/contrib/uswds_ckeditor_integration/js/aftermarket/uswds_accordion.js","-","-","-","-","-","sqrdwl"
"./html/agencies/freddie-mac/index.html","js","/sites/default/files/js/js_JxNk0XijPRI5QYwn5XlgSWW1Bx0YJQ3HYOHPIZ4Crx4.js","footer","2","en","usagov","eJx1jUEOwzAIBD8Ux09CBFPXrQMR4FT9fa3k3OPO7GqHY9Uz164b9uTx7U3qMi4KoQcInq1iNBXYWUb-r-Dlc_gpDvTm0kINmgRXuyr5VkikVmZeH6bTSlkm4Ey6Hyos4ev9kJIzGj03tB9w0UIH","scope=footer&delta=2&language=en&theme=usagov&include=eJx1jUEOwzAIBD8Ux09CBFPXrQMR4FT9fa3k3OPO7GqHY9Uz164b9uTx7U3qMi4KoQcInq1iNBXYWUb-r-Dlc_gpDvTm0kINmgRXuyr5VkikVmZeH6bTSlkm4Ey6Hyos4ev9kJIzGj03tB9w0UIH"
"./html/agencies/freddie-mac/index.html","js","/themes/custom/usagov/scripts/modifyMobileNav.js","-","-","-","-","-",""
"./html/agencies/fulbright-program/index.html","css","/sites/default/files/css/css__7_lnIX5SUimudYZT0iqhhe0r5Ev1QE4En7-BEPHMeY.css","-","-","en","usagov","eJwdykEOwCAIBMAP2fIkg5EQEtDDqo2_b-tlToONIUGFIWmCtS9S74X9wthuTdMyeUDHO3qdfmLmGtbynwQUXy0vYCIdnw","delta=0&language=en&theme=usagov&include=eJwdykEOwCAIBMAP2fIkg5EQEtDDqo2_b-tlToONIUGFIWmCtS9S74X9wthuTdMyeUDHO3qdfmLmGtbynwQUXy0vYCIdnw"
"./html/agencies/fulbright-program/index.html","css","/sites/default/files/css/css_h8MbvwzFoPHon25psxDvs_qWZKIaWznJGeScqw5abGU.css","-","1","en","usagov","eJwdykEOwCAIBMAP2fIkg5EQEtDDqo2_b-tlToONIUGFIWmCtS9S74X9wthuTdMyeUDHO3qdfmLmGtbynwQUXy0vYCIdnw","delta=1&language=en&theme=usagov&include=eJwdykEOwCAIBMAP2fIkg5EQEtDDqo2_b-tlToONIUGFIWmCtS9S74X9wthuTdMyeUDHO3qdfmLmGtbynwQUXy0vYCIdnw"
"./html/agencies/fulbright-program/index.html","js","/themes/custom/usagov/scripts/newFooter.js","-","-","-","-","-",""
"./html/agencies/fulbright-program/index.html","js","/sites/default/files/js/js_sJY3bzJs3jirGGaSNreFUENeOZtDcSGccrkIaQj9Xmc.js","footer","-","en","usagov","eJx1jUEOwzAIBD8Ux09CBFPXrQMR4FT9fa3k3OPO7GqHY9Uz164b9uTx7U3qMi4KoQcInq1iNBXYWUb-r-Dlc_gpDvTm0kINmgRXuyr5VkikVmZeH6bTSlkm4Ey6Hyos4ev9kJIzGj03tB9w0UIH","scope=footer&delta=0&language=en&theme=usagov&include=eJx1jUEOwzAIBD8Ux09CBFPXrQMR4FT9fa3k3OPO7GqHY9Uz164b9uTx7U3qMi4KoQcInq1iNBXYWUb-r-Dlc_gpDvTm0kINmgRXuyr5VkikVmZeH6bTSlkm4Ey6Hyos4ev9kJIzGj03tB9w0UIH"
"./html/agencies/fulbright-program/index.html","js","/modules/contrib/uswds_ckeditor_integration/js/aftermarket/uswds_accordion.js","-","-","-","-","-","sqrdwl"
"./html/agencies/fulbright-program/index.html","js","/sites/default/files/js/js_JxNk0XijPRI5QYwn5XlgSWW1Bx0YJQ3HYOHPIZ4Crx4.js","footer","2","en","usagov","eJx1jUEOwzAIBD8Ux09CBFPXrQMR4FT9fa3k3OPO7GqHY9Uz164b9uTx7U3qMi4KoQcInq1iNBXYWUb-r-Dlc_gpDvTm0kINmgRXuyr5VkikVmZeH6bTSlkm4Ey6Hyos4ev9kJIzGj03tB9w0UIH","scope=footer&delta=2&language=en&theme=usagov&include=eJx1jUEOwzAIBD8Ux09CBFPXrQMR4FT9fa3k3OPO7GqHY9Uz164b9uTx7U3qMi4KoQcInq1iNBXYWUb-r-Dlc_gpDvTm0kINmgRXuyr5VkikVmZeH6bTSlkm4Ey6Hyos4ev9kJIzGj03tB9w0UIH"
"./html/agencies/fulbright-program/index.html","js","/themes/custom/usagov/scripts/modifyMobileNav.js","-","-","-","-","-",""
"./html/agencies/general-services-administration/index.html","css","/sites/default/files/css/css__7_lnIX5SUimudYZT0iqhhe0r5Ev1QE4En7-BEPHMeY.css","-","-","en","usagov","eJwdykEOwCAIBMAP2fIkg5EQEtDDqo2_b-tlToONIUGFIWmCtS9S74X9wthuTdMyeUDHO3qdfmLmGtbynwQUXy0vYCIdnw","delta=0&language=en&theme=usagov&include=eJwdykEOwCAIBMAP2fIkg5EQEtDDqo2_b-tlToONIUGFIWmCtS9S74X9wthuTdMyeUDHO3qdfmLmGtbynwQUXy0vYCIdnw"
"./html/agencies/general-services-administration/index.html","css","/sites/default/files/css/css_h8MbvwzFoPHon25psxDvs_qWZKIaWznJGeScqw5abGU.css","-","1","en","usagov","eJwdykEOwCAIBMAP2fIkg5EQEtDDqo2_b-tlToONIUGFIWmCtS9S74X9wthuTdMyeUDHO3qdfmLmGtbynwQUXy0vYCIdnw","delta=1&language=en&theme=usagov&include=eJwdykEOwCAIBMAP2fIkg5EQEtDDqo2_b-tlToONIUGFIWmCtS9S74X9wthuTdMyeUDHO3qdfmLmGtbynwQUXy0vYCIdnw"
"./html/agencies/general-services-administration/index.html","js","/themes/custom/usagov/scripts/newFooter.js","-","-","-","-","-",""
"./html/agencies/general-services-administration/index.html","js","/sites/default/files/js/js_sJY3bzJs3jirGGaSNreFUENeOZtDcSGccrkIaQj9Xmc.js","footer","-","en","usagov","eJx1jUEOwzAIBD8Ux09CBFPXrQMR4FT9fa3k3OPO7GqHY9Uz164b9uTx7U3qMi4KoQcInq1iNBXYWUb-r-Dlc_gpDvTm0kINmgRXuyr5VkikVmZeH6bTSlkm4Ey6Hyos4ev9kJIzGj03tB9w0UIH","scope=footer&delta=0&language=en&theme=usagov&include=eJx1jUEOwzAIBD8Ux09CBFPXrQMR4FT9fa3k3OPO7GqHY9Uz164b9uTx7U3qMi4KoQcInq1iNBXYWUb-r-Dlc_gpDvTm0kINmgRXuyr5VkikVmZeH6bTSlkm4Ey6Hyos4ev9kJIzGj03tB9w0UIH"
"./html/agencies/general-services-administration/index.html","js","/modules/contrib/uswds_ckeditor_integration/js/aftermarket/uswds_accordion.js","-","-","-","-","-","sqrdwl"
"./html/agencies/general-services-administration/index.html","js","/sites/default/files/js/js_JxNk0XijPRI5QYwn5XlgSWW1Bx0YJQ3HYOHPIZ4Crx4.js","footer","2","en","usagov","eJx1jUEOwzAIBD8Ux09CBFPXrQMR4FT9fa3k3OPO7GqHY9Uz164b9uTx7U3qMi4KoQcInq1iNBXYWUb-r-Dlc_gpDvTm0kINmgRXuyr5VkikVmZeH6bTSlkm4Ey6Hyos4ev9kJIzGj03tB9w0UIH","scope=footer&delta=2&language=en&theme=usagov&include=eJx1jUEOwzAIBD8Ux09CBFPXrQMR4FT9fa3k3OPO7GqHY9Uz164b9uTx7U3qMi4KoQcInq1iNBXYWUb-r-Dlc_gpDvTm0kINmgRXuyr5VkikVmZeH6bTSlkm4Ey6Hyos4ev9kJIzGj03tB9w0UIH"
"./html/agencies/general-services-administration/index.html","js","/themes/custom/usagov/scripts/modifyMobileNav.js","-","-","-","-","-",""
"./html/agencies/ginnie-mae/index.html","css","/sites/default/files/css/css__7_lnIX5SUimudYZT0iqhhe0r5Ev1QE4En7-BEPHMeY.css","-","-","en","usagov","eJwdykEOwCAIBMAP2fIkg5EQEtDDqo2_b-tlToONIUGFIWmCtS9S74X9wthuTdMyeUDHO3qdfmLmGtbynwQUXy0vYCIdnw","delta=0&language=en&theme=usagov&include=eJwdykEOwCAIBMAP2fIkg5EQEtDDqo2_b-tlToONIUGFIWmCtS9S74X9wthuTdMyeUDHO3qdfmLmGtbynwQUXy0vYCIdnw"
"./html/agencies/ginnie-mae/index.html","css","/sites/default/files/css/css_h8MbvwzFoPHon25psxDvs_qWZKIaWznJGeScqw5abGU.css","-","1","en","usagov","eJwdykEOwCAIBMAP2fIkg5EQEtDDqo2_b-tlToONIUGFIWmCtS9S74X9wthuTdMyeUDHO3qdfmLmGtbynwQUXy0vYCIdnw","delta=1&language=en&theme=usagov&include=eJwdykEOwCAIBMAP2fIkg5EQEtDDqo2_b-tlToONIUGFIWmCtS9S74X9wthuTdMyeUDHO3qdfmLmGtbynwQUXy0vYCIdnw"
"./html/agencies/ginnie-mae/index.html","js","/themes/custom/usagov/scripts/newFooter.js","-","-","-","-","-",""
"./html/agencies/ginnie-mae/index.html","js","/sites/default/files/js/js_sJY3bzJs3jirGGaSNreFUENeOZtDcSGccrkIaQj9Xmc.js","footer","-","en","usagov","eJx1jUEOwzAIBD8Ux09CBFPXrQMR4FT9fa3k3OPO7GqHY9Uz164b9uTx7U3qMi4KoQcInq1iNBXYWUb-r-Dlc_gpDvTm0kINmgRXuyr5VkikVmZeH6bTSlkm4Ey6Hyos4ev9kJIzGj03tB9w0UIH","scope=footer&delta=0&language=en&theme=usagov&include=eJx1jUEOwzAIBD8Ux09CBFPXrQMR4FT9fa3k3OPO7GqHY9Uz164b9uTx7U3qMi4KoQcInq1iNBXYWUb-r-Dlc_gpDvTm0kINmgRXuyr5VkikVmZeH6bTSlkm4Ey6Hyos4ev9kJIzGj03tB9w0UIH"
"./html/agencies/ginnie-mae/index.html","js","/modules/contrib/uswds_ckeditor_integration/js/aftermarket/uswds_accordion.js","-","-","-","-","-","sqrdwl"
"./html/agencies/ginnie-mae/index.html","js","/sites/default/files/js/js_JxNk0XijPRI5QYwn5XlgSWW1Bx0YJQ3HYOHPIZ4Crx4.js","footer","2","en","usagov","eJx1jUEOwzAIBD8Ux09CBFPXrQMR4FT9fa3k3OPO7GqHY9Uz164b9uTx7U3qMi4KoQcInq1iNBXYWUb-r-Dlc_gpDvTm0kINmgRXuyr5VkikVmZeH6bTSlkm4Ey6Hyos4ev9kJIzGj03tB9w0UIH","scope=footer&delta=2&language=en&theme=usagov&include=eJx1jUEOwzAIBD8Ux09CBFPXrQMR4FT9fa3k3OPO7GqHY9Uz164b9uTx7U3qMi4KoQcInq1iNBXYWUb-r-Dlc_gpDvTm0kINmgRXuyr5VkikVmZeH6bTSlkm4Ey6Hyos4ev9kJIzGj03tB9w0UIH"
"./html/agencies/ginnie-mae/index.html","js","/themes/custom/usagov/scripts/modifyMobileNav.js","-","-","-","-","-",""
"./html/agencies/government-accountability-office/index.html","css","/sites/default/files/css/css__7_lnIX5SUimudYZT0iqhhe0r5Ev1QE4En7-BEPHMeY.css","-","-","en","usagov","eJwdykEOwCAIBMAP2fIkg5EQEtDDqo2_b-tlToONIUGFIWmCtS9S74X9wthuTdMyeUDHO3qdfmLmGtbynwQUXy0vYCIdnw","delta=0&language=en&theme=usagov&include=eJwdykEOwCAIBMAP2fIkg5EQEtDDqo2_b-tlToONIUGFIWmCtS9S74X9wthuTdMyeUDHO3qdfmLmGtbynwQUXy0vYCIdnw"
"./html/agencies/government-accountability-office/index.html","css","/sites/default/files/css/css_h8MbvwzFoPHon25psxDvs_qWZKIaWznJGeScqw5abGU.css","-","1","en","usagov","eJwdykEOwCAIBMAP2fIkg5EQEtDDqo2_b-tlToONIUGFIWmCtS9S74X9wthuTdMyeUDHO3qdfmLmGtbynwQUXy0vYCIdnw","delta=1&language=en&theme=usagov&include=eJwdykEOwCAIBMAP2fIkg5EQEtDDqo2_b-tlToONIUGFIWmCtS9S74X9wthuTdMyeUDHO3qdfmLmGtbynwQUXy0vYCIdnw"
"./html/agencies/government-accountability-office/index.html","js","/themes/custom/usagov/scripts/newFooter.js","-","-","-","-","-",""
"./html/agencies/government-accountability-office/index.html","js","/sites/default/files/js/js_sJY3bzJs3jirGGaSNreFUENeOZtDcSGccrkIaQj9Xmc.js","footer","-","en","usagov","eJx1jUEOwzAIBD8Ux09CBFPXrQMR4FT9fa3k3OPO7GqHY9Uz164b9uTx7U3qMi4KoQcInq1iNBXYWUb-r-Dlc_gpDvTm0kINmgRXuyr5VkikVmZeH6bTSlkm4Ey6Hyos4ev9kJIzGj03tB9w0UIH","scope=footer&delta=0&language=en&theme=usagov&include=eJx1jUEOwzAIBD8Ux09CBFPXrQMR4FT9fa3k3OPO7GqHY9Uz164b9uTx7U3qMi4KoQcInq1iNBXYWUb-r-Dlc_gpDvTm0kINmgRXuyr5VkikVmZeH6bTSlkm4Ey6Hyos4ev9kJIzGj03tB9w0UIH"
"./html/agencies/government-accountability-office/index.html","js","/modules/contrib/uswds_ckeditor_integration/js/aftermarket/uswds_accordion.js","-","-","-","-","-","sqrdwl"
"./html/agencies/government-accountability-office/index.html","js","/sites/default/files/js/js_JxNk0XijPRI5QYwn5XlgSWW1Bx0YJQ3HYOHPIZ4Crx4.js","footer","2","en","usagov","eJx1jUEOwzAIBD8Ux09CBFPXrQMR4FT9fa3k3OPO7GqHY9Uz164b9uTx7U3qMi4KoQcInq1iNBXYWUb-r-Dlc_gpDvTm0kINmgRXuyr5VkikVmZeH6bTSlkm4Ey6Hyos4ev9kJIzGj03tB9w0UIH","scope=footer&delta=2&language=en&theme=usagov&include=eJx1jUEOwzAIBD8Ux09CBFPXrQMR4FT9fa3k3OPO7GqHY9Uz164b9uTx7U3qMi4KoQcInq1iNBXYWUb-r-Dlc_gpDvTm0kINmgRXuyr5VkikVmZeH6bTSlkm4Ey6Hyos4ev9kJIzGj03tB9w0UIH"
"./html/agencies/government-accountability-office/index.html","js","/themes/custom/usagov/scripts/modifyMobileNav.js","-","-","-","-","-",""
"./html/agencies/government-publishing-office/index.html","css","/sites/default/files/css/css__7_lnIX5SUimudYZT0iqhhe0r5Ev1QE4En7-BEPHMeY.css","-","-","en","usagov","eJwdykEOwCAIBMAP2fIkg5EQEtDDqo2_b-tlToONIUGFIWmCtS9S74X9wthuTdMyeUDHO3qdfmLmGtbynwQUXy0vYCIdnw","delta=0&language=en&theme=usagov&include=eJwdykEOwCAIBMAP2fIkg5EQEtDDqo2_b-tlToONIUGFIWmCtS9S74X9wthuTdMyeUDHO3qdfmLmGtbynwQUXy0vYCIdnw"
"./html/agencies/government-publishing-office/index.html","css","/sites/default/files/css/css_h8MbvwzFoPHon25psxDvs_qWZKIaWznJGeScqw5abGU.css","-","1","en","usagov","eJwdykEOwCAIBMAP2fIkg5EQEtDDqo2_b-tlToONIUGFIWmCtS9S74X9wthuTdMyeUDHO3qdfmLmGtbynwQUXy0vYCIdnw","delta=1&language=en&theme=usagov&include=eJwdykEOwCAIBMAP2fIkg5EQEtDDqo2_b-tlToONIUGFIWmCtS9S74X9wthuTdMyeUDHO3qdfmLmGtbynwQUXy0vYCIdnw"
"./html/agencies/government-publishing-office/index.html","js","/themes/custom/usagov/scripts/newFooter.js","-","-","-","-","-",""
"./html/agencies/government-publishing-office/index.html","js","/sites/default/files/js/js_sJY3bzJs3jirGGaSNreFUENeOZtDcSGccrkIaQj9Xmc.js","footer","-","en","usagov","eJx1jUEOwzAIBD8Ux09CBFPXrQMR4FT9fa3k3OPO7GqHY9Uz164b9uTx7U3qMi4KoQcInq1iNBXYWUb-r-Dlc_gpDvTm0kINmgRXuyr5VkikVmZeH6bTSlkm4Ey6Hyos4ev9kJIzGj03tB9w0UIH","scope=footer&delta=0&language=en&theme=usagov&include=eJx1jUEOwzAIBD8Ux09CBFPXrQMR4FT9fa3k3OPO7GqHY9Uz164b9uTx7U3qMi4KoQcInq1iNBXYWUb-r-Dlc_gpDvTm0kINmgRXuyr5VkikVmZeH6bTSlkm4Ey6Hyos4ev9kJIzGj03tB9w0UIH"
"./html/agencies/government-publishing-office/index.html","js","/modules/contrib/uswds_ckeditor_integration/js/aftermarket/uswds_accordion.js","-","-","-","-","-","sqrdwl"
"./html/agencies/government-publishing-office/index.html","js","/sites/default/files/js/js_JxNk0XijPRI5QYwn5XlgSWW1Bx0YJQ3HYOHPIZ4Crx4.js","footer","2","en","usagov","eJx1jUEOwzAIBD8Ux09CBFPXrQMR4FT9fa3k3OPO7GqHY9Uz164b9uTx7U3qMi4KoQcInq1iNBXYWUb-r-Dlc_gpDvTm0kINmgRXuyr5VkikVmZeH6bTSlkm4Ey6Hyos4ev9kJIzGj03tB9w0UIH","scope=footer&delta=2&language=en&theme=usagov&include=eJx1jUEOwzAIBD8Ux09CBFPXrQMR4FT9fa3k3OPO7GqHY9Uz164b9uTx7U3qMi4KoQcInq1iNBXYWUb-r-Dlc_gpDvTm0kINmgRXuyr5VkikVmZeH6bTSlkm4Ey6Hyos4ev9kJIzGj03tB9w0UIH"
"./html/agencies/government-publishing-office/index.html","js","/themes/custom/usagov/scripts/modifyMobileNav.js","-","-","-","-","-",""
"./html/agencies/harry-s-truman-scholarship-foundation/index.html","css","/sites/default/files/css/css__7_lnIX5SUimudYZT0iqhhe0r5Ev1QE4En7-BEPHMeY.css","-","-","en","usagov","eJwdykEOwCAIBMAP2fIkg5EQEtDDqo2_b-tlToONIUGFIWmCtS9S74X9wthuTdMyeUDHO3qdfmLmGtbynwQUXy0vYCIdnw","delta=0&language=en&theme=usagov&include=eJwdykEOwCAIBMAP2fIkg5EQEtDDqo2_b-tlToONIUGFIWmCtS9S74X9wthuTdMyeUDHO3qdfmLmGtbynwQUXy0vYCIdnw"
"./html/agencies/harry-s-truman-scholarship-foundation/index.html","css","/sites/default/files/css/css_h8MbvwzFoPHon25psxDvs_qWZKIaWznJGeScqw5abGU.css","-","1","en","usagov","eJwdykEOwCAIBMAP2fIkg5EQEtDDqo2_b-tlToONIUGFIWmCtS9S74X9wthuTdMyeUDHO3qdfmLmGtbynwQUXy0vYCIdnw","delta=1&language=en&theme=usagov&include=eJwdykEOwCAIBMAP2fIkg5EQEtDDqo2_b-tlToONIUGFIWmCtS9S74X9wthuTdMyeUDHO3qdfmLmGtbynwQUXy0vYCIdnw"
"./html/agencies/harry-s-truman-scholarship-foundation/index.html","js","/themes/custom/usagov/scripts/newFooter.js","-","-","-","-","-",""
"./html/agencies/harry-s-truman-scholarship-foundation/index.html","js","/sites/default/files/js/js_sJY3bzJs3jirGGaSNreFUENeOZtDcSGccrkIaQj9Xmc.js","footer","-","en","usagov","eJx1jUEOwzAIBD8Ux09CBFPXrQMR4FT9fa3k3OPO7GqHY9Uz164b9uTx7U3qMi4KoQcInq1iNBXYWUb-r-Dlc_gpDvTm0kINmgRXuyr5VkikVmZeH6bTSlkm4Ey6Hyos4ev9kJIzGj03tB9w0UIH","scope=footer&delta=0&language=en&theme=usagov&include=eJx1jUEOwzAIBD8Ux09CBFPXrQMR4FT9fa3k3OPO7GqHY9Uz164b9uTx7U3qMi4KoQcInq1iNBXYWUb-r-Dlc_gpDvTm0kINmgRXuyr5VkikVmZeH6bTSlkm4Ey6Hyos4ev9kJIzGj03tB9w0UIH"
"./html/agencies/harry-s-truman-scholarship-foundation/index.html","js","/modules/contrib/uswds_ckeditor_integration/js/aftermarket/uswds_accordion.js","-","-","-","-","-","sqrdwl"
"./html/agencies/harry-s-truman-scholarship-foundation/index.html","js","/sites/default/files/js/js_JxNk0XijPRI5QYwn5XlgSWW1Bx0YJQ3HYOHPIZ4Crx4.js","footer","2","en","usagov","eJx1jUEOwzAIBD8Ux09CBFPXrQMR4FT9fa3k3OPO7GqHY9Uz164b9uTx7U3qMi4KoQcInq1iNBXYWUb-r-Dlc_gpDvTm0kINmgRXuyr5VkikVmZeH6bTSlkm4Ey6Hyos4ev9kJIzGj03tB9w0UIH","scope=footer&delta=2&language=en&theme=usagov&include=eJx1jUEOwzAIBD8Ux09CBFPXrQMR4FT9fa3k3OPO7GqHY9Uz164b9uTx7U3qMi4KoQcInq1iNBXYWUb-r-Dlc_gpDvTm0kINmgRXuyr5VkikVmZeH6bTSlkm4Ey6Hyos4ev9kJIzGj03tB9w0UIH"
"./html/agencies/harry-s-truman-scholarship-foundation/index.html","js","/themes/custom/usagov/scripts/modifyMobileNav.js","-","-","-","-","-",""
"./html/agencies/health-resources-and-services-administration/index.html","css","/sites/default/files/css/css__7_lnIX5SUimudYZT0iqhhe0r5Ev1QE4En7-BEPHMeY.css","-","-","en","usagov","eJwdykEOwCAIBMAP2fIkg5EQEtDDqo2_b-tlToONIUGFIWmCtS9S74X9wthuTdMyeUDHO3qdfmLmGtbynwQUXy0vYCIdnw","delta=0&language=en&theme=usagov&include=eJwdykEOwCAIBMAP2fIkg5EQEtDDqo2_b-tlToONIUGFIWmCtS9S74X9wthuTdMyeUDHO3qdfmLmGtbynwQUXy0vYCIdnw"
"./html/agencies/health-resources-and-services-administration/index.html","css","/sites/default/files/css/css_h8MbvwzFoPHon25psxDvs_qWZKIaWznJGeScqw5abGU.css","-","1","en","usagov","eJwdykEOwCAIBMAP2fIkg5EQEtDDqo2_b-tlToONIUGFIWmCtS9S74X9wthuTdMyeUDHO3qdfmLmGtbynwQUXy0vYCIdnw","delta=1&language=en&theme=usagov&include=eJwdykEOwCAIBMAP2fIkg5EQEtDDqo2_b-tlToONIUGFIWmCtS9S74X9wthuTdMyeUDHO3qdfmLmGtbynwQUXy0vYCIdnw"
"./html/agencies/health-resources-and-services-administration/index.html","js","/themes/custom/usagov/scripts/newFooter.js","-","-","-","-","-",""
"./html/agencies/health-resources-and-services-administration/index.html","js","/sites/default/files/js/js_sJY3bzJs3jirGGaSNreFUENeOZtDcSGccrkIaQj9Xmc.js","footer","-","en","usagov","eJx1jUEOwzAIBD8Ux09CBFPXrQMR4FT9fa3k3OPO7GqHY9Uz164b9uTx7U3qMi4KoQcInq1iNBXYWUb-r-Dlc_gpDvTm0kINmgRXuyr5VkikVmZeH6bTSlkm4Ey6Hyos4ev9kJIzGj03tB9w0UIH","scope=footer&delta=0&language=en&theme=usagov&include=eJx1jUEOwzAIBD8Ux09CBFPXrQMR4FT9fa3k3OPO7GqHY9Uz164b9uTx7U3qMi4KoQcInq1iNBXYWUb-r-Dlc_gpDvTm0kINmgRXuyr5VkikVmZeH6bTSlkm4Ey6Hyos4ev9kJIzGj03tB9w0UIH"
"./html/agencies/health-resources-and-services-administration/index.html","js","/modules/contrib/uswds_ckeditor_integration/js/aftermarket/uswds_accordion.js","-","-","-","-","-","sqrdwl"
"./html/agencies/health-resources-and-services-administration/index.html","js","/sites/default/files/js/js_JxNk0XijPRI5QYwn5XlgSWW1Bx0YJQ3HYOHPIZ4Crx4.js","footer","2","en","usagov","eJx1jUEOwzAIBD8Ux09CBFPXrQMR4FT9fa3k3OPO7GqHY9Uz164b9uTx7U3qMi4KoQcInq1iNBXYWUb-r-Dlc_gpDvTm0kINmgRXuyr5VkikVmZeH6bTSlkm4Ey6Hyos4ev9kJIzGj03tB9w0UIH","scope=footer&delta=2&language=en&theme=usagov&include=eJx1jUEOwzAIBD8Ux09CBFPXrQMR4FT9fa3k3OPO7GqHY9Uz164b9uTx7U3qMi4KoQcInq1iNBXYWUb-r-Dlc_gpDvTm0kINmgRXuyr5VkikVmZeH6bTSlkm4Ey6Hyos4ev9kJIzGj03tB9w0UIH"
"./html/agencies/health-resources-and-services-administration/index.html","js","/themes/custom/usagov/scripts/modifyMobileNav.js","-","-","-","-","-",""
"./html/agencies/holocaust-memorial-museum/index.html","css","/sites/default/files/css/css__7_lnIX5SUimudYZT0iqhhe0r5Ev1QE4En7-BEPHMeY.css","-","-","en","usagov","eJwdykEOwCAIBMAP2fIkg5EQEtDDqo2_b-tlToONIUGFIWmCtS9S74X9wthuTdMyeUDHO3qdfmLmGtbynwQUXy0vYCIdnw","delta=0&language=en&theme=usagov&include=eJwdykEOwCAIBMAP2fIkg5EQEtDDqo2_b-tlToONIUGFIWmCtS9S74X9wthuTdMyeUDHO3qdfmLmGtbynwQUXy0vYCIdnw"
"./html/agencies/holocaust-memorial-museum/index.html","css","/sites/default/files/css/css_h8MbvwzFoPHon25psxDvs_qWZKIaWznJGeScqw5abGU.css","-","1","en","usagov","eJwdykEOwCAIBMAP2fIkg5EQEtDDqo2_b-tlToONIUGFIWmCtS9S74X9wthuTdMyeUDHO3qdfmLmGtbynwQUXy0vYCIdnw","delta=1&language=en&theme=usagov&include=eJwdykEOwCAIBMAP2fIkg5EQEtDDqo2_b-tlToONIUGFIWmCtS9S74X9wthuTdMyeUDHO3qdfmLmGtbynwQUXy0vYCIdnw"
"./html/agencies/holocaust-memorial-museum/index.html","js","/themes/custom/usagov/scripts/newFooter.js","-","-","-","-","-",""
"./html/agencies/holocaust-memorial-museum/index.html","js","/sites/default/files/js/js_sJY3bzJs3jirGGaSNreFUENeOZtDcSGccrkIaQj9Xmc.js","footer","-","en","usagov","eJx1jUEOwzAIBD8Ux09CBFPXrQMR4FT9fa3k3OPO7GqHY9Uz164b9uTx7U3qMi4KoQcInq1iNBXYWUb-r-Dlc_gpDvTm0kINmgRXuyr5VkikVmZeH6bTSlkm4Ey6Hyos4ev9kJIzGj03tB9w0UIH","scope=footer&delta=0&language=en&theme=usagov&include=eJx1jUEOwzAIBD8Ux09CBFPXrQMR4FT9fa3k3OPO7GqHY9Uz164b9uTx7U3qMi4KoQcInq1iNBXYWUb-r-Dlc_gpDvTm0kINmgRXuyr5VkikVmZeH6bTSlkm4Ey6Hyos4ev9kJIzGj03tB9w0UIH"
"./html/agencies/holocaust-memorial-museum/index.html","js","/modules/contrib/uswds_ckeditor_integration/js/aftermarket/uswds_accordion.js","-","-","-","-","-","sqrdwl"
"./html/agencies/holocaust-memorial-museum/index.html","js","/sites/default/files/js/js_JxNk0XijPRI5QYwn5XlgSWW1Bx0YJQ3HYOHPIZ4Crx4.js","footer","2","en","usagov","eJx1jUEOwzAIBD8Ux09CBFPXrQMR4FT9fa3k3OPO7GqHY9Uz164b9uTx7U3qMi4KoQcInq1iNBXYWUb-r-Dlc_gpDvTm0kINmgRXuyr5VkikVmZeH6bTSlkm4Ey6Hyos4ev9kJIzGj03tB9w0UIH","scope=footer&delta=2&language=en&theme=usagov&include=eJx1jUEOwzAIBD8Ux09CBFPXrQMR4FT9fa3k3OPO7GqHY9Uz164b9uTx7U3qMi4KoQcInq1iNBXYWUb-r-Dlc_gpDvTm0kINmgRXuyr5VkikVmZeH6bTSlkm4Ey6Hyos4ev9kJIzGj03tB9w0UIH"
"./html/agencies/holocaust-memorial-museum/index.html","js","/themes/custom/usagov/scripts/modifyMobileNav.js","-","-","-","-","-",""
"./html/agencies/house-office-of-inspector-general/index.html","css","/sites/default/files/css/css__7_lnIX5SUimudYZT0iqhhe0r5Ev1QE4En7-BEPHMeY.css","-","-","en","usagov","eJwdykEOwCAIBMAP2fIkg5EQEtDDqo2_b-tlToONIUGFIWmCtS9S74X9wthuTdMyeUDHO3qdfmLmGtbynwQUXy0vYCIdnw","delta=0&language=en&theme=usagov&include=eJwdykEOwCAIBMAP2fIkg5EQEtDDqo2_b-tlToONIUGFIWmCtS9S74X9wthuTdMyeUDHO3qdfmLmGtbynwQUXy0vYCIdnw"
"./html/agencies/house-office-of-inspector-general/index.html","css","/sites/default/files/css/css_h8MbvwzFoPHon25psxDvs_qWZKIaWznJGeScqw5abGU.css","-","1","en","usagov","eJwdykEOwCAIBMAP2fIkg5EQEtDDqo2_b-tlToONIUGFIWmCtS9S74X9wthuTdMyeUDHO3qdfmLmGtbynwQUXy0vYCIdnw","delta=1&language=en&theme=usagov&include=eJwdykEOwCAIBMAP2fIkg5EQEtDDqo2_b-tlToONIUGFIWmCtS9S74X9wthuTdMyeUDHO3qdfmLmGtbynwQUXy0vYCIdnw"
"./html/agencies/house-office-of-inspector-general/index.html","js","/themes/custom/usagov/scripts/newFooter.js","-","-","-","-","-",""
"./html/agencies/house-office-of-inspector-general/index.html","js","/sites/default/files/js/js_sJY3bzJs3jirGGaSNreFUENeOZtDcSGccrkIaQj9Xmc.js","footer","-","en","usagov","eJx1jUEOwzAIBD8Ux09CBFPXrQMR4FT9fa3k3OPO7GqHY9Uz164b9uTx7U3qMi4KoQcInq1iNBXYWUb-r-Dlc_gpDvTm0kINmgRXuyr5VkikVmZeH6bTSlkm4Ey6Hyos4ev9kJIzGj03tB9w0UIH","scope=footer&delta=0&language=en&theme=usagov&include=eJx1jUEOwzAIBD8Ux09CBFPXrQMR4FT9fa3k3OPO7GqHY9Uz164b9uTx7U3qMi4KoQcInq1iNBXYWUb-r-Dlc_gpDvTm0kINmgRXuyr5VkikVmZeH6bTSlkm4Ey6Hyos4ev9kJIzGj03tB9w0UIH"
"./html/agencies/house-office-of-inspector-general/index.html","js","/modules/contrib/uswds_ckeditor_integration/js/aftermarket/uswds_accordion.js","-","-","-","-","-","sqrdwl"
"./html/agencies/house-office-of-inspector-general/index.html","js","/sites/default/files/js/js_JxNk0XijPRI5QYwn5XlgSWW1Bx0YJQ3HYOHPIZ4Crx4.js","footer","2","en","usagov","eJx1jUEOwzAIBD8Ux09CBFPXrQMR4FT9fa3k3OPO7GqHY9Uz164b9uTx7U3qMi4KoQcInq1iNBXYWUb-r-Dlc_gpDvTm0kINmgRXuyr5VkikVmZeH6bTSlkm4Ey6Hyos4ev9kJIzGj03tB9w0UIH","scope=footer&delta=2&language=en&theme=usagov&include=eJx1jUEOwzAIBD8Ux09CBFPXrQMR4FT9fa3k3OPO7GqHY9Uz164b9uTx7U3qMi4KoQcInq1iNBXYWUb-r-Dlc_gpDvTm0kINmgRXuyr5VkikVmZeH6bTSlkm4Ey6Hyos4ev9kJIzGj03tB9w0UIH"
"./html/agencies/house-office-of-inspector-general/index.html","js","/themes/custom/usagov/scripts/modifyMobileNav.js","-","-","-","-","-",""
"./html/agencies/house-office-of-the-clerk/index.html","css","/sites/default/files/css/css__7_lnIX5SUimudYZT0iqhhe0r5Ev1QE4En7-BEPHMeY.css","-","-","en","usagov","eJwdykEOwCAIBMAP2fIkg5EQEtDDqo2_b-tlToONIUGFIWmCtS9S74X9wthuTdMyeUDHO3qdfmLmGtbynwQUXy0vYCIdnw","delta=0&language=en&theme=usagov&include=eJwdykEOwCAIBMAP2fIkg5EQEtDDqo2_b-tlToONIUGFIWmCtS9S74X9wthuTdMyeUDHO3qdfmLmGtbynwQUXy0vYCIdnw"
"./html/agencies/house-office-of-the-clerk/index.html","css","/sites/default/files/css/css_h8MbvwzFoPHon25psxDvs_qWZKIaWznJGeScqw5abGU.css","-","1","en","usagov","eJwdykEOwCAIBMAP2fIkg5EQEtDDqo2_b-tlToONIUGFIWmCtS9S74X9wthuTdMyeUDHO3qdfmLmGtbynwQUXy0vYCIdnw","delta=1&language=en&theme=usagov&include=eJwdykEOwCAIBMAP2fIkg5EQEtDDqo2_b-tlToONIUGFIWmCtS9S74X9wthuTdMyeUDHO3qdfmLmGtbynwQUXy0vYCIdnw"
"./html/agencies/house-office-of-the-clerk/index.html","js","/themes/custom/usagov/scripts/newFooter.js","-","-","-","-","-",""
"./html/agencies/house-office-of-the-clerk/index.html","js","/sites/default/files/js/js_sJY3bzJs3jirGGaSNreFUENeOZtDcSGccrkIaQj9Xmc.js","footer","-","en","usagov","eJx1jUEOwzAIBD8Ux09CBFPXrQMR4FT9fa3k3OPO7GqHY9Uz164b9uTx7U3qMi4KoQcInq1iNBXYWUb-r-Dlc_gpDvTm0kINmgRXuyr5VkikVmZeH6bTSlkm4Ey6Hyos4ev9kJIzGj03tB9w0UIH","scope=footer&delta=0&language=en&theme=usagov&include=eJx1jUEOwzAIBD8Ux09CBFPXrQMR4FT9fa3k3OPO7GqHY9Uz164b9uTx7U3qMi4KoQcInq1iNBXYWUb-r-Dlc_gpDvTm0kINmgRXuyr5VkikVmZeH6bTSlkm4Ey6Hyos4ev9kJIzGj03tB9w0UIH"
"./html/agencies/house-office-of-the-clerk/index.html","js","/modules/contrib/uswds_ckeditor_integration/js/aftermarket/uswds_accordion.js","-","-","-","-","-","sqrdwl"
"./html/agencies/house-office-of-the-clerk/index.html","js","/sites/default/files/js/js_JxNk0XijPRI5QYwn5XlgSWW1Bx0YJQ3HYOHPIZ4Crx4.js","footer","2","en","usagov","eJx1jUEOwzAIBD8Ux09CBFPXrQMR4FT9fa3k3OPO7GqHY9Uz164b9uTx7U3qMi4KoQcInq1iNBXYWUb-r-Dlc_gpDvTm0kINmgRXuyr5VkikVmZeH6bTSlkm4Ey6Hyos4ev9kJIzGj03tB9w0UIH","scope=footer&delta=2&language=en&theme=usagov&include=eJx1jUEOwzAIBD8Ux09CBFPXrQMR4FT9fa3k3OPO7GqHY9Uz164b9uTx7U3qMi4KoQcInq1iNBXYWUb-r-Dlc_gpDvTm0kINmgRXuyr5VkikVmZeH6bTSlkm4Ey6Hyos4ev9kJIzGj03tB9w0UIH"
"./html/agencies/house-office-of-the-clerk/index.html","js","/themes/custom/usagov/scripts/modifyMobileNav.js","-","-","-","-","-",""
"./html/agencies/indian-arts-and-crafts-board/index.html","css","/sites/default/files/css/css__7_lnIX5SUimudYZT0iqhhe0r5Ev1QE4En7-BEPHMeY.css","-","-","en","usagov","eJwdykEOwCAIBMAP2fIkg5EQEtDDqo2_b-tlToONIUGFIWmCtS9S74X9wthuTdMyeUDHO3qdfmLmGtbynwQUXy0vYCIdnw","delta=0&language=en&theme=usagov&include=eJwdykEOwCAIBMAP2fIkg5EQEtDDqo2_b-tlToONIUGFIWmCtS9S74X9wthuTdMyeUDHO3qdfmLmGtbynwQUXy0vYCIdnw"
"./html/agencies/indian-arts-and-crafts-board/index.html","css","/sites/default/files/css/css_h8MbvwzFoPHon25psxDvs_qWZKIaWznJGeScqw5abGU.css","-","1","en","usagov","eJwdykEOwCAIBMAP2fIkg5EQEtDDqo2_b-tlToONIUGFIWmCtS9S74X9wthuTdMyeUDHO3qdfmLmGtbynwQUXy0vYCIdnw","delta=1&language=en&theme=usagov&include=eJwdykEOwCAIBMAP2fIkg5EQEtDDqo2_b-tlToONIUGFIWmCtS9S74X9wthuTdMyeUDHO3qdfmLmGtbynwQUXy0vYCIdnw"
"./html/agencies/indian-arts-and-crafts-board/index.html","js","/themes/custom/usagov/scripts/newFooter.js","-","-","-","-","-",""
"./html/agencies/indian-arts-and-crafts-board/index.html","js","/sites/default/files/js/js_sJY3bzJs3jirGGaSNreFUENeOZtDcSGccrkIaQj9Xmc.js","footer","-","en","usagov","eJx1jUEOwzAIBD8Ux09CBFPXrQMR4FT9fa3k3OPO7GqHY9Uz164b9uTx7U3qMi4KoQcInq1iNBXYWUb-r-Dlc_gpDvTm0kINmgRXuyr5VkikVmZeH6bTSlkm4Ey6Hyos4ev9kJIzGj03tB9w0UIH","scope=footer&delta=0&language=en&theme=usagov&include=eJx1jUEOwzAIBD8Ux09CBFPXrQMR4FT9fa3k3OPO7GqHY9Uz164b9uTx7U3qMi4KoQcInq1iNBXYWUb-r-Dlc_gpDvTm0kINmgRXuyr5VkikVmZeH6bTSlkm4Ey6Hyos4ev9kJIzGj03tB9w0UIH"
"./html/agencies/indian-arts-and-crafts-board/index.html","js","/modules/contrib/uswds_ckeditor_integration/js/aftermarket/uswds_accordion.js","-","-","-","-","-","sqrdwl"
"./html/agencies/indian-arts-and-crafts-board/index.html","js","/sites/default/files/js/js_JxNk0XijPRI5QYwn5XlgSWW1Bx0YJQ3HYOHPIZ4Crx4.js","footer","2","en","usagov","eJx1jUEOwzAIBD8Ux09CBFPXrQMR4FT9fa3k3OPO7GqHY9Uz164b9uTx7U3qMi4KoQcInq1iNBXYWUb-r-Dlc_gpDvTm0kINmgRXuyr5VkikVmZeH6bTSlkm4Ey6Hyos4ev9kJIzGj03tB9w0UIH","scope=footer&delta=2&language=en&theme=usagov&include=eJx1jUEOwzAIBD8Ux09CBFPXrQMR4FT9fa3k3OPO7GqHY9Uz164b9uTx7U3qMi4KoQcInq1iNBXYWUb-r-Dlc_gpDvTm0kINmgRXuyr5VkikVmZeH6bTSlkm4Ey6Hyos4ev9kJIzGj03tB9w0UIH"
"./html/agencies/indian-arts-and-crafts-board/index.html","js","/themes/custom/usagov/scripts/modifyMobileNav.js","-","-","-","-","-",""
"./html/agencies/indian-health-service/index.html","css","/sites/default/files/css/css__7_lnIX5SUimudYZT0iqhhe0r5Ev1QE4En7-BEPHMeY.css","-","-","en","usagov","eJwdykEOwCAIBMAP2fIkg5EQEtDDqo2_b-tlToONIUGFIWmCtS9S74X9wthuTdMyeUDHO3qdfmLmGtbynwQUXy0vYCIdnw","delta=0&language=en&theme=usagov&include=eJwdykEOwCAIBMAP2fIkg5EQEtDDqo2_b-tlToONIUGFIWmCtS9S74X9wthuTdMyeUDHO3qdfmLmGtbynwQUXy0vYCIdnw"
"./html/agencies/indian-health-service/index.html","css","/sites/default/files/css/css_h8MbvwzFoPHon25psxDvs_qWZKIaWznJGeScqw5abGU.css","-","1","en","usagov","eJwdykEOwCAIBMAP2fIkg5EQEtDDqo2_b-tlToONIUGFIWmCtS9S74X9wthuTdMyeUDHO3qdfmLmGtbynwQUXy0vYCIdnw","delta=1&language=en&theme=usagov&include=eJwdykEOwCAIBMAP2fIkg5EQEtDDqo2_b-tlToONIUGFIWmCtS9S74X9wthuTdMyeUDHO3qdfmLmGtbynwQUXy0vYCIdnw"
"./html/agencies/indian-health-service/index.html","js","/themes/custom/usagov/scripts/newFooter.js","-","-","-","-","-",""
"./html/agencies/indian-health-service/index.html","js","/sites/default/files/js/js_sJY3bzJs3jirGGaSNreFUENeOZtDcSGccrkIaQj9Xmc.js","footer","-","en","usagov","eJx1jUEOwzAIBD8Ux09CBFPXrQMR4FT9fa3k3OPO7GqHY9Uz164b9uTx7U3qMi4KoQcInq1iNBXYWUb-r-Dlc_gpDvTm0kINmgRXuyr5VkikVmZeH6bTSlkm4Ey6Hyos4ev9kJIzGj03tB9w0UIH","scope=footer&delta=0&language=en&theme=usagov&include=eJx1jUEOwzAIBD8Ux09CBFPXrQMR4FT9fa3k3OPO7GqHY9Uz164b9uTx7U3qMi4KoQcInq1iNBXYWUb-r-Dlc_gpDvTm0kINmgRXuyr5VkikVmZeH6bTSlkm4Ey6Hyos4ev9kJIzGj03tB9w0UIH"
"./html/agencies/indian-health-service/index.html","js","/modules/contrib/uswds_ckeditor_integration/js/aftermarket/uswds_accordion.js","-","-","-","-","-","sqrdwl"
"./html/agencies/indian-health-service/index.html","js","/sites/default/files/js/js_JxNk0XijPRI5QYwn5XlgSWW1Bx0YJQ3HYOHPIZ4Crx4.js","footer","2","en","usagov","eJx1jUEOwzAIBD8Ux09CBFPXrQMR4FT9fa3k3OPO7GqHY9Uz164b9uTx7U3qMi4KoQcInq1iNBXYWUb-r-Dlc_gpDvTm0kINmgRXuyr5VkikVmZeH6bTSlkm4Ey6Hyos4ev9kJIzGj03tB9w0UIH","scope=footer&delta=2&language=en&theme=usagov&include=eJx1jUEOwzAIBD8Ux09CBFPXrQMR4FT9fa3k3OPO7GqHY9Uz164b9uTx7U3qMi4KoQcInq1iNBXYWUb-r-Dlc_gpDvTm0kINmgRXuyr5VkikVmZeH6bTSlkm4Ey6Hyos4ev9kJIzGj03tB9w0UIH"
"./html/agencies/indian-health-service/index.html","js","/themes/custom/usagov/scripts/modifyMobileNav.js","-","-","-","-","-",""
"./html/agencies/indoor-air-quality/index.html","css","/sites/default/files/css/css__7_lnIX5SUimudYZT0iqhhe0r5Ev1QE4En7-BEPHMeY.css","-","-","en","usagov","eJwdykEOwCAIBMAP2fIkg5EQEtDDqo2_b-tlToONIUGFIWmCtS9S74X9wthuTdMyeUDHO3qdfmLmGtbynwQUXy0vYCIdnw","delta=0&language=en&theme=usagov&include=eJwdykEOwCAIBMAP2fIkg5EQEtDDqo2_b-tlToONIUGFIWmCtS9S74X9wthuTdMyeUDHO3qdfmLmGtbynwQUXy0vYCIdnw"
"./html/agencies/indoor-air-quality/index.html","css","/sites/default/files/css/css_h8MbvwzFoPHon25psxDvs_qWZKIaWznJGeScqw5abGU.css","-","1","en","usagov","eJwdykEOwCAIBMAP2fIkg5EQEtDDqo2_b-tlToONIUGFIWmCtS9S74X9wthuTdMyeUDHO3qdfmLmGtbynwQUXy0vYCIdnw","delta=1&language=en&theme=usagov&include=eJwdykEOwCAIBMAP2fIkg5EQEtDDqo2_b-tlToONIUGFIWmCtS9S74X9wthuTdMyeUDHO3qdfmLmGtbynwQUXy0vYCIdnw"
"./html/agencies/indoor-air-quality/index.html","js","/themes/custom/usagov/scripts/newFooter.js","-","-","-","-","-",""
"./html/agencies/indoor-air-quality/index.html","js","/sites/default/files/js/js_sJY3bzJs3jirGGaSNreFUENeOZtDcSGccrkIaQj9Xmc.js","footer","-","en","usagov","eJx1jUEOwzAIBD8Ux09CBFPXrQMR4FT9fa3k3OPO7GqHY9Uz164b9uTx7U3qMi4KoQcInq1iNBXYWUb-r-Dlc_gpDvTm0kINmgRXuyr5VkikVmZeH6bTSlkm4Ey6Hyos4ev9kJIzGj03tB9w0UIH","scope=footer&delta=0&language=en&theme=usagov&include=eJx1jUEOwzAIBD8Ux09CBFPXrQMR4FT9fa3k3OPO7GqHY9Uz164b9uTx7U3qMi4KoQcInq1iNBXYWUb-r-Dlc_gpDvTm0kINmgRXuyr5VkikVmZeH6bTSlkm4Ey6Hyos4ev9kJIzGj03tB9w0UIH"
"./html/agencies/indoor-air-quality/index.html","js","/modules/contrib/uswds_ckeditor_integration/js/aftermarket/uswds_accordion.js","-","-","-","-","-","sqrdwl"
"./html/agencies/indoor-air-quality/index.html","js","/sites/default/files/js/js_JxNk0XijPRI5QYwn5XlgSWW1Bx0YJQ3HYOHPIZ4Crx4.js","footer","2","en","usagov","eJx1jUEOwzAIBD8Ux09CBFPXrQMR4FT9fa3k3OPO7GqHY9Uz164b9uTx7U3qMi4KoQcInq1iNBXYWUb-r-Dlc_gpDvTm0kINmgRXuyr5VkikVmZeH6bTSlkm4Ey6Hyos4ev9kJIzGj03tB9w0UIH","scope=footer&delta=2&language=en&theme=usagov&include=eJx1jUEOwzAIBD8Ux09CBFPXrQMR4FT9fa3k3OPO7GqHY9Uz164b9uTx7U3qMi4KoQcInq1iNBXYWUb-r-Dlc_gpDvTm0kINmgRXuyr5VkikVmZeH6bTSlkm4Ey6Hyos4ev9kJIzGj03tB9w0UIH"
"./html/agencies/indoor-air-quality/index.html","js","/themes/custom/usagov/scripts/modifyMobileNav.js","-","-","-","-","-",""
"./html/agencies/institute-of-education-sciences/index.html","css","/sites/default/files/css/css__7_lnIX5SUimudYZT0iqhhe0r5Ev1QE4En7-BEPHMeY.css","-","-","en","usagov","eJwdykEOwCAIBMAP2fIkg5EQEtDDqo2_b-tlToONIUGFIWmCtS9S74X9wthuTdMyeUDHO3qdfmLmGtbynwQUXy0vYCIdnw","delta=0&language=en&theme=usagov&include=eJwdykEOwCAIBMAP2fIkg5EQEtDDqo2_b-tlToONIUGFIWmCtS9S74X9wthuTdMyeUDHO3qdfmLmGtbynwQUXy0vYCIdnw"
"./html/agencies/institute-of-education-sciences/index.html","css","/sites/default/files/css/css_h8MbvwzFoPHon25psxDvs_qWZKIaWznJGeScqw5abGU.css","-","1","en","usagov","eJwdykEOwCAIBMAP2fIkg5EQEtDDqo2_b-tlToONIUGFIWmCtS9S74X9wthuTdMyeUDHO3qdfmLmGtbynwQUXy0vYCIdnw","delta=1&language=en&theme=usagov&include=eJwdykEOwCAIBMAP2fIkg5EQEtDDqo2_b-tlToONIUGFIWmCtS9S74X9wthuTdMyeUDHO3qdfmLmGtbynwQUXy0vYCIdnw"
"./html/agencies/institute-of-education-sciences/index.html","js","/themes/custom/usagov/scripts/newFooter.js","-","-","-","-","-",""
"./html/agencies/institute-of-education-sciences/index.html","js","/sites/default/files/js/js_sJY3bzJs3jirGGaSNreFUENeOZtDcSGccrkIaQj9Xmc.js","footer","-","en","usagov","eJx1jUEOwzAIBD8Ux09CBFPXrQMR4FT9fa3k3OPO7GqHY9Uz164b9uTx7U3qMi4KoQcInq1iNBXYWUb-r-Dlc_gpDvTm0kINmgRXuyr5VkikVmZeH6bTSlkm4Ey6Hyos4ev9kJIzGj03tB9w0UIH","scope=footer&delta=0&language=en&theme=usagov&include=eJx1jUEOwzAIBD8Ux09CBFPXrQMR4FT9fa3k3OPO7GqHY9Uz164b9uTx7U3qMi4KoQcInq1iNBXYWUb-r-Dlc_gpDvTm0kINmgRXuyr5VkikVmZeH6bTSlkm4Ey6Hyos4ev9kJIzGj03tB9w0UIH"
"./html/agencies/institute-of-education-sciences/index.html","js","/modules/contrib/uswds_ckeditor_integration/js/aftermarket/uswds_accordion.js","-","-","-","-","-","sqrdwl"
"./html/agencies/institute-of-education-sciences/index.html","js","/sites/default/files/js/js_JxNk0XijPRI5QYwn5XlgSWW1Bx0YJQ3HYOHPIZ4Crx4.js","footer","2","en","usagov","eJx1jUEOwzAIBD8Ux09CBFPXrQMR4FT9fa3k3OPO7GqHY9Uz164b9uTx7U3qMi4KoQcInq1iNBXYWUb-r-Dlc_gpDvTm0kINmgRXuyr5VkikVmZeH6bTSlkm4Ey6Hyos4ev9kJIzGj03tB9w0UIH","scope=footer&delta=2&language=en&theme=usagov&include=eJx1jUEOwzAIBD8Ux09CBFPXrQMR4FT9fa3k3OPO7GqHY9Uz164b9uTx7U3qMi4KoQcInq1iNBXYWUb-r-Dlc_gpDvTm0kINmgRXuyr5VkikVmZeH6bTSlkm4Ey6Hyos4ev9kJIzGj03tB9w0UIH"
"./html/agencies/institute-of-education-sciences/index.html","js","/themes/custom/usagov/scripts/modifyMobileNav.js","-","-","-","-","-",""
"./html/agencies/institute-of-museum-and-library-services/index.html","css","/sites/default/files/css/css__7_lnIX5SUimudYZT0iqhhe0r5Ev1QE4En7-BEPHMeY.css","-","-","en","usagov","eJwdykEOwCAIBMAP2fIkg5EQEtDDqo2_b-tlToONIUGFIWmCtS9S74X9wthuTdMyeUDHO3qdfmLmGtbynwQUXy0vYCIdnw","delta=0&language=en&theme=usagov&include=eJwdykEOwCAIBMAP2fIkg5EQEtDDqo2_b-tlToONIUGFIWmCtS9S74X9wthuTdMyeUDHO3qdfmLmGtbynwQUXy0vYCIdnw"
"./html/agencies/institute-of-museum-and-library-services/index.html","css","/sites/default/files/css/css_h8MbvwzFoPHon25psxDvs_qWZKIaWznJGeScqw5abGU.css","-","1","en","usagov","eJwdykEOwCAIBMAP2fIkg5EQEtDDqo2_b-tlToONIUGFIWmCtS9S74X9wthuTdMyeUDHO3qdfmLmGtbynwQUXy0vYCIdnw","delta=1&language=en&theme=usagov&include=eJwdykEOwCAIBMAP2fIkg5EQEtDDqo2_b-tlToONIUGFIWmCtS9S74X9wthuTdMyeUDHO3qdfmLmGtbynwQUXy0vYCIdnw"
"./html/agencies/institute-of-museum-and-library-services/index.html","js","/themes/custom/usagov/scripts/newFooter.js","-","-","-","-","-",""
"./html/agencies/institute-of-museum-and-library-services/index.html","js","/sites/default/files/js/js_sJY3bzJs3jirGGaSNreFUENeOZtDcSGccrkIaQj9Xmc.js","footer","-","en","usagov","eJx1jUEOwzAIBD8Ux09CBFPXrQMR4FT9fa3k3OPO7GqHY9Uz164b9uTx7U3qMi4KoQcInq1iNBXYWUb-r-Dlc_gpDvTm0kINmgRXuyr5VkikVmZeH6bTSlkm4Ey6Hyos4ev9kJIzGj03tB9w0UIH","scope=footer&delta=0&language=en&theme=usagov&include=eJx1jUEOwzAIBD8Ux09CBFPXrQMR4FT9fa3k3OPO7GqHY9Uz164b9uTx7U3qMi4KoQcInq1iNBXYWUb-r-Dlc_gpDvTm0kINmgRXuyr5VkikVmZeH6bTSlkm4Ey6Hyos4ev9kJIzGj03tB9w0UIH"
"./html/agencies/institute-of-museum-and-library-services/index.html","js","/modules/contrib/uswds_ckeditor_integration/js/aftermarket/uswds_accordion.js","-","-","-","-","-","sqrdwl"
"./html/agencies/institute-of-museum-and-library-services/index.html","js","/sites/default/files/js/js_JxNk0XijPRI5QYwn5XlgSWW1Bx0YJQ3HYOHPIZ4Crx4.js","footer","2","en","usagov","eJx1jUEOwzAIBD8Ux09CBFPXrQMR4FT9fa3k3OPO7GqHY9Uz164b9uTx7U3qMi4KoQcInq1iNBXYWUb-r-Dlc_gpDvTm0kINmgRXuyr5VkikVmZeH6bTSlkm4Ey6Hyos4ev9kJIzGj03tB9w0UIH","scope=footer&delta=2&language=en&theme=usagov&include=eJx1jUEOwzAIBD8Ux09CBFPXrQMR4FT9fa3k3OPO7GqHY9Uz164b9uTx7U3qMi4KoQcInq1iNBXYWUb-r-Dlc_gpDvTm0kINmgRXuyr5VkikVmZeH6bTSlkm4Ey6Hyos4ev9kJIzGj03tB9w0UIH"
"./html/agencies/institute-of-museum-and-library-services/index.html","js","/themes/custom/usagov/scripts/modifyMobileNav.js","-","-","-","-","-",""
"./html/agencies/inter-american-foundation/index.html","css","/sites/default/files/css/css__7_lnIX5SUimudYZT0iqhhe0r5Ev1QE4En7-BEPHMeY.css","-","-","en","usagov","eJwdykEOwCAIBMAP2fIkg5EQEtDDqo2_b-tlToONIUGFIWmCtS9S74X9wthuTdMyeUDHO3qdfmLmGtbynwQUXy0vYCIdnw","delta=0&language=en&theme=usagov&include=eJwdykEOwCAIBMAP2fIkg5EQEtDDqo2_b-tlToONIUGFIWmCtS9S74X9wthuTdMyeUDHO3qdfmLmGtbynwQUXy0vYCIdnw"
"./html/agencies/inter-american-foundation/index.html","css","/sites/default/files/css/css_h8MbvwzFoPHon25psxDvs_qWZKIaWznJGeScqw5abGU.css","-","1","en","usagov","eJwdykEOwCAIBMAP2fIkg5EQEtDDqo2_b-tlToONIUGFIWmCtS9S74X9wthuTdMyeUDHO3qdfmLmGtbynwQUXy0vYCIdnw","delta=1&language=en&theme=usagov&include=eJwdykEOwCAIBMAP2fIkg5EQEtDDqo2_b-tlToONIUGFIWmCtS9S74X9wthuTdMyeUDHO3qdfmLmGtbynwQUXy0vYCIdnw"
"./html/agencies/inter-american-foundation/index.html","js","/themes/custom/usagov/scripts/newFooter.js","-","-","-","-","-",""
"./html/agencies/inter-american-foundation/index.html","js","/sites/default/files/js/js_sJY3bzJs3jirGGaSNreFUENeOZtDcSGccrkIaQj9Xmc.js","footer","-","en","usagov","eJx1jUEOwzAIBD8Ux09CBFPXrQMR4FT9fa3k3OPO7GqHY9Uz164b9uTx7U3qMi4KoQcInq1iNBXYWUb-r-Dlc_gpDvTm0kINmgRXuyr5VkikVmZeH6bTSlkm4Ey6Hyos4ev9kJIzGj03tB9w0UIH","scope=footer&delta=0&language=en&theme=usagov&include=eJx1jUEOwzAIBD8Ux09CBFPXrQMR4FT9fa3k3OPO7GqHY9Uz164b9uTx7U3qMi4KoQcInq1iNBXYWUb-r-Dlc_gpDvTm0kINmgRXuyr5VkikVmZeH6bTSlkm4Ey6Hyos4ev9kJIzGj03tB9w0UIH"
"./html/agencies/inter-american-foundation/index.html","js","/modules/contrib/uswds_ckeditor_integration/js/aftermarket/uswds_accordion.js","-","-","-","-","-","sqrdwl"
"./html/agencies/inter-american-foundation/index.html","js","/sites/default/files/js/js_JxNk0XijPRI5QYwn5XlgSWW1Bx0YJQ3HYOHPIZ4Crx4.js","footer","2","en","usagov","eJx1jUEOwzAIBD8Ux09CBFPXrQMR4FT9fa3k3OPO7GqHY9Uz164b9uTx7U3qMi4KoQcInq1iNBXYWUb-r-Dlc_gpDvTm0kINmgRXuyr5VkikVmZeH6bTSlkm4Ey6Hyos4ev9kJIzGj03tB9w0UIH","scope=footer&delta=2&language=en&theme=usagov&include=eJx1jUEOwzAIBD8Ux09CBFPXrQMR4FT9fa3k3OPO7GqHY9Uz164b9uTx7U3qMi4KoQcInq1iNBXYWUb-r-Dlc_gpDvTm0kINmgRXuyr5VkikVmZeH6bTSlkm4Ey6Hyos4ev9kJIzGj03tB9w0UIH"
"./html/agencies/inter-american-foundation/index.html","js","/themes/custom/usagov/scripts/modifyMobileNav.js","-","-","-","-","-",""
"./html/agencies/interagency-alternative-dispute-resolution-working-group/index.html","css","/sites/default/files/css/css__7_lnIX5SUimudYZT0iqhhe0r5Ev1QE4En7-BEPHMeY.css","-","-","en","usagov","eJwdykEOwCAIBMAP2fIkg5EQEtDDqo2_b-tlToONIUGFIWmCtS9S74X9wthuTdMyeUDHO3qdfmLmGtbynwQUXy0vYCIdnw","delta=0&language=en&theme=usagov&include=eJwdykEOwCAIBMAP2fIkg5EQEtDDqo2_b-tlToONIUGFIWmCtS9S74X9wthuTdMyeUDHO3qdfmLmGtbynwQUXy0vYCIdnw"
"./html/agencies/interagency-alternative-dispute-resolution-working-group/index.html","css","/sites/default/files/css/css_h8MbvwzFoPHon25psxDvs_qWZKIaWznJGeScqw5abGU.css","-","1","en","usagov","eJwdykEOwCAIBMAP2fIkg5EQEtDDqo2_b-tlToONIUGFIWmCtS9S74X9wthuTdMyeUDHO3qdfmLmGtbynwQUXy0vYCIdnw","delta=1&language=en&theme=usagov&include=eJwdykEOwCAIBMAP2fIkg5EQEtDDqo2_b-tlToONIUGFIWmCtS9S74X9wthuTdMyeUDHO3qdfmLmGtbynwQUXy0vYCIdnw"
"./html/agencies/interagency-alternative-dispute-resolution-working-group/index.html","js","/themes/custom/usagov/scripts/newFooter.js","-","-","-","-","-",""
"./html/agencies/interagency-alternative-dispute-resolution-working-group/index.html","js","/sites/default/files/js/js_sJY3bzJs3jirGGaSNreFUENeOZtDcSGccrkIaQj9Xmc.js","footer","-","en","usagov","eJx1jUEOwzAIBD8Ux09CBFPXrQMR4FT9fa3k3OPO7GqHY9Uz164b9uTx7U3qMi4KoQcInq1iNBXYWUb-r-Dlc_gpDvTm0kINmgRXuyr5VkikVmZeH6bTSlkm4Ey6Hyos4ev9kJIzGj03tB9w0UIH","scope=footer&delta=0&language=en&theme=usagov&include=eJx1jUEOwzAIBD8Ux09CBFPXrQMR4FT9fa3k3OPO7GqHY9Uz164b9uTx7U3qMi4KoQcInq1iNBXYWUb-r-Dlc_gpDvTm0kINmgRXuyr5VkikVmZeH6bTSlkm4Ey6Hyos4ev9kJIzGj03tB9w0UIH"
"./html/agencies/interagency-alternative-dispute-resolution-working-group/index.html","js","/modules/contrib/uswds_ckeditor_integration/js/aftermarket/uswds_accordion.js","-","-","-","-","-","sqrdwl"
"./html/agencies/interagency-alternative-dispute-resolution-working-group/index.html","js","/sites/default/files/js/js_JxNk0XijPRI5QYwn5XlgSWW1Bx0YJQ3HYOHPIZ4Crx4.js","footer","2","en","usagov","eJx1jUEOwzAIBD8Ux09CBFPXrQMR4FT9fa3k3OPO7GqHY9Uz164b9uTx7U3qMi4KoQcInq1iNBXYWUb-r-Dlc_gpDvTm0kINmgRXuyr5VkikVmZeH6bTSlkm4Ey6Hyos4ev9kJIzGj03tB9w0UIH","scope=footer&delta=2&language=en&theme=usagov&include=eJx1jUEOwzAIBD8Ux09CBFPXrQMR4FT9fa3k3OPO7GqHY9Uz164b9uTx7U3qMi4KoQcInq1iNBXYWUb-r-Dlc_gpDvTm0kINmgRXuyr5VkikVmZeH6bTSlkm4Ey6Hyos4ev9kJIzGj03tB9w0UIH"
"./html/agencies/interagency-alternative-dispute-resolution-working-group/index.html","js","/themes/custom/usagov/scripts/modifyMobileNav.js","-","-","-","-","-",""
"./html/agencies/interagency-committee-for-the-management-of-noxious-and-exotic-weeds/index.html","css","/sites/default/files/css/css__7_lnIX5SUimudYZT0iqhhe0r5Ev1QE4En7-BEPHMeY.css","-","-","en","usagov","eJwdykEOwCAIBMAP2fIkg5EQEtDDqo2_b-tlToONIUGFIWmCtS9S74X9wthuTdMyeUDHO3qdfmLmGtbynwQUXy0vYCIdnw","delta=0&language=en&theme=usagov&include=eJwdykEOwCAIBMAP2fIkg5EQEtDDqo2_b-tlToONIUGFIWmCtS9S74X9wthuTdMyeUDHO3qdfmLmGtbynwQUXy0vYCIdnw"
"./html/agencies/interagency-committee-for-the-management-of-noxious-and-exotic-weeds/index.html","css","/sites/default/files/css/css_h8MbvwzFoPHon25psxDvs_qWZKIaWznJGeScqw5abGU.css","-","1","en","usagov","eJwdykEOwCAIBMAP2fIkg5EQEtDDqo2_b-tlToONIUGFIWmCtS9S74X9wthuTdMyeUDHO3qdfmLmGtbynwQUXy0vYCIdnw","delta=1&language=en&theme=usagov&include=eJwdykEOwCAIBMAP2fIkg5EQEtDDqo2_b-tlToONIUGFIWmCtS9S74X9wthuTdMyeUDHO3qdfmLmGtbynwQUXy0vYCIdnw"
"./html/agencies/interagency-committee-for-the-management-of-noxious-and-exotic-weeds/index.html","js","/themes/custom/usagov/scripts/newFooter.js","-","-","-","-","-",""
"./html/agencies/interagency-committee-for-the-management-of-noxious-and-exotic-weeds/index.html","js","/sites/default/files/js/js_sJY3bzJs3jirGGaSNreFUENeOZtDcSGccrkIaQj9Xmc.js","footer","-","en","usagov","eJx1jUEOwzAIBD8Ux09CBFPXrQMR4FT9fa3k3OPO7GqHY9Uz164b9uTx7U3qMi4KoQcInq1iNBXYWUb-r-Dlc_gpDvTm0kINmgRXuyr5VkikVmZeH6bTSlkm4Ey6Hyos4ev9kJIzGj03tB9w0UIH","scope=footer&delta=0&language=en&theme=usagov&include=eJx1jUEOwzAIBD8Ux09CBFPXrQMR4FT9fa3k3OPO7GqHY9Uz164b9uTx7U3qMi4KoQcInq1iNBXYWUb-r-Dlc_gpDvTm0kINmgRXuyr5VkikVmZeH6bTSlkm4Ey6Hyos4ev9kJIzGj03tB9w0UIH"
"./html/agencies/interagency-committee-for-the-management-of-noxious-and-exotic-weeds/index.html","js","/modules/contrib/uswds_ckeditor_integration/js/aftermarket/uswds_accordion.js","-","-","-","-","-","sqrdwl"
"./html/agencies/interagency-committee-for-the-management-of-noxious-and-exotic-weeds/index.html","js","/sites/default/files/js/js_JxNk0XijPRI5QYwn5XlgSWW1Bx0YJQ3HYOHPIZ4Crx4.js","footer","2","en","usagov","eJx1jUEOwzAIBD8Ux09CBFPXrQMR4FT9fa3k3OPO7GqHY9Uz164b9uTx7U3qMi4KoQcInq1iNBXYWUb-r-Dlc_gpDvTm0kINmgRXuyr5VkikVmZeH6bTSlkm4Ey6Hyos4ev9kJIzGj03tB9w0UIH","scope=footer&delta=2&language=en&theme=usagov&include=eJx1jUEOwzAIBD8Ux09CBFPXrQMR4FT9fa3k3OPO7GqHY9Uz164b9uTx7U3qMi4KoQcInq1iNBXYWUb-r-Dlc_gpDvTm0kINmgRXuyr5VkikVmZeH6bTSlkm4Ey6Hyos4ev9kJIzGj03tB9w0UIH"
"./html/agencies/interagency-committee-for-the-management-of-noxious-and-exotic-weeds/index.html","js","/themes/custom/usagov/scripts/modifyMobileNav.js","-","-","-","-","-",""
"./html/agencies/internal-revenue-service/index.html","css","/sites/default/files/css/css__7_lnIX5SUimudYZT0iqhhe0r5Ev1QE4En7-BEPHMeY.css","-","-","en","usagov","eJwdykEOwCAIBMAP2fIkg5EQEtDDqo2_b-tlToONIUGFIWmCtS9S74X9wthuTdMyeUDHO3qdfmLmGtbynwQUXy0vYCIdnw","delta=0&language=en&theme=usagov&include=eJwdykEOwCAIBMAP2fIkg5EQEtDDqo2_b-tlToONIUGFIWmCtS9S74X9wthuTdMyeUDHO3qdfmLmGtbynwQUXy0vYCIdnw"
"./html/agencies/internal-revenue-service/index.html","css","/sites/default/files/css/css_h8MbvwzFoPHon25psxDvs_qWZKIaWznJGeScqw5abGU.css","-","1","en","usagov","eJwdykEOwCAIBMAP2fIkg5EQEtDDqo2_b-tlToONIUGFIWmCtS9S74X9wthuTdMyeUDHO3qdfmLmGtbynwQUXy0vYCIdnw","delta=1&language=en&theme=usagov&include=eJwdykEOwCAIBMAP2fIkg5EQEtDDqo2_b-tlToONIUGFIWmCtS9S74X9wthuTdMyeUDHO3qdfmLmGtbynwQUXy0vYCIdnw"
"./html/agencies/internal-revenue-service/index.html","js","/pages/scripts/0007/9651.js","-","-","-","-","-",""
"./html/agencies/internal-revenue-service/index.html","js","/themes/custom/usagov/scripts/newFooter.js","-","-","-","-","-",""
"./html/agencies/internal-revenue-service/index.html","js","/sites/default/files/js/js_sJY3bzJs3jirGGaSNreFUENeOZtDcSGccrkIaQj9Xmc.js","footer","-","en","usagov","eJx1jUEOwzAIBD8Ux09CBFPXrQMR4FT9fa3k3OPO7GqHY9Uz164b9uTx7U3qMi4KoQcInq1iNBXYWUb-r-Dlc_gpDvTm0kINmgRXuyr5VkikVmZeH6bTSlkm4Ey6Hyos4ev9kJIzGj03tB9w0UIH","scope=footer&delta=0&language=en&theme=usagov&include=eJx1jUEOwzAIBD8Ux09CBFPXrQMR4FT9fa3k3OPO7GqHY9Uz164b9uTx7U3qMi4KoQcInq1iNBXYWUb-r-Dlc_gpDvTm0kINmgRXuyr5VkikVmZeH6bTSlkm4Ey6Hyos4ev9kJIzGj03tB9w0UIH"
"./html/agencies/internal-revenue-service/index.html","js","/modules/contrib/uswds_ckeditor_integration/js/aftermarket/uswds_accordion.js","-","-","-","-","-","sqrdwl"
"./html/agencies/internal-revenue-service/index.html","js","/sites/default/files/js/js_JxNk0XijPRI5QYwn5XlgSWW1Bx0YJQ3HYOHPIZ4Crx4.js","footer","2","en","usagov","eJx1jUEOwzAIBD8Ux09CBFPXrQMR4FT9fa3k3OPO7GqHY9Uz164b9uTx7U3qMi4KoQcInq1iNBXYWUb-r-Dlc_gpDvTm0kINmgRXuyr5VkikVmZeH6bTSlkm4Ey6Hyos4ev9kJIzGj03tB9w0UIH","scope=footer&delta=2&language=en&theme=usagov&include=eJx1jUEOwzAIBD8Ux09CBFPXrQMR4FT9fa3k3OPO7GqHY9Uz164b9uTx7U3qMi4KoQcInq1iNBXYWUb-r-Dlc_gpDvTm0kINmgRXuyr5VkikVmZeH6bTSlkm4Ey6Hyos4ev9kJIzGj03tB9w0UIH"
"./html/agencies/internal-revenue-service/index.html","js","/themes/custom/usagov/scripts/modifyMobileNav.js","-","-","-","-","-",""
"./html/agencies/international-trade-administration/index.html","css","/sites/default/files/css/css__7_lnIX5SUimudYZT0iqhhe0r5Ev1QE4En7-BEPHMeY.css","-","-","en","usagov","eJwdykEOwCAIBMAP2fIkg5EQEtDDqo2_b-tlToONIUGFIWmCtS9S74X9wthuTdMyeUDHO3qdfmLmGtbynwQUXy0vYCIdnw","delta=0&language=en&theme=usagov&include=eJwdykEOwCAIBMAP2fIkg5EQEtDDqo2_b-tlToONIUGFIWmCtS9S74X9wthuTdMyeUDHO3qdfmLmGtbynwQUXy0vYCIdnw"
"./html/agencies/international-trade-administration/index.html","css","/sites/default/files/css/css_h8MbvwzFoPHon25psxDvs_qWZKIaWznJGeScqw5abGU.css","-","1","en","usagov","eJwdykEOwCAIBMAP2fIkg5EQEtDDqo2_b-tlToONIUGFIWmCtS9S74X9wthuTdMyeUDHO3qdfmLmGtbynwQUXy0vYCIdnw","delta=1&language=en&theme=usagov&include=eJwdykEOwCAIBMAP2fIkg5EQEtDDqo2_b-tlToONIUGFIWmCtS9S74X9wthuTdMyeUDHO3qdfmLmGtbynwQUXy0vYCIdnw"
"./html/agencies/international-trade-administration/index.html","js","/themes/custom/usagov/scripts/newFooter.js","-","-","-","-","-",""
"./html/agencies/international-trade-administration/index.html","js","/sites/default/files/js/js_sJY3bzJs3jirGGaSNreFUENeOZtDcSGccrkIaQj9Xmc.js","footer","-","en","usagov","eJx1jUEOwzAIBD8Ux09CBFPXrQMR4FT9fa3k3OPO7GqHY9Uz164b9uTx7U3qMi4KoQcInq1iNBXYWUb-r-Dlc_gpDvTm0kINmgRXuyr5VkikVmZeH6bTSlkm4Ey6Hyos4ev9kJIzGj03tB9w0UIH","scope=footer&delta=0&language=en&theme=usagov&include=eJx1jUEOwzAIBD8Ux09CBFPXrQMR4FT9fa3k3OPO7GqHY9Uz164b9uTx7U3qMi4KoQcInq1iNBXYWUb-r-Dlc_gpDvTm0kINmgRXuyr5VkikVmZeH6bTSlkm4Ey6Hyos4ev9kJIzGj03tB9w0UIH"
"./html/agencies/international-trade-administration/index.html","js","/modules/contrib/uswds_ckeditor_integration/js/aftermarket/uswds_accordion.js","-","-","-","-","-","sqrdwl"
"./html/agencies/international-trade-administration/index.html","js","/sites/default/files/js/js_JxNk0XijPRI5QYwn5XlgSWW1Bx0YJQ3HYOHPIZ4Crx4.js","footer","2","en","usagov","eJx1jUEOwzAIBD8Ux09CBFPXrQMR4FT9fa3k3OPO7GqHY9Uz164b9uTx7U3qMi4KoQcInq1iNBXYWUb-r-Dlc_gpDvTm0kINmgRXuyr5VkikVmZeH6bTSlkm4Ey6Hyos4ev9kJIzGj03tB9w0UIH","scope=footer&delta=2&language=en&theme=usagov&include=eJx1jUEOwzAIBD8Ux09CBFPXrQMR4FT9fa3k3OPO7GqHY9Uz164b9uTx7U3qMi4KoQcInq1iNBXYWUb-r-Dlc_gpDvTm0kINmgRXuyr5VkikVmZeH6bTSlkm4Ey6Hyos4ev9kJIzGj03tB9w0UIH"
"./html/agencies/international-trade-administration/index.html","js","/themes/custom/usagov/scripts/modifyMobileNav.js","-","-","-","-","-",""
"./html/agencies/james-madison-memorial-fellowship-foundation/index.html","css","/sites/default/files/css/css__7_lnIX5SUimudYZT0iqhhe0r5Ev1QE4En7-BEPHMeY.css","-","-","en","usagov","eJwdykEOwCAIBMAP2fIkg5EQEtDDqo2_b-tlToONIUGFIWmCtS9S74X9wthuTdMyeUDHO3qdfmLmGtbynwQUXy0vYCIdnw","delta=0&language=en&theme=usagov&include=eJwdykEOwCAIBMAP2fIkg5EQEtDDqo2_b-tlToONIUGFIWmCtS9S74X9wthuTdMyeUDHO3qdfmLmGtbynwQUXy0vYCIdnw"
"./html/agencies/james-madison-memorial-fellowship-foundation/index.html","css","/sites/default/files/css/css_h8MbvwzFoPHon25psxDvs_qWZKIaWznJGeScqw5abGU.css","-","1","en","usagov","eJwdykEOwCAIBMAP2fIkg5EQEtDDqo2_b-tlToONIUGFIWmCtS9S74X9wthuTdMyeUDHO3qdfmLmGtbynwQUXy0vYCIdnw","delta=1&language=en&theme=usagov&include=eJwdykEOwCAIBMAP2fIkg5EQEtDDqo2_b-tlToONIUGFIWmCtS9S74X9wthuTdMyeUDHO3qdfmLmGtbynwQUXy0vYCIdnw"
"./html/agencies/james-madison-memorial-fellowship-foundation/index.html","js","/themes/custom/usagov/scripts/newFooter.js","-","-","-","-","-",""
"./html/agencies/james-madison-memorial-fellowship-foundation/index.html","js","/sites/default/files/js/js_sJY3bzJs3jirGGaSNreFUENeOZtDcSGccrkIaQj9Xmc.js","footer","-","en","usagov","eJx1jUEOwzAIBD8Ux09CBFPXrQMR4FT9fa3k3OPO7GqHY9Uz164b9uTx7U3qMi4KoQcInq1iNBXYWUb-r-Dlc_gpDvTm0kINmgRXuyr5VkikVmZeH6bTSlkm4Ey6Hyos4ev9kJIzGj03tB9w0UIH","scope=footer&delta=0&language=en&theme=usagov&include=eJx1jUEOwzAIBD8Ux09CBFPXrQMR4FT9fa3k3OPO7GqHY9Uz164b9uTx7U3qMi4KoQcInq1iNBXYWUb-r-Dlc_gpDvTm0kINmgRXuyr5VkikVmZeH6bTSlkm4Ey6Hyos4ev9kJIzGj03tB9w0UIH"
"./html/agencies/james-madison-memorial-fellowship-foundation/index.html","js","/modules/contrib/uswds_ckeditor_integration/js/aftermarket/uswds_accordion.js","-","-","-","-","-","sqrdwl"
"./html/agencies/james-madison-memorial-fellowship-foundation/index.html","js","/sites/default/files/js/js_JxNk0XijPRI5QYwn5XlgSWW1Bx0YJQ3HYOHPIZ4Crx4.js","footer","2","en","usagov","eJx1jUEOwzAIBD8Ux09CBFPXrQMR4FT9fa3k3OPO7GqHY9Uz164b9uTx7U3qMi4KoQcInq1iNBXYWUb-r-Dlc_gpDvTm0kINmgRXuyr5VkikVmZeH6bTSlkm4Ey6Hyos4ev9kJIzGj03tB9w0UIH","scope=footer&delta=2&language=en&theme=usagov&include=eJx1jUEOwzAIBD8Ux09CBFPXrQMR4FT9fa3k3OPO7GqHY9Uz164b9uTx7U3qMi4KoQcInq1iNBXYWUb-r-Dlc_gpDvTm0kINmgRXuyr5VkikVmZeH6bTSlkm4Ey6Hyos4ev9kJIzGj03tB9w0UIH"
"./html/agencies/james-madison-memorial-fellowship-foundation/index.html","js","/themes/custom/usagov/scripts/modifyMobileNav.js","-","-","-","-","-",""
"./html/agencies/japan-united-states-friendship-commission/index.html","css","/sites/default/files/css/css__7_lnIX5SUimudYZT0iqhhe0r5Ev1QE4En7-BEPHMeY.css","-","-","en","usagov","eJwdykEOwCAIBMAP2fIkg5EQEtDDqo2_b-tlToONIUGFIWmCtS9S74X9wthuTdMyeUDHO3qdfmLmGtbynwQUXy0vYCIdnw","delta=0&language=en&theme=usagov&include=eJwdykEOwCAIBMAP2fIkg5EQEtDDqo2_b-tlToONIUGFIWmCtS9S74X9wthuTdMyeUDHO3qdfmLmGtbynwQUXy0vYCIdnw"
"./html/agencies/japan-united-states-friendship-commission/index.html","css","/sites/default/files/css/css_h8MbvwzFoPHon25psxDvs_qWZKIaWznJGeScqw5abGU.css","-","1","en","usagov","eJwdykEOwCAIBMAP2fIkg5EQEtDDqo2_b-tlToONIUGFIWmCtS9S74X9wthuTdMyeUDHO3qdfmLmGtbynwQUXy0vYCIdnw","delta=1&language=en&theme=usagov&include=eJwdykEOwCAIBMAP2fIkg5EQEtDDqo2_b-tlToONIUGFIWmCtS9S74X9wthuTdMyeUDHO3qdfmLmGtbynwQUXy0vYCIdnw"
"./html/agencies/japan-united-states-friendship-commission/index.html","js","/themes/custom/usagov/scripts/newFooter.js","-","-","-","-","-",""
"./html/agencies/japan-united-states-friendship-commission/index.html","js","/sites/default/files/js/js_sJY3bzJs3jirGGaSNreFUENeOZtDcSGccrkIaQj9Xmc.js","footer","-","en","usagov","eJx1jUEOwzAIBD8Ux09CBFPXrQMR4FT9fa3k3OPO7GqHY9Uz164b9uTx7U3qMi4KoQcInq1iNBXYWUb-r-Dlc_gpDvTm0kINmgRXuyr5VkikVmZeH6bTSlkm4Ey6Hyos4ev9kJIzGj03tB9w0UIH","scope=footer&delta=0&language=en&theme=usagov&include=eJx1jUEOwzAIBD8Ux09CBFPXrQMR4FT9fa3k3OPO7GqHY9Uz164b9uTx7U3qMi4KoQcInq1iNBXYWUb-r-Dlc_gpDvTm0kINmgRXuyr5VkikVmZeH6bTSlkm4Ey6Hyos4ev9kJIzGj03tB9w0UIH"
"./html/agencies/japan-united-states-friendship-commission/index.html","js","/modules/contrib/uswds_ckeditor_integration/js/aftermarket/uswds_accordion.js","-","-","-","-","-","sqrdwl"
"./html/agencies/japan-united-states-friendship-commission/index.html","js","/sites/default/files/js/js_JxNk0XijPRI5QYwn5XlgSWW1Bx0YJQ3HYOHPIZ4Crx4.js","footer","2","en","usagov","eJx1jUEOwzAIBD8Ux09CBFPXrQMR4FT9fa3k3OPO7GqHY9Uz164b9uTx7U3qMi4KoQcInq1iNBXYWUb-r-Dlc_gpDvTm0kINmgRXuyr5VkikVmZeH6bTSlkm4Ey6Hyos4ev9kJIzGj03tB9w0UIH","scope=footer&delta=2&language=en&theme=usagov&include=eJx1jUEOwzAIBD8Ux09CBFPXrQMR4FT9fa3k3OPO7GqHY9Uz164b9uTx7U3qMi4KoQcInq1iNBXYWUb-r-Dlc_gpDvTm0kINmgRXuyr5VkikVmZeH6bTSlkm4Ey6Hyos4ev9kJIzGj03tB9w0UIH"
"./html/agencies/japan-united-states-friendship-commission/index.html","js","/themes/custom/usagov/scripts/modifyMobileNav.js","-","-","-","-","-",""
"./html/agencies/job-corps/index.html","css","/sites/default/files/css/css__7_lnIX5SUimudYZT0iqhhe0r5Ev1QE4En7-BEPHMeY.css","-","-","en","usagov","eJwdykEOwCAIBMAP2fIkg5EQEtDDqo2_b-tlToONIUGFIWmCtS9S74X9wthuTdMyeUDHO3qdfmLmGtbynwQUXy0vYCIdnw","delta=0&language=en&theme=usagov&include=eJwdykEOwCAIBMAP2fIkg5EQEtDDqo2_b-tlToONIUGFIWmCtS9S74X9wthuTdMyeUDHO3qdfmLmGtbynwQUXy0vYCIdnw"
"./html/agencies/job-corps/index.html","css","/sites/default/files/css/css_h8MbvwzFoPHon25psxDvs_qWZKIaWznJGeScqw5abGU.css","-","1","en","usagov","eJwdykEOwCAIBMAP2fIkg5EQEtDDqo2_b-tlToONIUGFIWmCtS9S74X9wthuTdMyeUDHO3qdfmLmGtbynwQUXy0vYCIdnw","delta=1&language=en&theme=usagov&include=eJwdykEOwCAIBMAP2fIkg5EQEtDDqo2_b-tlToONIUGFIWmCtS9S74X9wthuTdMyeUDHO3qdfmLmGtbynwQUXy0vYCIdnw"
"./html/agencies/job-corps/index.html","js","/themes/custom/usagov/scripts/newFooter.js","-","-","-","-","-",""
"./html/agencies/job-corps/index.html","js","/sites/default/files/js/js_sJY3bzJs3jirGGaSNreFUENeOZtDcSGccrkIaQj9Xmc.js","footer","-","en","usagov","eJx1jUEOwzAIBD8Ux09CBFPXrQMR4FT9fa3k3OPO7GqHY9Uz164b9uTx7U3qMi4KoQcInq1iNBXYWUb-r-Dlc_gpDvTm0kINmgRXuyr5VkikVmZeH6bTSlkm4Ey6Hyos4ev9kJIzGj03tB9w0UIH","scope=footer&delta=0&language=en&theme=usagov&include=eJx1jUEOwzAIBD8Ux09CBFPXrQMR4FT9fa3k3OPO7GqHY9Uz164b9uTx7U3qMi4KoQcInq1iNBXYWUb-r-Dlc_gpDvTm0kINmgRXuyr5VkikVmZeH6bTSlkm4Ey6Hyos4ev9kJIzGj03tB9w0UIH"
"./html/agencies/job-corps/index.html","js","/modules/contrib/uswds_ckeditor_integration/js/aftermarket/uswds_accordion.js","-","-","-","-","-","sqrdwl"
"./html/agencies/job-corps/index.html","js","/sites/default/files/js/js_JxNk0XijPRI5QYwn5XlgSWW1Bx0YJQ3HYOHPIZ4Crx4.js","footer","2","en","usagov","eJx1jUEOwzAIBD8Ux09CBFPXrQMR4FT9fa3k3OPO7GqHY9Uz164b9uTx7U3qMi4KoQcInq1iNBXYWUb-r-Dlc_gpDvTm0kINmgRXuyr5VkikVmZeH6bTSlkm4Ey6Hyos4ev9kJIzGj03tB9w0UIH","scope=footer&delta=2&language=en&theme=usagov&include=eJx1jUEOwzAIBD8Ux09CBFPXrQMR4FT9fa3k3OPO7GqHY9Uz164b9uTx7U3qMi4KoQcInq1iNBXYWUb-r-Dlc_gpDvTm0kINmgRXuyr5VkikVmZeH6bTSlkm4Ey6Hyos4ev9kJIzGj03tB9w0UIH"
"./html/agencies/job-corps/index.html","js","/themes/custom/usagov/scripts/modifyMobileNav.js","-","-","-","-","-",""
"./html/agencies/john-f-kennedy-center-for-the-performing-arts/index.html","css","/sites/default/files/css/css__7_lnIX5SUimudYZT0iqhhe0r5Ev1QE4En7-BEPHMeY.css","-","-","en","usagov","eJwdykEOwCAIBMAP2fIkg5EQEtDDqo2_b-tlToONIUGFIWmCtS9S74X9wthuTdMyeUDHO3qdfmLmGtbynwQUXy0vYCIdnw","delta=0&language=en&theme=usagov&include=eJwdykEOwCAIBMAP2fIkg5EQEtDDqo2_b-tlToONIUGFIWmCtS9S74X9wthuTdMyeUDHO3qdfmLmGtbynwQUXy0vYCIdnw"
"./html/agencies/john-f-kennedy-center-for-the-performing-arts/index.html","css","/sites/default/files/css/css_h8MbvwzFoPHon25psxDvs_qWZKIaWznJGeScqw5abGU.css","-","1","en","usagov","eJwdykEOwCAIBMAP2fIkg5EQEtDDqo2_b-tlToONIUGFIWmCtS9S74X9wthuTdMyeUDHO3qdfmLmGtbynwQUXy0vYCIdnw","delta=1&language=en&theme=usagov&include=eJwdykEOwCAIBMAP2fIkg5EQEtDDqo2_b-tlToONIUGFIWmCtS9S74X9wthuTdMyeUDHO3qdfmLmGtbynwQUXy0vYCIdnw"
"./html/agencies/john-f-kennedy-center-for-the-performing-arts/index.html","js","/themes/custom/usagov/scripts/newFooter.js","-","-","-","-","-",""
"./html/agencies/john-f-kennedy-center-for-the-performing-arts/index.html","js","/sites/default/files/js/js_sJY3bzJs3jirGGaSNreFUENeOZtDcSGccrkIaQj9Xmc.js","footer","-","en","usagov","eJx1jUEOwzAIBD8Ux09CBFPXrQMR4FT9fa3k3OPO7GqHY9Uz164b9uTx7U3qMi4KoQcInq1iNBXYWUb-r-Dlc_gpDvTm0kINmgRXuyr5VkikVmZeH6bTSlkm4Ey6Hyos4ev9kJIzGj03tB9w0UIH","scope=footer&delta=0&language=en&theme=usagov&include=eJx1jUEOwzAIBD8Ux09CBFPXrQMR4FT9fa3k3OPO7GqHY9Uz164b9uTx7U3qMi4KoQcInq1iNBXYWUb-r-Dlc_gpDvTm0kINmgRXuyr5VkikVmZeH6bTSlkm4Ey6Hyos4ev9kJIzGj03tB9w0UIH"
"./html/agencies/john-f-kennedy-center-for-the-performing-arts/index.html","js","/modules/contrib/uswds_ckeditor_integration/js/aftermarket/uswds_accordion.js","-","-","-","-","-","sqrdwl"
"./html/agencies/john-f-kennedy-center-for-the-performing-arts/index.html","js","/sites/default/files/js/js_JxNk0XijPRI5QYwn5XlgSWW1Bx0YJQ3HYOHPIZ4Crx4.js","footer","2","en","usagov","eJx1jUEOwzAIBD8Ux09CBFPXrQMR4FT9fa3k3OPO7GqHY9Uz164b9uTx7U3qMi4KoQcInq1iNBXYWUb-r-Dlc_gpDvTm0kINmgRXuyr5VkikVmZeH6bTSlkm4Ey6Hyos4ev9kJIzGj03tB9w0UIH","scope=footer&delta=2&language=en&theme=usagov&include=eJx1jUEOwzAIBD8Ux09CBFPXrQMR4FT9fa3k3OPO7GqHY9Uz164b9uTx7U3qMi4KoQcInq1iNBXYWUb-r-Dlc_gpDvTm0kINmgRXuyr5VkikVmZeH6bTSlkm4Ey6Hyos4ev9kJIzGj03tB9w0UIH"
"./html/agencies/john-f-kennedy-center-for-the-performing-arts/index.html","js","/themes/custom/usagov/scripts/modifyMobileNav.js","-","-","-","-","-",""
"./html/agencies/joint-board-for-the-enrollment-of-actuaries/index.html","css","/sites/default/files/css/css__7_lnIX5SUimudYZT0iqhhe0r5Ev1QE4En7-BEPHMeY.css","-","-","en","usagov","eJwdykEOwCAIBMAP2fIkg5EQEtDDqo2_b-tlToONIUGFIWmCtS9S74X9wthuTdMyeUDHO3qdfmLmGtbynwQUXy0vYCIdnw","delta=0&language=en&theme=usagov&include=eJwdykEOwCAIBMAP2fIkg5EQEtDDqo2_b-tlToONIUGFIWmCtS9S74X9wthuTdMyeUDHO3qdfmLmGtbynwQUXy0vYCIdnw"
"./html/agencies/joint-board-for-the-enrollment-of-actuaries/index.html","css","/sites/default/files/css/css_h8MbvwzFoPHon25psxDvs_qWZKIaWznJGeScqw5abGU.css","-","1","en","usagov","eJwdykEOwCAIBMAP2fIkg5EQEtDDqo2_b-tlToONIUGFIWmCtS9S74X9wthuTdMyeUDHO3qdfmLmGtbynwQUXy0vYCIdnw","delta=1&language=en&theme=usagov&include=eJwdykEOwCAIBMAP2fIkg5EQEtDDqo2_b-tlToONIUGFIWmCtS9S74X9wthuTdMyeUDHO3qdfmLmGtbynwQUXy0vYCIdnw"
"./html/agencies/joint-board-for-the-enrollment-of-actuaries/index.html","js","/themes/custom/usagov/scripts/newFooter.js","-","-","-","-","-",""
"./html/agencies/joint-board-for-the-enrollment-of-actuaries/index.html","js","/sites/default/files/js/js_sJY3bzJs3jirGGaSNreFUENeOZtDcSGccrkIaQj9Xmc.js","footer","-","en","usagov","eJx1jUEOwzAIBD8Ux09CBFPXrQMR4FT9fa3k3OPO7GqHY9Uz164b9uTx7U3qMi4KoQcInq1iNBXYWUb-r-Dlc_gpDvTm0kINmgRXuyr5VkikVmZeH6bTSlkm4Ey6Hyos4ev9kJIzGj03tB9w0UIH","scope=footer&delta=0&language=en&theme=usagov&include=eJx1jUEOwzAIBD8Ux09CBFPXrQMR4FT9fa3k3OPO7GqHY9Uz164b9uTx7U3qMi4KoQcInq1iNBXYWUb-r-Dlc_gpDvTm0kINmgRXuyr5VkikVmZeH6bTSlkm4Ey6Hyos4ev9kJIzGj03tB9w0UIH"
"./html/agencies/joint-board-for-the-enrollment-of-actuaries/index.html","js","/modules/contrib/uswds_ckeditor_integration/js/aftermarket/uswds_accordion.js","-","-","-","-","-","sqrdwl"
"./html/agencies/joint-board-for-the-enrollment-of-actuaries/index.html","js","/sites/default/files/js/js_JxNk0XijPRI5QYwn5XlgSWW1Bx0YJQ3HYOHPIZ4Crx4.js","footer","2","en","usagov","eJx1jUEOwzAIBD8Ux09CBFPXrQMR4FT9fa3k3OPO7GqHY9Uz164b9uTx7U3qMi4KoQcInq1iNBXYWUb-r-Dlc_gpDvTm0kINmgRXuyr5VkikVmZeH6bTSlkm4Ey6Hyos4ev9kJIzGj03tB9w0UIH","scope=footer&delta=2&language=en&theme=usagov&include=eJx1jUEOwzAIBD8Ux09CBFPXrQMR4FT9fa3k3OPO7GqHY9Uz164b9uTx7U3qMi4KoQcInq1iNBXYWUb-r-Dlc_gpDvTm0kINmgRXuyr5VkikVmZeH6bTSlkm4Ey6Hyos4ev9kJIzGj03tB9w0UIH"
"./html/agencies/joint-board-for-the-enrollment-of-actuaries/index.html","js","/themes/custom/usagov/scripts/modifyMobileNav.js","-","-","-","-","-",""
"./html/agencies/joint-chiefs-of-staff/index.html","css","/sites/default/files/css/css__7_lnIX5SUimudYZT0iqhhe0r5Ev1QE4En7-BEPHMeY.css","-","-","en","usagov","eJwdykEOwCAIBMAP2fIkg5EQEtDDqo2_b-tlToONIUGFIWmCtS9S74X9wthuTdMyeUDHO3qdfmLmGtbynwQUXy0vYCIdnw","delta=0&language=en&theme=usagov&include=eJwdykEOwCAIBMAP2fIkg5EQEtDDqo2_b-tlToONIUGFIWmCtS9S74X9wthuTdMyeUDHO3qdfmLmGtbynwQUXy0vYCIdnw"
"./html/agencies/joint-chiefs-of-staff/index.html","css","/sites/default/files/css/css_h8MbvwzFoPHon25psxDvs_qWZKIaWznJGeScqw5abGU.css","-","1","en","usagov","eJwdykEOwCAIBMAP2fIkg5EQEtDDqo2_b-tlToONIUGFIWmCtS9S74X9wthuTdMyeUDHO3qdfmLmGtbynwQUXy0vYCIdnw","delta=1&language=en&theme=usagov&include=eJwdykEOwCAIBMAP2fIkg5EQEtDDqo2_b-tlToONIUGFIWmCtS9S74X9wthuTdMyeUDHO3qdfmLmGtbynwQUXy0vYCIdnw"
"./html/agencies/joint-chiefs-of-staff/index.html","js","/themes/custom/usagov/scripts/newFooter.js","-","-","-","-","-",""
"./html/agencies/joint-chiefs-of-staff/index.html","js","/sites/default/files/js/js_sJY3bzJs3jirGGaSNreFUENeOZtDcSGccrkIaQj9Xmc.js","footer","-","en","usagov","eJx1jUEOwzAIBD8Ux09CBFPXrQMR4FT9fa3k3OPO7GqHY9Uz164b9uTx7U3qMi4KoQcInq1iNBXYWUb-r-Dlc_gpDvTm0kINmgRXuyr5VkikVmZeH6bTSlkm4Ey6Hyos4ev9kJIzGj03tB9w0UIH","scope=footer&delta=0&language=en&theme=usagov&include=eJx1jUEOwzAIBD8Ux09CBFPXrQMR4FT9fa3k3OPO7GqHY9Uz164b9uTx7U3qMi4KoQcInq1iNBXYWUb-r-Dlc_gpDvTm0kINmgRXuyr5VkikVmZeH6bTSlkm4Ey6Hyos4ev9kJIzGj03tB9w0UIH"
"./html/agencies/joint-chiefs-of-staff/index.html","js","/modules/contrib/uswds_ckeditor_integration/js/aftermarket/uswds_accordion.js","-","-","-","-","-","sqrdwl"
"./html/agencies/joint-chiefs-of-staff/index.html","js","/sites/default/files/js/js_JxNk0XijPRI5QYwn5XlgSWW1Bx0YJQ3HYOHPIZ4Crx4.js","footer","2","en","usagov","eJx1jUEOwzAIBD8Ux09CBFPXrQMR4FT9fa3k3OPO7GqHY9Uz164b9uTx7U3qMi4KoQcInq1iNBXYWUb-r-Dlc_gpDvTm0kINmgRXuyr5VkikVmZeH6bTSlkm4Ey6Hyos4ev9kJIzGj03tB9w0UIH","scope=footer&delta=2&language=en&theme=usagov&include=eJx1jUEOwzAIBD8Ux09CBFPXrQMR4FT9fa3k3OPO7GqHY9Uz164b9uTx7U3qMi4KoQcInq1iNBXYWUb-r-Dlc_gpDvTm0kINmgRXuyr5VkikVmZeH6bTSlkm4Ey6Hyos4ev9kJIzGj03tB9w0UIH"
"./html/agencies/joint-chiefs-of-staff/index.html","js","/themes/custom/usagov/scripts/modifyMobileNav.js","-","-","-","-","-",""
"./html/agencies/joint-congressional-committee-on-inaugural-ceremonies/index.html","css","/sites/default/files/css/css__7_lnIX5SUimudYZT0iqhhe0r5Ev1QE4En7-BEPHMeY.css","-","-","en","usagov","eJwdykEOwCAIBMAP2fIkg5EQEtDDqo2_b-tlToONIUGFIWmCtS9S74X9wthuTdMyeUDHO3qdfmLmGtbynwQUXy0vYCIdnw","delta=0&language=en&theme=usagov&include=eJwdykEOwCAIBMAP2fIkg5EQEtDDqo2_b-tlToONIUGFIWmCtS9S74X9wthuTdMyeUDHO3qdfmLmGtbynwQUXy0vYCIdnw"
"./html/agencies/joint-congressional-committee-on-inaugural-ceremonies/index.html","css","/sites/default/files/css/css_h8MbvwzFoPHon25psxDvs_qWZKIaWznJGeScqw5abGU.css","-","1","en","usagov","eJwdykEOwCAIBMAP2fIkg5EQEtDDqo2_b-tlToONIUGFIWmCtS9S74X9wthuTdMyeUDHO3qdfmLmGtbynwQUXy0vYCIdnw","delta=1&language=en&theme=usagov&include=eJwdykEOwCAIBMAP2fIkg5EQEtDDqo2_b-tlToONIUGFIWmCtS9S74X9wthuTdMyeUDHO3qdfmLmGtbynwQUXy0vYCIdnw"
"./html/agencies/joint-congressional-committee-on-inaugural-ceremonies/index.html","js","/themes/custom/usagov/scripts/newFooter.js","-","-","-","-","-",""
"./html/agencies/joint-congressional-committee-on-inaugural-ceremonies/index.html","js","/sites/default/files/js/js_sJY3bzJs3jirGGaSNreFUENeOZtDcSGccrkIaQj9Xmc.js","footer","-","en","usagov","eJx1jUEOwzAIBD8Ux09CBFPXrQMR4FT9fa3k3OPO7GqHY9Uz164b9uTx7U3qMi4KoQcInq1iNBXYWUb-r-Dlc_gpDvTm0kINmgRXuyr5VkikVmZeH6bTSlkm4Ey6Hyos4ev9kJIzGj03tB9w0UIH","scope=footer&delta=0&language=en&theme=usagov&include=eJx1jUEOwzAIBD8Ux09CBFPXrQMR4FT9fa3k3OPO7GqHY9Uz164b9uTx7U3qMi4KoQcInq1iNBXYWUb-r-Dlc_gpDvTm0kINmgRXuyr5VkikVmZeH6bTSlkm4Ey6Hyos4ev9kJIzGj03tB9w0UIH"
"./html/agencies/joint-congressional-committee-on-inaugural-ceremonies/index.html","js","/modules/contrib/uswds_ckeditor_integration/js/aftermarket/uswds_accordion.js","-","-","-","-","-","sqrdwl"
"./html/agencies/joint-congressional-committee-on-inaugural-ceremonies/index.html","js","/sites/default/files/js/js_JxNk0XijPRI5QYwn5XlgSWW1Bx0YJQ3HYOHPIZ4Crx4.js","footer","2","en","usagov","eJx1jUEOwzAIBD8Ux09CBFPXrQMR4FT9fa3k3OPO7GqHY9Uz164b9uTx7U3qMi4KoQcInq1iNBXYWUb-r-Dlc_gpDvTm0kINmgRXuyr5VkikVmZeH6bTSlkm4Ey6Hyos4ev9kJIzGj03tB9w0UIH","scope=footer&delta=2&language=en&theme=usagov&include=eJx1jUEOwzAIBD8Ux09CBFPXrQMR4FT9fa3k3OPO7GqHY9Uz164b9uTx7U3qMi4KoQcInq1iNBXYWUb-r-Dlc_gpDvTm0kINmgRXuyr5VkikVmZeH6bTSlkm4Ey6Hyos4ev9kJIzGj03tB9w0UIH"
"./html/agencies/joint-congressional-committee-on-inaugural-ceremonies/index.html","js","/themes/custom/usagov/scripts/modifyMobileNav.js","-","-","-","-","-",""
"./html/agencies/joint-fire-science-program/index.html","css","/sites/default/files/css/css__7_lnIX5SUimudYZT0iqhhe0r5Ev1QE4En7-BEPHMeY.css","-","-","en","usagov","eJwdykEOwCAIBMAP2fIkg5EQEtDDqo2_b-tlToONIUGFIWmCtS9S74X9wthuTdMyeUDHO3qdfmLmGtbynwQUXy0vYCIdnw","delta=0&language=en&theme=usagov&include=eJwdykEOwCAIBMAP2fIkg5EQEtDDqo2_b-tlToONIUGFIWmCtS9S74X9wthuTdMyeUDHO3qdfmLmGtbynwQUXy0vYCIdnw"
"./html/agencies/joint-fire-science-program/index.html","css","/sites/default/files/css/css_h8MbvwzFoPHon25psxDvs_qWZKIaWznJGeScqw5abGU.css","-","1","en","usagov","eJwdykEOwCAIBMAP2fIkg5EQEtDDqo2_b-tlToONIUGFIWmCtS9S74X9wthuTdMyeUDHO3qdfmLmGtbynwQUXy0vYCIdnw","delta=1&language=en&theme=usagov&include=eJwdykEOwCAIBMAP2fIkg5EQEtDDqo2_b-tlToONIUGFIWmCtS9S74X9wthuTdMyeUDHO3qdfmLmGtbynwQUXy0vYCIdnw"
"./html/agencies/joint-fire-science-program/index.html","js","/themes/custom/usagov/scripts/newFooter.js","-","-","-","-","-",""
"./html/agencies/joint-fire-science-program/index.html","js","/sites/default/files/js/js_sJY3bzJs3jirGGaSNreFUENeOZtDcSGccrkIaQj9Xmc.js","footer","-","en","usagov","eJx1jUEOwzAIBD8Ux09CBFPXrQMR4FT9fa3k3OPO7GqHY9Uz164b9uTx7U3qMi4KoQcInq1iNBXYWUb-r-Dlc_gpDvTm0kINmgRXuyr5VkikVmZeH6bTSlkm4Ey6Hyos4ev9kJIzGj03tB9w0UIH","scope=footer&delta=0&language=en&theme=usagov&include=eJx1jUEOwzAIBD8Ux09CBFPXrQMR4FT9fa3k3OPO7GqHY9Uz164b9uTx7U3qMi4KoQcInq1iNBXYWUb-r-Dlc_gpDvTm0kINmgRXuyr5VkikVmZeH6bTSlkm4Ey6Hyos4ev9kJIzGj03tB9w0UIH"
"./html/agencies/joint-fire-science-program/index.html","js","/modules/contrib/uswds_ckeditor_integration/js/aftermarket/uswds_accordion.js","-","-","-","-","-","sqrdwl"
"./html/agencies/joint-fire-science-program/index.html","js","/sites/default/files/js/js_JxNk0XijPRI5QYwn5XlgSWW1Bx0YJQ3HYOHPIZ4Crx4.js","footer","2","en","usagov","eJx1jUEOwzAIBD8Ux09CBFPXrQMR4FT9fa3k3OPO7GqHY9Uz164b9uTx7U3qMi4KoQcInq1iNBXYWUb-r-Dlc_gpDvTm0kINmgRXuyr5VkikVmZeH6bTSlkm4Ey6Hyos4ev9kJIzGj03tB9w0UIH","scope=footer&delta=2&language=en&theme=usagov&include=eJx1jUEOwzAIBD8Ux09CBFPXrQMR4FT9fa3k3OPO7GqHY9Uz164b9uTx7U3qMi4KoQcInq1iNBXYWUb-r-Dlc_gpDvTm0kINmgRXuyr5VkikVmZeH6bTSlkm4Ey6Hyos4ev9kJIzGj03tB9w0UIH"
"./html/agencies/joint-fire-science-program/index.html","js","/themes/custom/usagov/scripts/modifyMobileNav.js","-","-","-","-","-",""
"./html/agencies/joint-forces-staff-college/index.html","css","/sites/default/files/css/css__7_lnIX5SUimudYZT0iqhhe0r5Ev1QE4En7-BEPHMeY.css","-","-","en","usagov","eJwdykEOwCAIBMAP2fIkg5EQEtDDqo2_b-tlToONIUGFIWmCtS9S74X9wthuTdMyeUDHO3qdfmLmGtbynwQUXy0vYCIdnw","delta=0&language=en&theme=usagov&include=eJwdykEOwCAIBMAP2fIkg5EQEtDDqo2_b-tlToONIUGFIWmCtS9S74X9wthuTdMyeUDHO3qdfmLmGtbynwQUXy0vYCIdnw"
"./html/agencies/joint-forces-staff-college/index.html","css","/sites/default/files/css/css_h8MbvwzFoPHon25psxDvs_qWZKIaWznJGeScqw5abGU.css","-","1","en","usagov","eJwdykEOwCAIBMAP2fIkg5EQEtDDqo2_b-tlToONIUGFIWmCtS9S74X9wthuTdMyeUDHO3qdfmLmGtbynwQUXy0vYCIdnw","delta=1&language=en&theme=usagov&include=eJwdykEOwCAIBMAP2fIkg5EQEtDDqo2_b-tlToONIUGFIWmCtS9S74X9wthuTdMyeUDHO3qdfmLmGtbynwQUXy0vYCIdnw"
"./html/agencies/joint-forces-staff-college/index.html","js","/themes/custom/usagov/scripts/newFooter.js","-","-","-","-","-",""
"./html/agencies/joint-forces-staff-college/index.html","js","/sites/default/files/js/js_sJY3bzJs3jirGGaSNreFUENeOZtDcSGccrkIaQj9Xmc.js","footer","-","en","usagov","eJx1jUEOwzAIBD8Ux09CBFPXrQMR4FT9fa3k3OPO7GqHY9Uz164b9uTx7U3qMi4KoQcInq1iNBXYWUb-r-Dlc_gpDvTm0kINmgRXuyr5VkikVmZeH6bTSlkm4Ey6Hyos4ev9kJIzGj03tB9w0UIH","scope=footer&delta=0&language=en&theme=usagov&include=eJx1jUEOwzAIBD8Ux09CBFPXrQMR4FT9fa3k3OPO7GqHY9Uz164b9uTx7U3qMi4KoQcInq1iNBXYWUb-r-Dlc_gpDvTm0kINmgRXuyr5VkikVmZeH6bTSlkm4Ey6Hyos4ev9kJIzGj03tB9w0UIH"
"./html/agencies/joint-forces-staff-college/index.html","js","/modules/contrib/uswds_ckeditor_integration/js/aftermarket/uswds_accordion.js","-","-","-","-","-","sqrdwl"
"./html/agencies/joint-forces-staff-college/index.html","js","/sites/default/files/js/js_JxNk0XijPRI5QYwn5XlgSWW1Bx0YJQ3HYOHPIZ4Crx4.js","footer","2","en","usagov","eJx1jUEOwzAIBD8Ux09CBFPXrQMR4FT9fa3k3OPO7GqHY9Uz164b9uTx7U3qMi4KoQcInq1iNBXYWUb-r-Dlc_gpDvTm0kINmgRXuyr5VkikVmZeH6bTSlkm4Ey6Hyos4ev9kJIzGj03tB9w0UIH","scope=footer&delta=2&language=en&theme=usagov&include=eJx1jUEOwzAIBD8Ux09CBFPXrQMR4FT9fa3k3OPO7GqHY9Uz164b9uTx7U3qMi4KoQcInq1iNBXYWUb-r-Dlc_gpDvTm0kINmgRXuyr5VkikVmZeH6bTSlkm4Ey6Hyos4ev9kJIzGj03tB9w0UIH"
"./html/agencies/joint-forces-staff-college/index.html","js","/themes/custom/usagov/scripts/modifyMobileNav.js","-","-","-","-","-",""
"./html/agencies/joint-program-executive-office-for-chemical-biological-radiological-and-nuclear-defense/index.html","css","/sites/default/files/css/css__7_lnIX5SUimudYZT0iqhhe0r5Ev1QE4En7-BEPHMeY.css","-","-","en","usagov","eJwdykEOwCAIBMAP2fIkg5EQEtDDqo2_b-tlToONIUGFIWmCtS9S74X9wthuTdMyeUDHO3qdfmLmGtbynwQUXy0vYCIdnw","delta=0&language=en&theme=usagov&include=eJwdykEOwCAIBMAP2fIkg5EQEtDDqo2_b-tlToONIUGFIWmCtS9S74X9wthuTdMyeUDHO3qdfmLmGtbynwQUXy0vYCIdnw"
"./html/agencies/joint-program-executive-office-for-chemical-biological-radiological-and-nuclear-defense/index.html","css","/sites/default/files/css/css_h8MbvwzFoPHon25psxDvs_qWZKIaWznJGeScqw5abGU.css","-","1","en","usagov","eJwdykEOwCAIBMAP2fIkg5EQEtDDqo2_b-tlToONIUGFIWmCtS9S74X9wthuTdMyeUDHO3qdfmLmGtbynwQUXy0vYCIdnw","delta=1&language=en&theme=usagov&include=eJwdykEOwCAIBMAP2fIkg5EQEtDDqo2_b-tlToONIUGFIWmCtS9S74X9wthuTdMyeUDHO3qdfmLmGtbynwQUXy0vYCIdnw"
"./html/agencies/joint-program-executive-office-for-chemical-biological-radiological-and-nuclear-defense/index.html","js","/themes/custom/usagov/scripts/newFooter.js","-","-","-","-","-",""
"./html/agencies/joint-program-executive-office-for-chemical-biological-radiological-and-nuclear-defense/index.html","js","/sites/default/files/js/js_sJY3bzJs3jirGGaSNreFUENeOZtDcSGccrkIaQj9Xmc.js","footer","-","en","usagov","eJx1jUEOwzAIBD8Ux09CBFPXrQMR4FT9fa3k3OPO7GqHY9Uz164b9uTx7U3qMi4KoQcInq1iNBXYWUb-r-Dlc_gpDvTm0kINmgRXuyr5VkikVmZeH6bTSlkm4Ey6Hyos4ev9kJIzGj03tB9w0UIH","scope=footer&delta=0&language=en&theme=usagov&include=eJx1jUEOwzAIBD8Ux09CBFPXrQMR4FT9fa3k3OPO7GqHY9Uz164b9uTx7U3qMi4KoQcInq1iNBXYWUb-r-Dlc_gpDvTm0kINmgRXuyr5VkikVmZeH6bTSlkm4Ey6Hyos4ev9kJIzGj03tB9w0UIH"
"./html/agencies/joint-program-executive-office-for-chemical-biological-radiological-and-nuclear-defense/index.html","js","/modules/contrib/uswds_ckeditor_integration/js/aftermarket/uswds_accordion.js","-","-","-","-","-","sqrdwl"
"./html/agencies/joint-program-executive-office-for-chemical-biological-radiological-and-nuclear-defense/index.html","js","/sites/default/files/js/js_JxNk0XijPRI5QYwn5XlgSWW1Bx0YJQ3HYOHPIZ4Crx4.js","footer","2","en","usagov","eJx1jUEOwzAIBD8Ux09CBFPXrQMR4FT9fa3k3OPO7GqHY9Uz164b9uTx7U3qMi4KoQcInq1iNBXYWUb-r-Dlc_gpDvTm0kINmgRXuyr5VkikVmZeH6bTSlkm4Ey6Hyos4ev9kJIzGj03tB9w0UIH","scope=footer&delta=2&language=en&theme=usagov&include=eJx1jUEOwzAIBD8Ux09CBFPXrQMR4FT9fa3k3OPO7GqHY9Uz164b9uTx7U3qMi4KoQcInq1iNBXYWUb-r-Dlc_gpDvTm0kINmgRXuyr5VkikVmZeH6bTSlkm4Ey6Hyos4ev9kJIzGj03tB9w0UIH"
"./html/agencies/joint-program-executive-office-for-chemical-biological-radiological-and-nuclear-defense/index.html","js","/themes/custom/usagov/scripts/modifyMobileNav.js","-","-","-","-","-",""
"./html/agencies/judicial-panel-on-multidistrict-litigation/index.html","css","/sites/default/files/css/css__7_lnIX5SUimudYZT0iqhhe0r5Ev1QE4En7-BEPHMeY.css","-","-","en","usagov","eJwdykEOwCAIBMAP2fIkg5EQEtDDqo2_b-tlToONIUGFIWmCtS9S74X9wthuTdMyeUDHO3qdfmLmGtbynwQUXy0vYCIdnw","delta=0&language=en&theme=usagov&include=eJwdykEOwCAIBMAP2fIkg5EQEtDDqo2_b-tlToONIUGFIWmCtS9S74X9wthuTdMyeUDHO3qdfmLmGtbynwQUXy0vYCIdnw"
"./html/agencies/judicial-panel-on-multidistrict-litigation/index.html","css","/sites/default/files/css/css_h8MbvwzFoPHon25psxDvs_qWZKIaWznJGeScqw5abGU.css","-","1","en","usagov","eJwdykEOwCAIBMAP2fIkg5EQEtDDqo2_b-tlToONIUGFIWmCtS9S74X9wthuTdMyeUDHO3qdfmLmGtbynwQUXy0vYCIdnw","delta=1&language=en&theme=usagov&include=eJwdykEOwCAIBMAP2fIkg5EQEtDDqo2_b-tlToONIUGFIWmCtS9S74X9wthuTdMyeUDHO3qdfmLmGtbynwQUXy0vYCIdnw"
"./html/agencies/judicial-panel-on-multidistrict-litigation/index.html","js","/themes/custom/usagov/scripts/newFooter.js","-","-","-","-","-",""
"./html/agencies/judicial-panel-on-multidistrict-litigation/index.html","js","/sites/default/files/js/js_sJY3bzJs3jirGGaSNreFUENeOZtDcSGccrkIaQj9Xmc.js","footer","-","en","usagov","eJx1jUEOwzAIBD8Ux09CBFPXrQMR4FT9fa3k3OPO7GqHY9Uz164b9uTx7U3qMi4KoQcInq1iNBXYWUb-r-Dlc_gpDvTm0kINmgRXuyr5VkikVmZeH6bTSlkm4Ey6Hyos4ev9kJIzGj03tB9w0UIH","scope=footer&delta=0&language=en&theme=usagov&include=eJx1jUEOwzAIBD8Ux09CBFPXrQMR4FT9fa3k3OPO7GqHY9Uz164b9uTx7U3qMi4KoQcInq1iNBXYWUb-r-Dlc_gpDvTm0kINmgRXuyr5VkikVmZeH6bTSlkm4Ey6Hyos4ev9kJIzGj03tB9w0UIH"
"./html/agencies/judicial-panel-on-multidistrict-litigation/index.html","js","/modules/contrib/uswds_ckeditor_integration/js/aftermarket/uswds_accordion.js","-","-","-","-","-","sqrdwl"
"./html/agencies/judicial-panel-on-multidistrict-litigation/index.html","js","/sites/default/files/js/js_JxNk0XijPRI5QYwn5XlgSWW1Bx0YJQ3HYOHPIZ4Crx4.js","footer","2","en","usagov","eJx1jUEOwzAIBD8Ux09CBFPXrQMR4FT9fa3k3OPO7GqHY9Uz164b9uTx7U3qMi4KoQcInq1iNBXYWUb-r-Dlc_gpDvTm0kINmgRXuyr5VkikVmZeH6bTSlkm4Ey6Hyos4ev9kJIzGj03tB9w0UIH","scope=footer&delta=2&language=en&theme=usagov&include=eJx1jUEOwzAIBD8Ux09CBFPXrQMR4FT9fa3k3OPO7GqHY9Uz164b9uTx7U3qMi4KoQcInq1iNBXYWUb-r-Dlc_gpDvTm0kINmgRXuyr5VkikVmZeH6bTSlkm4Ey6Hyos4ev9kJIzGj03tB9w0UIH"
"./html/agencies/judicial-panel-on-multidistrict-litigation/index.html","js","/themes/custom/usagov/scripts/modifyMobileNav.js","-","-","-","-","-",""
"./html/agencies/legal-services-corporation/index.html","css","/sites/default/files/css/css__7_lnIX5SUimudYZT0iqhhe0r5Ev1QE4En7-BEPHMeY.css","-","-","en","usagov","eJwdykEOwCAIBMAP2fIkg5EQEtDDqo2_b-tlToONIUGFIWmCtS9S74X9wthuTdMyeUDHO3qdfmLmGtbynwQUXy0vYCIdnw","delta=0&language=en&theme=usagov&include=eJwdykEOwCAIBMAP2fIkg5EQEtDDqo2_b-tlToONIUGFIWmCtS9S74X9wthuTdMyeUDHO3qdfmLmGtbynwQUXy0vYCIdnw"
"./html/agencies/legal-services-corporation/index.html","css","/sites/default/files/css/css_h8MbvwzFoPHon25psxDvs_qWZKIaWznJGeScqw5abGU.css","-","1","en","usagov","eJwdykEOwCAIBMAP2fIkg5EQEtDDqo2_b-tlToONIUGFIWmCtS9S74X9wthuTdMyeUDHO3qdfmLmGtbynwQUXy0vYCIdnw","delta=1&language=en&theme=usagov&include=eJwdykEOwCAIBMAP2fIkg5EQEtDDqo2_b-tlToONIUGFIWmCtS9S74X9wthuTdMyeUDHO3qdfmLmGtbynwQUXy0vYCIdnw"
"./html/agencies/legal-services-corporation/index.html","js","/themes/custom/usagov/scripts/newFooter.js","-","-","-","-","-",""
"./html/agencies/legal-services-corporation/index.html","js","/sites/default/files/js/js_sJY3bzJs3jirGGaSNreFUENeOZtDcSGccrkIaQj9Xmc.js","footer","-","en","usagov","eJx1jUEOwzAIBD8Ux09CBFPXrQMR4FT9fa3k3OPO7GqHY9Uz164b9uTx7U3qMi4KoQcInq1iNBXYWUb-r-Dlc_gpDvTm0kINmgRXuyr5VkikVmZeH6bTSlkm4Ey6Hyos4ev9kJIzGj03tB9w0UIH","scope=footer&delta=0&language=en&theme=usagov&include=eJx1jUEOwzAIBD8Ux09CBFPXrQMR4FT9fa3k3OPO7GqHY9Uz164b9uTx7U3qMi4KoQcInq1iNBXYWUb-r-Dlc_gpDvTm0kINmgRXuyr5VkikVmZeH6bTSlkm4Ey6Hyos4ev9kJIzGj03tB9w0UIH"
"./html/agencies/legal-services-corporation/index.html","js","/modules/contrib/uswds_ckeditor_integration/js/aftermarket/uswds_accordion.js","-","-","-","-","-","sqrdwl"
"./html/agencies/legal-services-corporation/index.html","js","/sites/default/files/js/js_JxNk0XijPRI5QYwn5XlgSWW1Bx0YJQ3HYOHPIZ4Crx4.js","footer","2","en","usagov","eJx1jUEOwzAIBD8Ux09CBFPXrQMR4FT9fa3k3OPO7GqHY9Uz164b9uTx7U3qMi4KoQcInq1iNBXYWUb-r-Dlc_gpDvTm0kINmgRXuyr5VkikVmZeH6bTSlkm4Ey6Hyos4ev9kJIzGj03tB9w0UIH","scope=footer&delta=2&language=en&theme=usagov&include=eJx1jUEOwzAIBD8Ux09CBFPXrQMR4FT9fa3k3OPO7GqHY9Uz164b9uTx7U3qMi4KoQcInq1iNBXYWUb-r-Dlc_gpDvTm0kINmgRXuyr5VkikVmZeH6bTSlkm4Ey6Hyos4ev9kJIzGj03tB9w0UIH"
"./html/agencies/legal-services-corporation/index.html","js","/themes/custom/usagov/scripts/modifyMobileNav.js","-","-","-","-","-",""
"./html/agencies/library-of-congress/index.html","css","/sites/default/files/css/css__7_lnIX5SUimudYZT0iqhhe0r5Ev1QE4En7-BEPHMeY.css","-","-","en","usagov","eJwdykEOwCAIBMAP2fIkg5EQEtDDqo2_b-tlToONIUGFIWmCtS9S74X9wthuTdMyeUDHO3qdfmLmGtbynwQUXy0vYCIdnw","delta=0&language=en&theme=usagov&include=eJwdykEOwCAIBMAP2fIkg5EQEtDDqo2_b-tlToONIUGFIWmCtS9S74X9wthuTdMyeUDHO3qdfmLmGtbynwQUXy0vYCIdnw"
"./html/agencies/library-of-congress/index.html","css","/sites/default/files/css/css_h8MbvwzFoPHon25psxDvs_qWZKIaWznJGeScqw5abGU.css","-","1","en","usagov","eJwdykEOwCAIBMAP2fIkg5EQEtDDqo2_b-tlToONIUGFIWmCtS9S74X9wthuTdMyeUDHO3qdfmLmGtbynwQUXy0vYCIdnw","delta=1&language=en&theme=usagov&include=eJwdykEOwCAIBMAP2fIkg5EQEtDDqo2_b-tlToONIUGFIWmCtS9S74X9wthuTdMyeUDHO3qdfmLmGtbynwQUXy0vYCIdnw"
"./html/agencies/library-of-congress/index.html","js","/themes/custom/usagov/scripts/newFooter.js","-","-","-","-","-",""
"./html/agencies/library-of-congress/index.html","js","/sites/default/files/js/js_sJY3bzJs3jirGGaSNreFUENeOZtDcSGccrkIaQj9Xmc.js","footer","-","en","usagov","eJx1jUEOwzAIBD8Ux09CBFPXrQMR4FT9fa3k3OPO7GqHY9Uz164b9uTx7U3qMi4KoQcInq1iNBXYWUb-r-Dlc_gpDvTm0kINmgRXuyr5VkikVmZeH6bTSlkm4Ey6Hyos4ev9kJIzGj03tB9w0UIH","scope=footer&delta=0&language=en&theme=usagov&include=eJx1jUEOwzAIBD8Ux09CBFPXrQMR4FT9fa3k3OPO7GqHY9Uz164b9uTx7U3qMi4KoQcInq1iNBXYWUb-r-Dlc_gpDvTm0kINmgRXuyr5VkikVmZeH6bTSlkm4Ey6Hyos4ev9kJIzGj03tB9w0UIH"
"./html/agencies/library-of-congress/index.html","js","/modules/contrib/uswds_ckeditor_integration/js/aftermarket/uswds_accordion.js","-","-","-","-","-","sqrdwl"
"./html/agencies/library-of-congress/index.html","js","/sites/default/files/js/js_JxNk0XijPRI5QYwn5XlgSWW1Bx0YJQ3HYOHPIZ4Crx4.js","footer","2","en","usagov","eJx1jUEOwzAIBD8Ux09CBFPXrQMR4FT9fa3k3OPO7GqHY9Uz164b9uTx7U3qMi4KoQcInq1iNBXYWUb-r-Dlc_gpDvTm0kINmgRXuyr5VkikVmZeH6bTSlkm4Ey6Hyos4ev9kJIzGj03tB9w0UIH","scope=footer&delta=2&language=en&theme=usagov&include=eJx1jUEOwzAIBD8Ux09CBFPXrQMR4FT9fa3k3OPO7GqHY9Uz164b9uTx7U3qMi4KoQcInq1iNBXYWUb-r-Dlc_gpDvTm0kINmgRXuyr5VkikVmZeH6bTSlkm4Ey6Hyos4ev9kJIzGj03tB9w0UIH"
"./html/agencies/library-of-congress/index.html","js","/themes/custom/usagov/scripts/modifyMobileNav.js","-","-","-","-","-",""
"./html/agencies/marine-mammal-commission/index.html","css","/sites/default/files/css/css__7_lnIX5SUimudYZT0iqhhe0r5Ev1QE4En7-BEPHMeY.css","-","-","en","usagov","eJwdykEOwCAIBMAP2fIkg5EQEtDDqo2_b-tlToONIUGFIWmCtS9S74X9wthuTdMyeUDHO3qdfmLmGtbynwQUXy0vYCIdnw","delta=0&language=en&theme=usagov&include=eJwdykEOwCAIBMAP2fIkg5EQEtDDqo2_b-tlToONIUGFIWmCtS9S74X9wthuTdMyeUDHO3qdfmLmGtbynwQUXy0vYCIdnw"
"./html/agencies/marine-mammal-commission/index.html","css","/sites/default/files/css/css_h8MbvwzFoPHon25psxDvs_qWZKIaWznJGeScqw5abGU.css","-","1","en","usagov","eJwdykEOwCAIBMAP2fIkg5EQEtDDqo2_b-tlToONIUGFIWmCtS9S74X9wthuTdMyeUDHO3qdfmLmGtbynwQUXy0vYCIdnw","delta=1&language=en&theme=usagov&include=eJwdykEOwCAIBMAP2fIkg5EQEtDDqo2_b-tlToONIUGFIWmCtS9S74X9wthuTdMyeUDHO3qdfmLmGtbynwQUXy0vYCIdnw"
"./html/agencies/marine-mammal-commission/index.html","js","/themes/custom/usagov/scripts/newFooter.js","-","-","-","-","-",""
"./html/agencies/marine-mammal-commission/index.html","js","/sites/default/files/js/js_sJY3bzJs3jirGGaSNreFUENeOZtDcSGccrkIaQj9Xmc.js","footer","-","en","usagov","eJx1jUEOwzAIBD8Ux09CBFPXrQMR4FT9fa3k3OPO7GqHY9Uz164b9uTx7U3qMi4KoQcInq1iNBXYWUb-r-Dlc_gpDvTm0kINmgRXuyr5VkikVmZeH6bTSlkm4Ey6Hyos4ev9kJIzGj03tB9w0UIH","scope=footer&delta=0&language=en&theme=usagov&include=eJx1jUEOwzAIBD8Ux09CBFPXrQMR4FT9fa3k3OPO7GqHY9Uz164b9uTx7U3qMi4KoQcInq1iNBXYWUb-r-Dlc_gpDvTm0kINmgRXuyr5VkikVmZeH6bTSlkm4Ey6Hyos4ev9kJIzGj03tB9w0UIH"
"./html/agencies/marine-mammal-commission/index.html","js","/modules/contrib/uswds_ckeditor_integration/js/aftermarket/uswds_accordion.js","-","-","-","-","-","sqrdwl"
"./html/agencies/marine-mammal-commission/index.html","js","/sites/default/files/js/js_JxNk0XijPRI5QYwn5XlgSWW1Bx0YJQ3HYOHPIZ4Crx4.js","footer","2","en","usagov","eJx1jUEOwzAIBD8Ux09CBFPXrQMR4FT9fa3k3OPO7GqHY9Uz164b9uTx7U3qMi4KoQcInq1iNBXYWUb-r-Dlc_gpDvTm0kINmgRXuyr5VkikVmZeH6bTSlkm4Ey6Hyos4ev9kJIzGj03tB9w0UIH","scope=footer&delta=2&language=en&theme=usagov&include=eJx1jUEOwzAIBD8Ux09CBFPXrQMR4FT9fa3k3OPO7GqHY9Uz164b9uTx7U3qMi4KoQcInq1iNBXYWUb-r-Dlc_gpDvTm0kINmgRXuyr5VkikVmZeH6bTSlkm4Ey6Hyos4ev9kJIzGj03tB9w0UIH"
"./html/agencies/marine-mammal-commission/index.html","js","/themes/custom/usagov/scripts/modifyMobileNav.js","-","-","-","-","-",""
"./html/agencies/maritime-administration/index.html","css","/sites/default/files/css/css__7_lnIX5SUimudYZT0iqhhe0r5Ev1QE4En7-BEPHMeY.css","-","-","en","usagov","eJwdykEOwCAIBMAP2fIkg5EQEtDDqo2_b-tlToONIUGFIWmCtS9S74X9wthuTdMyeUDHO3qdfmLmGtbynwQUXy0vYCIdnw","delta=0&language=en&theme=usagov&include=eJwdykEOwCAIBMAP2fIkg5EQEtDDqo2_b-tlToONIUGFIWmCtS9S74X9wthuTdMyeUDHO3qdfmLmGtbynwQUXy0vYCIdnw"
"./html/agencies/maritime-administration/index.html","css","/sites/default/files/css/css_h8MbvwzFoPHon25psxDvs_qWZKIaWznJGeScqw5abGU.css","-","1","en","usagov","eJwdykEOwCAIBMAP2fIkg5EQEtDDqo2_b-tlToONIUGFIWmCtS9S74X9wthuTdMyeUDHO3qdfmLmGtbynwQUXy0vYCIdnw","delta=1&language=en&theme=usagov&include=eJwdykEOwCAIBMAP2fIkg5EQEtDDqo2_b-tlToONIUGFIWmCtS9S74X9wthuTdMyeUDHO3qdfmLmGtbynwQUXy0vYCIdnw"
"./html/agencies/maritime-administration/index.html","js","/themes/custom/usagov/scripts/newFooter.js","-","-","-","-","-",""
"./html/agencies/maritime-administration/index.html","js","/sites/default/files/js/js_sJY3bzJs3jirGGaSNreFUENeOZtDcSGccrkIaQj9Xmc.js","footer","-","en","usagov","eJx1jUEOwzAIBD8Ux09CBFPXrQMR4FT9fa3k3OPO7GqHY9Uz164b9uTx7U3qMi4KoQcInq1iNBXYWUb-r-Dlc_gpDvTm0kINmgRXuyr5VkikVmZeH6bTSlkm4Ey6Hyos4ev9kJIzGj03tB9w0UIH","scope=footer&delta=0&language=en&theme=usagov&include=eJx1jUEOwzAIBD8Ux09CBFPXrQMR4FT9fa3k3OPO7GqHY9Uz164b9uTx7U3qMi4KoQcInq1iNBXYWUb-r-Dlc_gpDvTm0kINmgRXuyr5VkikVmZeH6bTSlkm4Ey6Hyos4ev9kJIzGj03tB9w0UIH"
"./html/agencies/maritime-administration/index.html","js","/modules/contrib/uswds_ckeditor_integration/js/aftermarket/uswds_accordion.js","-","-","-","-","-","sqrdwl"
"./html/agencies/maritime-administration/index.html","js","/sites/default/files/js/js_JxNk0XijPRI5QYwn5XlgSWW1Bx0YJQ3HYOHPIZ4Crx4.js","footer","2","en","usagov","eJx1jUEOwzAIBD8Ux09CBFPXrQMR4FT9fa3k3OPO7GqHY9Uz164b9uTx7U3qMi4KoQcInq1iNBXYWUb-r-Dlc_gpDvTm0kINmgRXuyr5VkikVmZeH6bTSlkm4Ey6Hyos4ev9kJIzGj03tB9w0UIH","scope=footer&delta=2&language=en&theme=usagov&include=eJx1jUEOwzAIBD8Ux09CBFPXrQMR4FT9fa3k3OPO7GqHY9Uz164b9uTx7U3qMi4KoQcInq1iNBXYWUb-r-Dlc_gpDvTm0kINmgRXuyr5VkikVmZeH6bTSlkm4Ey6Hyos4ev9kJIzGj03tB9w0UIH"
"./html/agencies/maritime-administration/index.html","js","/themes/custom/usagov/scripts/modifyMobileNav.js","-","-","-","-","-",""
"./html/agencies/medicaid-and-chip-payment-and-access-commission/index.html","css","/sites/default/files/css/css__7_lnIX5SUimudYZT0iqhhe0r5Ev1QE4En7-BEPHMeY.css","-","-","en","usagov","eJwdykEOwCAIBMAP2fIkg5EQEtDDqo2_b-tlToONIUGFIWmCtS9S74X9wthuTdMyeUDHO3qdfmLmGtbynwQUXy0vYCIdnw","delta=0&language=en&theme=usagov&include=eJwdykEOwCAIBMAP2fIkg5EQEtDDqo2_b-tlToONIUGFIWmCtS9S74X9wthuTdMyeUDHO3qdfmLmGtbynwQUXy0vYCIdnw"
"./html/agencies/medicaid-and-chip-payment-and-access-commission/index.html","css","/sites/default/files/css/css_h8MbvwzFoPHon25psxDvs_qWZKIaWznJGeScqw5abGU.css","-","1","en","usagov","eJwdykEOwCAIBMAP2fIkg5EQEtDDqo2_b-tlToONIUGFIWmCtS9S74X9wthuTdMyeUDHO3qdfmLmGtbynwQUXy0vYCIdnw","delta=1&language=en&theme=usagov&include=eJwdykEOwCAIBMAP2fIkg5EQEtDDqo2_b-tlToONIUGFIWmCtS9S74X9wthuTdMyeUDHO3qdfmLmGtbynwQUXy0vYCIdnw"
"./html/agencies/medicaid-and-chip-payment-and-access-commission/index.html","js","/themes/custom/usagov/scripts/newFooter.js","-","-","-","-","-",""
"./html/agencies/medicaid-and-chip-payment-and-access-commission/index.html","js","/sites/default/files/js/js_sJY3bzJs3jirGGaSNreFUENeOZtDcSGccrkIaQj9Xmc.js","footer","-","en","usagov","eJx1jUEOwzAIBD8Ux09CBFPXrQMR4FT9fa3k3OPO7GqHY9Uz164b9uTx7U3qMi4KoQcInq1iNBXYWUb-r-Dlc_gpDvTm0kINmgRXuyr5VkikVmZeH6bTSlkm4Ey6Hyos4ev9kJIzGj03tB9w0UIH","scope=footer&delta=0&language=en&theme=usagov&include=eJx1jUEOwzAIBD8Ux09CBFPXrQMR4FT9fa3k3OPO7GqHY9Uz164b9uTx7U3qMi4KoQcInq1iNBXYWUb-r-Dlc_gpDvTm0kINmgRXuyr5VkikVmZeH6bTSlkm4Ey6Hyos4ev9kJIzGj03tB9w0UIH"
"./html/agencies/medicaid-and-chip-payment-and-access-commission/index.html","js","/modules/contrib/uswds_ckeditor_integration/js/aftermarket/uswds_accordion.js","-","-","-","-","-","sqrdwl"
"./html/agencies/medicaid-and-chip-payment-and-access-commission/index.html","js","/sites/default/files/js/js_JxNk0XijPRI5QYwn5XlgSWW1Bx0YJQ3HYOHPIZ4Crx4.js","footer","2","en","usagov","eJx1jUEOwzAIBD8Ux09CBFPXrQMR4FT9fa3k3OPO7GqHY9Uz164b9uTx7U3qMi4KoQcInq1iNBXYWUb-r-Dlc_gpDvTm0kINmgRXuyr5VkikVmZeH6bTSlkm4Ey6Hyos4ev9kJIzGj03tB9w0UIH","scope=footer&delta=2&language=en&theme=usagov&include=eJx1jUEOwzAIBD8Ux09CBFPXrQMR4FT9fa3k3OPO7GqHY9Uz164b9uTx7U3qMi4KoQcInq1iNBXYWUb-r-Dlc_gpDvTm0kINmgRXuyr5VkikVmZeH6bTSlkm4Ey6Hyos4ev9kJIzGj03tB9w0UIH"
"./html/agencies/medicaid-and-chip-payment-and-access-commission/index.html","js","/themes/custom/usagov/scripts/modifyMobileNav.js","-","-","-","-","-",""
"./html/agencies/medicare-payment-advisory-commission/index.html","css","/sites/default/files/css/css__7_lnIX5SUimudYZT0iqhhe0r5Ev1QE4En7-BEPHMeY.css","-","-","en","usagov","eJwdykEOwCAIBMAP2fIkg5EQEtDDqo2_b-tlToONIUGFIWmCtS9S74X9wthuTdMyeUDHO3qdfmLmGtbynwQUXy0vYCIdnw","delta=0&language=en&theme=usagov&include=eJwdykEOwCAIBMAP2fIkg5EQEtDDqo2_b-tlToONIUGFIWmCtS9S74X9wthuTdMyeUDHO3qdfmLmGtbynwQUXy0vYCIdnw"
"./html/agencies/medicare-payment-advisory-commission/index.html","css","/sites/default/files/css/css_h8MbvwzFoPHon25psxDvs_qWZKIaWznJGeScqw5abGU.css","-","1","en","usagov","eJwdykEOwCAIBMAP2fIkg5EQEtDDqo2_b-tlToONIUGFIWmCtS9S74X9wthuTdMyeUDHO3qdfmLmGtbynwQUXy0vYCIdnw","delta=1&language=en&theme=usagov&include=eJwdykEOwCAIBMAP2fIkg5EQEtDDqo2_b-tlToONIUGFIWmCtS9S74X9wthuTdMyeUDHO3qdfmLmGtbynwQUXy0vYCIdnw"
"./html/agencies/medicare-payment-advisory-commission/index.html","js","/themes/custom/usagov/scripts/newFooter.js","-","-","-","-","-",""
"./html/agencies/medicare-payment-advisory-commission/index.html","js","/sites/default/files/js/js_sJY3bzJs3jirGGaSNreFUENeOZtDcSGccrkIaQj9Xmc.js","footer","-","en","usagov","eJx1jUEOwzAIBD8Ux09CBFPXrQMR4FT9fa3k3OPO7GqHY9Uz164b9uTx7U3qMi4KoQcInq1iNBXYWUb-r-Dlc_gpDvTm0kINmgRXuyr5VkikVmZeH6bTSlkm4Ey6Hyos4ev9kJIzGj03tB9w0UIH","scope=footer&delta=0&language=en&theme=usagov&include=eJx1jUEOwzAIBD8Ux09CBFPXrQMR4FT9fa3k3OPO7GqHY9Uz164b9uTx7U3qMi4KoQcInq1iNBXYWUb-r-Dlc_gpDvTm0kINmgRXuyr5VkikVmZeH6bTSlkm4Ey6Hyos4ev9kJIzGj03tB9w0UIH"
"./html/agencies/medicare-payment-advisory-commission/index.html","js","/modules/contrib/uswds_ckeditor_integration/js/aftermarket/uswds_accordion.js","-","-","-","-","-","sqrdwl"
"./html/agencies/medicare-payment-advisory-commission/index.html","js","/sites/default/files/js/js_JxNk0XijPRI5QYwn5XlgSWW1Bx0YJQ3HYOHPIZ4Crx4.js","footer","2","en","usagov","eJx1jUEOwzAIBD8Ux09CBFPXrQMR4FT9fa3k3OPO7GqHY9Uz164b9uTx7U3qMi4KoQcInq1iNBXYWUb-r-Dlc_gpDvTm0kINmgRXuyr5VkikVmZeH6bTSlkm4Ey6Hyos4ev9kJIzGj03tB9w0UIH","scope=footer&delta=2&language=en&theme=usagov&include=eJx1jUEOwzAIBD8Ux09CBFPXrQMR4FT9fa3k3OPO7GqHY9Uz164b9uTx7U3qMi4KoQcInq1iNBXYWUb-r-Dlc_gpDvTm0kINmgRXuyr5VkikVmZeH6bTSlkm4Ey6Hyos4ev9kJIzGj03tB9w0UIH"
"./html/agencies/medicare-payment-advisory-commission/index.html","js","/themes/custom/usagov/scripts/modifyMobileNav.js","-","-","-","-","-",""
"./html/agencies/merit-systems-protection-board/index.html","css","/sites/default/files/css/css__7_lnIX5SUimudYZT0iqhhe0r5Ev1QE4En7-BEPHMeY.css","-","-","en","usagov","eJwdykEOwCAIBMAP2fIkg5EQEtDDqo2_b-tlToONIUGFIWmCtS9S74X9wthuTdMyeUDHO3qdfmLmGtbynwQUXy0vYCIdnw","delta=0&language=en&theme=usagov&include=eJwdykEOwCAIBMAP2fIkg5EQEtDDqo2_b-tlToONIUGFIWmCtS9S74X9wthuTdMyeUDHO3qdfmLmGtbynwQUXy0vYCIdnw"
"./html/agencies/merit-systems-protection-board/index.html","css","/sites/default/files/css/css_h8MbvwzFoPHon25psxDvs_qWZKIaWznJGeScqw5abGU.css","-","1","en","usagov","eJwdykEOwCAIBMAP2fIkg5EQEtDDqo2_b-tlToONIUGFIWmCtS9S74X9wthuTdMyeUDHO3qdfmLmGtbynwQUXy0vYCIdnw","delta=1&language=en&theme=usagov&include=eJwdykEOwCAIBMAP2fIkg5EQEtDDqo2_b-tlToONIUGFIWmCtS9S74X9wthuTdMyeUDHO3qdfmLmGtbynwQUXy0vYCIdnw"
"./html/agencies/merit-systems-protection-board/index.html","js","/themes/custom/usagov/scripts/newFooter.js","-","-","-","-","-",""
"./html/agencies/merit-systems-protection-board/index.html","js","/sites/default/files/js/js_sJY3bzJs3jirGGaSNreFUENeOZtDcSGccrkIaQj9Xmc.js","footer","-","en","usagov","eJx1jUEOwzAIBD8Ux09CBFPXrQMR4FT9fa3k3OPO7GqHY9Uz164b9uTx7U3qMi4KoQcInq1iNBXYWUb-r-Dlc_gpDvTm0kINmgRXuyr5VkikVmZeH6bTSlkm4Ey6Hyos4ev9kJIzGj03tB9w0UIH","scope=footer&delta=0&language=en&theme=usagov&include=eJx1jUEOwzAIBD8Ux09CBFPXrQMR4FT9fa3k3OPO7GqHY9Uz164b9uTx7U3qMi4KoQcInq1iNBXYWUb-r-Dlc_gpDvTm0kINmgRXuyr5VkikVmZeH6bTSlkm4Ey6Hyos4ev9kJIzGj03tB9w0UIH"
"./html/agencies/merit-systems-protection-board/index.html","js","/modules/contrib/uswds_ckeditor_integration/js/aftermarket/uswds_accordion.js","-","-","-","-","-","sqrdwl"
"./html/agencies/merit-systems-protection-board/index.html","js","/sites/default/files/js/js_JxNk0XijPRI5QYwn5XlgSWW1Bx0YJQ3HYOHPIZ4Crx4.js","footer","2","en","usagov","eJx1jUEOwzAIBD8Ux09CBFPXrQMR4FT9fa3k3OPO7GqHY9Uz164b9uTx7U3qMi4KoQcInq1iNBXYWUb-r-Dlc_gpDvTm0kINmgRXuyr5VkikVmZeH6bTSlkm4Ey6Hyos4ev9kJIzGj03tB9w0UIH","scope=footer&delta=2&language=en&theme=usagov&include=eJx1jUEOwzAIBD8Ux09CBFPXrQMR4FT9fa3k3OPO7GqHY9Uz164b9uTx7U3qMi4KoQcInq1iNBXYWUb-r-Dlc_gpDvTm0kINmgRXuyr5VkikVmZeH6bTSlkm4Ey6Hyos4ev9kJIzGj03tB9w0UIH"
"./html/agencies/merit-systems-protection-board/index.html","js","/themes/custom/usagov/scripts/modifyMobileNav.js","-","-","-","-","-",""
"./html/agencies/middle-east-broadcasting-networks/index.html","css","/sites/default/files/css/css__7_lnIX5SUimudYZT0iqhhe0r5Ev1QE4En7-BEPHMeY.css","-","-","en","usagov","eJwdykEOwCAIBMAP2fIkg5EQEtDDqo2_b-tlToONIUGFIWmCtS9S74X9wthuTdMyeUDHO3qdfmLmGtbynwQUXy0vYCIdnw","delta=0&language=en&theme=usagov&include=eJwdykEOwCAIBMAP2fIkg5EQEtDDqo2_b-tlToONIUGFIWmCtS9S74X9wthuTdMyeUDHO3qdfmLmGtbynwQUXy0vYCIdnw"
"./html/agencies/middle-east-broadcasting-networks/index.html","css","/sites/default/files/css/css_h8MbvwzFoPHon25psxDvs_qWZKIaWznJGeScqw5abGU.css","-","1","en","usagov","eJwdykEOwCAIBMAP2fIkg5EQEtDDqo2_b-tlToONIUGFIWmCtS9S74X9wthuTdMyeUDHO3qdfmLmGtbynwQUXy0vYCIdnw","delta=1&language=en&theme=usagov&include=eJwdykEOwCAIBMAP2fIkg5EQEtDDqo2_b-tlToONIUGFIWmCtS9S74X9wthuTdMyeUDHO3qdfmLmGtbynwQUXy0vYCIdnw"
"./html/agencies/middle-east-broadcasting-networks/index.html","js","/themes/custom/usagov/scripts/newFooter.js","-","-","-","-","-",""
"./html/agencies/middle-east-broadcasting-networks/index.html","js","/sites/default/files/js/js_sJY3bzJs3jirGGaSNreFUENeOZtDcSGccrkIaQj9Xmc.js","footer","-","en","usagov","eJx1jUEOwzAIBD8Ux09CBFPXrQMR4FT9fa3k3OPO7GqHY9Uz164b9uTx7U3qMi4KoQcInq1iNBXYWUb-r-Dlc_gpDvTm0kINmgRXuyr5VkikVmZeH6bTSlkm4Ey6Hyos4ev9kJIzGj03tB9w0UIH","scope=footer&delta=0&language=en&theme=usagov&include=eJx1jUEOwzAIBD8Ux09CBFPXrQMR4FT9fa3k3OPO7GqHY9Uz164b9uTx7U3qMi4KoQcInq1iNBXYWUb-r-Dlc_gpDvTm0kINmgRXuyr5VkikVmZeH6bTSlkm4Ey6Hyos4ev9kJIzGj03tB9w0UIH"
"./html/agencies/middle-east-broadcasting-networks/index.html","js","/modules/contrib/uswds_ckeditor_integration/js/aftermarket/uswds_accordion.js","-","-","-","-","-","sqrdwl"
"./html/agencies/middle-east-broadcasting-networks/index.html","js","/sites/default/files/js/js_JxNk0XijPRI5QYwn5XlgSWW1Bx0YJQ3HYOHPIZ4Crx4.js","footer","2","en","usagov","eJx1jUEOwzAIBD8Ux09CBFPXrQMR4FT9fa3k3OPO7GqHY9Uz164b9uTx7U3qMi4KoQcInq1iNBXYWUb-r-Dlc_gpDvTm0kINmgRXuyr5VkikVmZeH6bTSlkm4Ey6Hyos4ev9kJIzGj03tB9w0UIH","scope=footer&delta=2&language=en&theme=usagov&include=eJx1jUEOwzAIBD8Ux09CBFPXrQMR4FT9fa3k3OPO7GqHY9Uz164b9uTx7U3qMi4KoQcInq1iNBXYWUb-r-Dlc_gpDvTm0kINmgRXuyr5VkikVmZeH6bTSlkm4Ey6Hyos4ev9kJIzGj03tB9w0UIH"
"./html/agencies/middle-east-broadcasting-networks/index.html","js","/themes/custom/usagov/scripts/modifyMobileNav.js","-","-","-","-","-",""
"./html/agencies/migratory-bird-conservation-commission/index.html","css","/sites/default/files/css/css__7_lnIX5SUimudYZT0iqhhe0r5Ev1QE4En7-BEPHMeY.css","-","-","en","usagov","eJwdykEOwCAIBMAP2fIkg5EQEtDDqo2_b-tlToONIUGFIWmCtS9S74X9wthuTdMyeUDHO3qdfmLmGtbynwQUXy0vYCIdnw","delta=0&language=en&theme=usagov&include=eJwdykEOwCAIBMAP2fIkg5EQEtDDqo2_b-tlToONIUGFIWmCtS9S74X9wthuTdMyeUDHO3qdfmLmGtbynwQUXy0vYCIdnw"
"./html/agencies/migratory-bird-conservation-commission/index.html","css","/sites/default/files/css/css_h8MbvwzFoPHon25psxDvs_qWZKIaWznJGeScqw5abGU.css","-","1","en","usagov","eJwdykEOwCAIBMAP2fIkg5EQEtDDqo2_b-tlToONIUGFIWmCtS9S74X9wthuTdMyeUDHO3qdfmLmGtbynwQUXy0vYCIdnw","delta=1&language=en&theme=usagov&include=eJwdykEOwCAIBMAP2fIkg5EQEtDDqo2_b-tlToONIUGFIWmCtS9S74X9wthuTdMyeUDHO3qdfmLmGtbynwQUXy0vYCIdnw"
"./html/agencies/migratory-bird-conservation-commission/index.html","js","/themes/custom/usagov/scripts/newFooter.js","-","-","-","-","-",""
"./html/agencies/migratory-bird-conservation-commission/index.html","js","/sites/default/files/js/js_sJY3bzJs3jirGGaSNreFUENeOZtDcSGccrkIaQj9Xmc.js","footer","-","en","usagov","eJx1jUEOwzAIBD8Ux09CBFPXrQMR4FT9fa3k3OPO7GqHY9Uz164b9uTx7U3qMi4KoQcInq1iNBXYWUb-r-Dlc_gpDvTm0kINmgRXuyr5VkikVmZeH6bTSlkm4Ey6Hyos4ev9kJIzGj03tB9w0UIH","scope=footer&delta=0&language=en&theme=usagov&include=eJx1jUEOwzAIBD8Ux09CBFPXrQMR4FT9fa3k3OPO7GqHY9Uz164b9uTx7U3qMi4KoQcInq1iNBXYWUb-r-Dlc_gpDvTm0kINmgRXuyr5VkikVmZeH6bTSlkm4Ey6Hyos4ev9kJIzGj03tB9w0UIH"
"./html/agencies/migratory-bird-conservation-commission/index.html","js","/modules/contrib/uswds_ckeditor_integration/js/aftermarket/uswds_accordion.js","-","-","-","-","-","sqrdwl"
"./html/agencies/migratory-bird-conservation-commission/index.html","js","/sites/default/files/js/js_JxNk0XijPRI5QYwn5XlgSWW1Bx0YJQ3HYOHPIZ4Crx4.js","footer","2","en","usagov","eJx1jUEOwzAIBD8Ux09CBFPXrQMR4FT9fa3k3OPO7GqHY9Uz164b9uTx7U3qMi4KoQcInq1iNBXYWUb-r-Dlc_gpDvTm0kINmgRXuyr5VkikVmZeH6bTSlkm4Ey6Hyos4ev9kJIzGj03tB9w0UIH","scope=footer&delta=2&language=en&theme=usagov&include=eJx1jUEOwzAIBD8Ux09CBFPXrQMR4FT9fa3k3OPO7GqHY9Uz164b9uTx7U3qMi4KoQcInq1iNBXYWUb-r-Dlc_gpDvTm0kINmgRXuyr5VkikVmZeH6bTSlkm4Ey6Hyos4ev9kJIzGj03tB9w0UIH"
"./html/agencies/migratory-bird-conservation-commission/index.html","js","/themes/custom/usagov/scripts/modifyMobileNav.js","-","-","-","-","-",""
"./html/agencies/military-postal-service-agency/index.html","css","/sites/default/files/css/css__7_lnIX5SUimudYZT0iqhhe0r5Ev1QE4En7-BEPHMeY.css","-","-","en","usagov","eJwdykEOwCAIBMAP2fIkg5EQEtDDqo2_b-tlToONIUGFIWmCtS9S74X9wthuTdMyeUDHO3qdfmLmGtbynwQUXy0vYCIdnw","delta=0&language=en&theme=usagov&include=eJwdykEOwCAIBMAP2fIkg5EQEtDDqo2_b-tlToONIUGFIWmCtS9S74X9wthuTdMyeUDHO3qdfmLmGtbynwQUXy0vYCIdnw"
"./html/agencies/military-postal-service-agency/index.html","css","/sites/default/files/css/css_h8MbvwzFoPHon25psxDvs_qWZKIaWznJGeScqw5abGU.css","-","1","en","usagov","eJwdykEOwCAIBMAP2fIkg5EQEtDDqo2_b-tlToONIUGFIWmCtS9S74X9wthuTdMyeUDHO3qdfmLmGtbynwQUXy0vYCIdnw","delta=1&language=en&theme=usagov&include=eJwdykEOwCAIBMAP2fIkg5EQEtDDqo2_b-tlToONIUGFIWmCtS9S74X9wthuTdMyeUDHO3qdfmLmGtbynwQUXy0vYCIdnw"
"./html/agencies/military-postal-service-agency/index.html","js","/themes/custom/usagov/scripts/newFooter.js","-","-","-","-","-",""
"./html/agencies/military-postal-service-agency/index.html","js","/sites/default/files/js/js_sJY3bzJs3jirGGaSNreFUENeOZtDcSGccrkIaQj9Xmc.js","footer","-","en","usagov","eJx1jUEOwzAIBD8Ux09CBFPXrQMR4FT9fa3k3OPO7GqHY9Uz164b9uTx7U3qMi4KoQcInq1iNBXYWUb-r-Dlc_gpDvTm0kINmgRXuyr5VkikVmZeH6bTSlkm4Ey6Hyos4ev9kJIzGj03tB9w0UIH","scope=footer&delta=0&language=en&theme=usagov&include=eJx1jUEOwzAIBD8Ux09CBFPXrQMR4FT9fa3k3OPO7GqHY9Uz164b9uTx7U3qMi4KoQcInq1iNBXYWUb-r-Dlc_gpDvTm0kINmgRXuyr5VkikVmZeH6bTSlkm4Ey6Hyos4ev9kJIzGj03tB9w0UIH"
"./html/agencies/military-postal-service-agency/index.html","js","/modules/contrib/uswds_ckeditor_integration/js/aftermarket/uswds_accordion.js","-","-","-","-","-","sqrdwl"
"./html/agencies/military-postal-service-agency/index.html","js","/sites/default/files/js/js_JxNk0XijPRI5QYwn5XlgSWW1Bx0YJQ3HYOHPIZ4Crx4.js","footer","2","en","usagov","eJx1jUEOwzAIBD8Ux09CBFPXrQMR4FT9fa3k3OPO7GqHY9Uz164b9uTx7U3qMi4KoQcInq1iNBXYWUb-r-Dlc_gpDvTm0kINmgRXuyr5VkikVmZeH6bTSlkm4Ey6Hyos4ev9kJIzGj03tB9w0UIH","scope=footer&delta=2&language=en&theme=usagov&include=eJx1jUEOwzAIBD8Ux09CBFPXrQMR4FT9fa3k3OPO7GqHY9Uz164b9uTx7U3qMi4KoQcInq1iNBXYWUb-r-Dlc_gpDvTm0kINmgRXuyr5VkikVmZeH6bTSlkm4Ey6Hyos4ev9kJIzGj03tB9w0UIH"
"./html/agencies/military-postal-service-agency/index.html","js","/themes/custom/usagov/scripts/modifyMobileNav.js","-","-","-","-","-",""
"./html/agencies/millennium-challenge-corporation/index.html","css","/sites/default/files/css/css__7_lnIX5SUimudYZT0iqhhe0r5Ev1QE4En7-BEPHMeY.css","-","-","en","usagov","eJwdykEOwCAIBMAP2fIkg5EQEtDDqo2_b-tlToONIUGFIWmCtS9S74X9wthuTdMyeUDHO3qdfmLmGtbynwQUXy0vYCIdnw","delta=0&language=en&theme=usagov&include=eJwdykEOwCAIBMAP2fIkg5EQEtDDqo2_b-tlToONIUGFIWmCtS9S74X9wthuTdMyeUDHO3qdfmLmGtbynwQUXy0vYCIdnw"
"./html/agencies/millennium-challenge-corporation/index.html","css","/sites/default/files/css/css_h8MbvwzFoPHon25psxDvs_qWZKIaWznJGeScqw5abGU.css","-","1","en","usagov","eJwdykEOwCAIBMAP2fIkg5EQEtDDqo2_b-tlToONIUGFIWmCtS9S74X9wthuTdMyeUDHO3qdfmLmGtbynwQUXy0vYCIdnw","delta=1&language=en&theme=usagov&include=eJwdykEOwCAIBMAP2fIkg5EQEtDDqo2_b-tlToONIUGFIWmCtS9S74X9wthuTdMyeUDHO3qdfmLmGtbynwQUXy0vYCIdnw"
"./html/agencies/millennium-challenge-corporation/index.html","js","/themes/custom/usagov/scripts/newFooter.js","-","-","-","-","-",""
"./html/agencies/millennium-challenge-corporation/index.html","js","/sites/default/files/js/js_sJY3bzJs3jirGGaSNreFUENeOZtDcSGccrkIaQj9Xmc.js","footer","-","en","usagov","eJx1jUEOwzAIBD8Ux09CBFPXrQMR4FT9fa3k3OPO7GqHY9Uz164b9uTx7U3qMi4KoQcInq1iNBXYWUb-r-Dlc_gpDvTm0kINmgRXuyr5VkikVmZeH6bTSlkm4Ey6Hyos4ev9kJIzGj03tB9w0UIH","scope=footer&delta=0&language=en&theme=usagov&include=eJx1jUEOwzAIBD8Ux09CBFPXrQMR4FT9fa3k3OPO7GqHY9Uz164b9uTx7U3qMi4KoQcInq1iNBXYWUb-r-Dlc_gpDvTm0kINmgRXuyr5VkikVmZeH6bTSlkm4Ey6Hyos4ev9kJIzGj03tB9w0UIH"
"./html/agencies/millennium-challenge-corporation/index.html","js","/modules/contrib/uswds_ckeditor_integration/js/aftermarket/uswds_accordion.js","-","-","-","-","-","sqrdwl"
"./html/agencies/millennium-challenge-corporation/index.html","js","/sites/default/files/js/js_JxNk0XijPRI5QYwn5XlgSWW1Bx0YJQ3HYOHPIZ4Crx4.js","footer","2","en","usagov","eJx1jUEOwzAIBD8Ux09CBFPXrQMR4FT9fa3k3OPO7GqHY9Uz164b9uTx7U3qMi4KoQcInq1iNBXYWUb-r-Dlc_gpDvTm0kINmgRXuyr5VkikVmZeH6bTSlkm4Ey6Hyos4ev9kJIzGj03tB9w0UIH","scope=footer&delta=2&language=en&theme=usagov&include=eJx1jUEOwzAIBD8Ux09CBFPXrQMR4FT9fa3k3OPO7GqHY9Uz164b9uTx7U3qMi4KoQcInq1iNBXYWUb-r-Dlc_gpDvTm0kINmgRXuyr5VkikVmZeH6bTSlkm4Ey6Hyos4ev9kJIzGj03tB9w0UIH"
"./html/agencies/millennium-challenge-corporation/index.html","js","/themes/custom/usagov/scripts/modifyMobileNav.js","-","-","-","-","-",""
"./html/agencies/mine-safety-and-health-administration/index.html","css","/sites/default/files/css/css__7_lnIX5SUimudYZT0iqhhe0r5Ev1QE4En7-BEPHMeY.css","-","-","en","usagov","eJwdykEOwCAIBMAP2fIkg5EQEtDDqo2_b-tlToONIUGFIWmCtS9S74X9wthuTdMyeUDHO3qdfmLmGtbynwQUXy0vYCIdnw","delta=0&language=en&theme=usagov&include=eJwdykEOwCAIBMAP2fIkg5EQEtDDqo2_b-tlToONIUGFIWmCtS9S74X9wthuTdMyeUDHO3qdfmLmGtbynwQUXy0vYCIdnw"
"./html/agencies/mine-safety-and-health-administration/index.html","css","/sites/default/files/css/css_h8MbvwzFoPHon25psxDvs_qWZKIaWznJGeScqw5abGU.css","-","1","en","usagov","eJwdykEOwCAIBMAP2fIkg5EQEtDDqo2_b-tlToONIUGFIWmCtS9S74X9wthuTdMyeUDHO3qdfmLmGtbynwQUXy0vYCIdnw","delta=1&language=en&theme=usagov&include=eJwdykEOwCAIBMAP2fIkg5EQEtDDqo2_b-tlToONIUGFIWmCtS9S74X9wthuTdMyeUDHO3qdfmLmGtbynwQUXy0vYCIdnw"
"./html/agencies/mine-safety-and-health-administration/index.html","js","/themes/custom/usagov/scripts/newFooter.js","-","-","-","-","-",""
"./html/agencies/mine-safety-and-health-administration/index.html","js","/sites/default/files/js/js_sJY3bzJs3jirGGaSNreFUENeOZtDcSGccrkIaQj9Xmc.js","footer","-","en","usagov","eJx1jUEOwzAIBD8Ux09CBFPXrQMR4FT9fa3k3OPO7GqHY9Uz164b9uTx7U3qMi4KoQcInq1iNBXYWUb-r-Dlc_gpDvTm0kINmgRXuyr5VkikVmZeH6bTSlkm4Ey6Hyos4ev9kJIzGj03tB9w0UIH","scope=footer&delta=0&language=en&theme=usagov&include=eJx1jUEOwzAIBD8Ux09CBFPXrQMR4FT9fa3k3OPO7GqHY9Uz164b9uTx7U3qMi4KoQcInq1iNBXYWUb-r-Dlc_gpDvTm0kINmgRXuyr5VkikVmZeH6bTSlkm4Ey6Hyos4ev9kJIzGj03tB9w0UIH"
"./html/agencies/mine-safety-and-health-administration/index.html","js","/modules/contrib/uswds_ckeditor_integration/js/aftermarket/uswds_accordion.js","-","-","-","-","-","sqrdwl"
"./html/agencies/mine-safety-and-health-administration/index.html","js","/sites/default/files/js/js_JxNk0XijPRI5QYwn5XlgSWW1Bx0YJQ3HYOHPIZ4Crx4.js","footer","2","en","usagov","eJx1jUEOwzAIBD8Ux09CBFPXrQMR4FT9fa3k3OPO7GqHY9Uz164b9uTx7U3qMi4KoQcInq1iNBXYWUb-r-Dlc_gpDvTm0kINmgRXuyr5VkikVmZeH6bTSlkm4Ey6Hyos4ev9kJIzGj03tB9w0UIH","scope=footer&delta=2&language=en&theme=usagov&include=eJx1jUEOwzAIBD8Ux09CBFPXrQMR4FT9fa3k3OPO7GqHY9Uz164b9uTx7U3qMi4KoQcInq1iNBXYWUb-r-Dlc_gpDvTm0kINmgRXuyr5VkikVmZeH6bTSlkm4Ey6Hyos4ev9kJIzGj03tB9w0UIH"
"./html/agencies/mine-safety-and-health-administration/index.html","js","/themes/custom/usagov/scripts/modifyMobileNav.js","-","-","-","-","-",""
"./html/agencies/minority-business-development-agency/index.html","css","/sites/default/files/css/css__7_lnIX5SUimudYZT0iqhhe0r5Ev1QE4En7-BEPHMeY.css","-","-","en","usagov","eJwdykEOwCAIBMAP2fIkg5EQEtDDqo2_b-tlToONIUGFIWmCtS9S74X9wthuTdMyeUDHO3qdfmLmGtbynwQUXy0vYCIdnw","delta=0&language=en&theme=usagov&include=eJwdykEOwCAIBMAP2fIkg5EQEtDDqo2_b-tlToONIUGFIWmCtS9S74X9wthuTdMyeUDHO3qdfmLmGtbynwQUXy0vYCIdnw"
"./html/agencies/minority-business-development-agency/index.html","css","/sites/default/files/css/css_h8MbvwzFoPHon25psxDvs_qWZKIaWznJGeScqw5abGU.css","-","1","en","usagov","eJwdykEOwCAIBMAP2fIkg5EQEtDDqo2_b-tlToONIUGFIWmCtS9S74X9wthuTdMyeUDHO3qdfmLmGtbynwQUXy0vYCIdnw","delta=1&language=en&theme=usagov&include=eJwdykEOwCAIBMAP2fIkg5EQEtDDqo2_b-tlToONIUGFIWmCtS9S74X9wthuTdMyeUDHO3qdfmLmGtbynwQUXy0vYCIdnw"
"./html/agencies/minority-business-development-agency/index.html","js","/themes/custom/usagov/scripts/newFooter.js","-","-","-","-","-",""
"./html/agencies/minority-business-development-agency/index.html","js","/sites/default/files/js/js_sJY3bzJs3jirGGaSNreFUENeOZtDcSGccrkIaQj9Xmc.js","footer","-","en","usagov","eJx1jUEOwzAIBD8Ux09CBFPXrQMR4FT9fa3k3OPO7GqHY9Uz164b9uTx7U3qMi4KoQcInq1iNBXYWUb-r-Dlc_gpDvTm0kINmgRXuyr5VkikVmZeH6bTSlkm4Ey6Hyos4ev9kJIzGj03tB9w0UIH","scope=footer&delta=0&language=en&theme=usagov&include=eJx1jUEOwzAIBD8Ux09CBFPXrQMR4FT9fa3k3OPO7GqHY9Uz164b9uTx7U3qMi4KoQcInq1iNBXYWUb-r-Dlc_gpDvTm0kINmgRXuyr5VkikVmZeH6bTSlkm4Ey6Hyos4ev9kJIzGj03tB9w0UIH"
"./html/agencies/minority-business-development-agency/index.html","js","/modules/contrib/uswds_ckeditor_integration/js/aftermarket/uswds_accordion.js","-","-","-","-","-","sqrdwl"
"./html/agencies/minority-business-development-agency/index.html","js","/sites/default/files/js/js_JxNk0XijPRI5QYwn5XlgSWW1Bx0YJQ3HYOHPIZ4Crx4.js","footer","2","en","usagov","eJx1jUEOwzAIBD8Ux09CBFPXrQMR4FT9fa3k3OPO7GqHY9Uz164b9uTx7U3qMi4KoQcInq1iNBXYWUb-r-Dlc_gpDvTm0kINmgRXuyr5VkikVmZeH6bTSlkm4Ey6Hyos4ev9kJIzGj03tB9w0UIH","scope=footer&delta=2&language=en&theme=usagov&include=eJx1jUEOwzAIBD8Ux09CBFPXrQMR4FT9fa3k3OPO7GqHY9Uz164b9uTx7U3qMi4KoQcInq1iNBXYWUb-r-Dlc_gpDvTm0kINmgRXuyr5VkikVmZeH6bTSlkm4Ey6Hyos4ev9kJIzGj03tB9w0UIH"
"./html/agencies/minority-business-development-agency/index.html","js","/themes/custom/usagov/scripts/modifyMobileNav.js","-","-","-","-","-",""
"./html/agencies/missile-defense-agency/index.html","css","/sites/default/files/css/css__7_lnIX5SUimudYZT0iqhhe0r5Ev1QE4En7-BEPHMeY.css","-","-","en","usagov","eJwdykEOwCAIBMAP2fIkg5EQEtDDqo2_b-tlToONIUGFIWmCtS9S74X9wthuTdMyeUDHO3qdfmLmGtbynwQUXy0vYCIdnw","delta=0&language=en&theme=usagov&include=eJwdykEOwCAIBMAP2fIkg5EQEtDDqo2_b-tlToONIUGFIWmCtS9S74X9wthuTdMyeUDHO3qdfmLmGtbynwQUXy0vYCIdnw"
"./html/agencies/missile-defense-agency/index.html","css","/sites/default/files/css/css_h8MbvwzFoPHon25psxDvs_qWZKIaWznJGeScqw5abGU.css","-","1","en","usagov","eJwdykEOwCAIBMAP2fIkg5EQEtDDqo2_b-tlToONIUGFIWmCtS9S74X9wthuTdMyeUDHO3qdfmLmGtbynwQUXy0vYCIdnw","delta=1&language=en&theme=usagov&include=eJwdykEOwCAIBMAP2fIkg5EQEtDDqo2_b-tlToONIUGFIWmCtS9S74X9wthuTdMyeUDHO3qdfmLmGtbynwQUXy0vYCIdnw"
"./html/agencies/missile-defense-agency/index.html","js","/themes/custom/usagov/scripts/newFooter.js","-","-","-","-","-",""
"./html/agencies/missile-defense-agency/index.html","js","/sites/default/files/js/js_sJY3bzJs3jirGGaSNreFUENeOZtDcSGccrkIaQj9Xmc.js","footer","-","en","usagov","eJx1jUEOwzAIBD8Ux09CBFPXrQMR4FT9fa3k3OPO7GqHY9Uz164b9uTx7U3qMi4KoQcInq1iNBXYWUb-r-Dlc_gpDvTm0kINmgRXuyr5VkikVmZeH6bTSlkm4Ey6Hyos4ev9kJIzGj03tB9w0UIH","scope=footer&delta=0&language=en&theme=usagov&include=eJx1jUEOwzAIBD8Ux09CBFPXrQMR4FT9fa3k3OPO7GqHY9Uz164b9uTx7U3qMi4KoQcInq1iNBXYWUb-r-Dlc_gpDvTm0kINmgRXuyr5VkikVmZeH6bTSlkm4Ey6Hyos4ev9kJIzGj03tB9w0UIH"
"./html/agencies/missile-defense-agency/index.html","js","/modules/contrib/uswds_ckeditor_integration/js/aftermarket/uswds_accordion.js","-","-","-","-","-","sqrdwl"
"./html/agencies/missile-defense-agency/index.html","js","/sites/default/files/js/js_JxNk0XijPRI5QYwn5XlgSWW1Bx0YJQ3HYOHPIZ4Crx4.js","footer","2","en","usagov","eJx1jUEOwzAIBD8Ux09CBFPXrQMR4FT9fa3k3OPO7GqHY9Uz164b9uTx7U3qMi4KoQcInq1iNBXYWUb-r-Dlc_gpDvTm0kINmgRXuyr5VkikVmZeH6bTSlkm4Ey6Hyos4ev9kJIzGj03tB9w0UIH","scope=footer&delta=2&language=en&theme=usagov&include=eJx1jUEOwzAIBD8Ux09CBFPXrQMR4FT9fa3k3OPO7GqHY9Uz164b9uTx7U3qMi4KoQcInq1iNBXYWUb-r-Dlc_gpDvTm0kINmgRXuyr5VkikVmZeH6bTSlkm4Ey6Hyos4ev9kJIzGj03tB9w0UIH"
"./html/agencies/missile-defense-agency/index.html","js","/themes/custom/usagov/scripts/modifyMobileNav.js","-","-","-","-","-",""
"./html/agencies/mississippi-river-commission/index.html","css","/sites/default/files/css/css__7_lnIX5SUimudYZT0iqhhe0r5Ev1QE4En7-BEPHMeY.css","-","-","en","usagov","eJwdykEOwCAIBMAP2fIkg5EQEtDDqo2_b-tlToONIUGFIWmCtS9S74X9wthuTdMyeUDHO3qdfmLmGtbynwQUXy0vYCIdnw","delta=0&language=en&theme=usagov&include=eJwdykEOwCAIBMAP2fIkg5EQEtDDqo2_b-tlToONIUGFIWmCtS9S74X9wthuTdMyeUDHO3qdfmLmGtbynwQUXy0vYCIdnw"
"./html/agencies/mississippi-river-commission/index.html","css","/sites/default/files/css/css_h8MbvwzFoPHon25psxDvs_qWZKIaWznJGeScqw5abGU.css","-","1","en","usagov","eJwdykEOwCAIBMAP2fIkg5EQEtDDqo2_b-tlToONIUGFIWmCtS9S74X9wthuTdMyeUDHO3qdfmLmGtbynwQUXy0vYCIdnw","delta=1&language=en&theme=usagov&include=eJwdykEOwCAIBMAP2fIkg5EQEtDDqo2_b-tlToONIUGFIWmCtS9S74X9wthuTdMyeUDHO3qdfmLmGtbynwQUXy0vYCIdnw"
"./html/agencies/mississippi-river-commission/index.html","js","/themes/custom/usagov/scripts/newFooter.js","-","-","-","-","-",""
"./html/agencies/mississippi-river-commission/index.html","js","/sites/default/files/js/js_sJY3bzJs3jirGGaSNreFUENeOZtDcSGccrkIaQj9Xmc.js","footer","-","en","usagov","eJx1jUEOwzAIBD8Ux09CBFPXrQMR4FT9fa3k3OPO7GqHY9Uz164b9uTx7U3qMi4KoQcInq1iNBXYWUb-r-Dlc_gpDvTm0kINmgRXuyr5VkikVmZeH6bTSlkm4Ey6Hyos4ev9kJIzGj03tB9w0UIH","scope=footer&delta=0&language=en&theme=usagov&include=eJx1jUEOwzAIBD8Ux09CBFPXrQMR4FT9fa3k3OPO7GqHY9Uz164b9uTx7U3qMi4KoQcInq1iNBXYWUb-r-Dlc_gpDvTm0kINmgRXuyr5VkikVmZeH6bTSlkm4Ey6Hyos4ev9kJIzGj03tB9w0UIH"
"./html/agencies/mississippi-river-commission/index.html","js","/modules/contrib/uswds_ckeditor_integration/js/aftermarket/uswds_accordion.js","-","-","-","-","-","sqrdwl"
"./html/agencies/mississippi-river-commission/index.html","js","/sites/default/files/js/js_JxNk0XijPRI5QYwn5XlgSWW1Bx0YJQ3HYOHPIZ4Crx4.js","footer","2","en","usagov","eJx1jUEOwzAIBD8Ux09CBFPXrQMR4FT9fa3k3OPO7GqHY9Uz164b9uTx7U3qMi4KoQcInq1iNBXYWUb-r-Dlc_gpDvTm0kINmgRXuyr5VkikVmZeH6bTSlkm4Ey6Hyos4ev9kJIzGj03tB9w0UIH","scope=footer&delta=2&language=en&theme=usagov&include=eJx1jUEOwzAIBD8Ux09CBFPXrQMR4FT9fa3k3OPO7GqHY9Uz164b9uTx7U3qMi4KoQcInq1iNBXYWUb-r-Dlc_gpDvTm0kINmgRXuyr5VkikVmZeH6bTSlkm4Ey6Hyos4ev9kJIzGj03tB9w0UIH"
"./html/agencies/mississippi-river-commission/index.html","js","/themes/custom/usagov/scripts/modifyMobileNav.js","-","-","-","-","-",""
"./html/agencies/national-aeronautics-and-space-administration/index.html","css","/sites/default/files/css/css__7_lnIX5SUimudYZT0iqhhe0r5Ev1QE4En7-BEPHMeY.css","-","-","en","usagov","eJwdykEOwCAIBMAP2fIkg5EQEtDDqo2_b-tlToONIUGFIWmCtS9S74X9wthuTdMyeUDHO3qdfmLmGtbynwQUXy0vYCIdnw","delta=0&language=en&theme=usagov&include=eJwdykEOwCAIBMAP2fIkg5EQEtDDqo2_b-tlToONIUGFIWmCtS9S74X9wthuTdMyeUDHO3qdfmLmGtbynwQUXy0vYCIdnw"
"./html/agencies/national-aeronautics-and-space-administration/index.html","css","/sites/default/files/css/css_h8MbvwzFoPHon25psxDvs_qWZKIaWznJGeScqw5abGU.css","-","1","en","usagov","eJwdykEOwCAIBMAP2fIkg5EQEtDDqo2_b-tlToONIUGFIWmCtS9S74X9wthuTdMyeUDHO3qdfmLmGtbynwQUXy0vYCIdnw","delta=1&language=en&theme=usagov&include=eJwdykEOwCAIBMAP2fIkg5EQEtDDqo2_b-tlToONIUGFIWmCtS9S74X9wthuTdMyeUDHO3qdfmLmGtbynwQUXy0vYCIdnw"
"./html/agencies/national-aeronautics-and-space-administration/index.html","js","/themes/custom/usagov/scripts/newFooter.js","-","-","-","-","-",""
"./html/agencies/national-aeronautics-and-space-administration/index.html","js","/sites/default/files/js/js_sJY3bzJs3jirGGaSNreFUENeOZtDcSGccrkIaQj9Xmc.js","footer","-","en","usagov","eJx1jUEOwzAIBD8Ux09CBFPXrQMR4FT9fa3k3OPO7GqHY9Uz164b9uTx7U3qMi4KoQcInq1iNBXYWUb-r-Dlc_gpDvTm0kINmgRXuyr5VkikVmZeH6bTSlkm4Ey6Hyos4ev9kJIzGj03tB9w0UIH","scope=footer&delta=0&language=en&theme=usagov&include=eJx1jUEOwzAIBD8Ux09CBFPXrQMR4FT9fa3k3OPO7GqHY9Uz164b9uTx7U3qMi4KoQcInq1iNBXYWUb-r-Dlc_gpDvTm0kINmgRXuyr5VkikVmZeH6bTSlkm4Ey6Hyos4ev9kJIzGj03tB9w0UIH"
"./html/agencies/national-aeronautics-and-space-administration/index.html","js","/modules/contrib/uswds_ckeditor_integration/js/aftermarket/uswds_accordion.js","-","-","-","-","-","sqrdwl"
"./html/agencies/national-aeronautics-and-space-administration/index.html","js","/sites/default/files/js/js_JxNk0XijPRI5QYwn5XlgSWW1Bx0YJQ3HYOHPIZ4Crx4.js","footer","2","en","usagov","eJx1jUEOwzAIBD8Ux09CBFPXrQMR4FT9fa3k3OPO7GqHY9Uz164b9uTx7U3qMi4KoQcInq1iNBXYWUb-r-Dlc_gpDvTm0kINmgRXuyr5VkikVmZeH6bTSlkm4Ey6Hyos4ev9kJIzGj03tB9w0UIH","scope=footer&delta=2&language=en&theme=usagov&include=eJx1jUEOwzAIBD8Ux09CBFPXrQMR4FT9fa3k3OPO7GqHY9Uz164b9uTx7U3qMi4KoQcInq1iNBXYWUb-r-Dlc_gpDvTm0kINmgRXuyr5VkikVmZeH6bTSlkm4Ey6Hyos4ev9kJIzGj03tB9w0UIH"
"./html/agencies/national-aeronautics-and-space-administration/index.html","js","/themes/custom/usagov/scripts/modifyMobileNav.js","-","-","-","-","-",""
"./html/agencies/national-agricultural-library/index.html","css","/sites/default/files/css/css__7_lnIX5SUimudYZT0iqhhe0r5Ev1QE4En7-BEPHMeY.css","-","-","en","usagov","eJwdykEOwCAIBMAP2fIkg5EQEtDDqo2_b-tlToONIUGFIWmCtS9S74X9wthuTdMyeUDHO3qdfmLmGtbynwQUXy0vYCIdnw","delta=0&language=en&theme=usagov&include=eJwdykEOwCAIBMAP2fIkg5EQEtDDqo2_b-tlToONIUGFIWmCtS9S74X9wthuTdMyeUDHO3qdfmLmGtbynwQUXy0vYCIdnw"
"./html/agencies/national-agricultural-library/index.html","css","/sites/default/files/css/css_h8MbvwzFoPHon25psxDvs_qWZKIaWznJGeScqw5abGU.css","-","1","en","usagov","eJwdykEOwCAIBMAP2fIkg5EQEtDDqo2_b-tlToONIUGFIWmCtS9S74X9wthuTdMyeUDHO3qdfmLmGtbynwQUXy0vYCIdnw","delta=1&language=en&theme=usagov&include=eJwdykEOwCAIBMAP2fIkg5EQEtDDqo2_b-tlToONIUGFIWmCtS9S74X9wthuTdMyeUDHO3qdfmLmGtbynwQUXy0vYCIdnw"
"./html/agencies/national-agricultural-library/index.html","js","/themes/custom/usagov/scripts/newFooter.js","-","-","-","-","-",""
"./html/agencies/national-agricultural-library/index.html","js","/sites/default/files/js/js_sJY3bzJs3jirGGaSNreFUENeOZtDcSGccrkIaQj9Xmc.js","footer","-","en","usagov","eJx1jUEOwzAIBD8Ux09CBFPXrQMR4FT9fa3k3OPO7GqHY9Uz164b9uTx7U3qMi4KoQcInq1iNBXYWUb-r-Dlc_gpDvTm0kINmgRXuyr5VkikVmZeH6bTSlkm4Ey6Hyos4ev9kJIzGj03tB9w0UIH","scope=footer&delta=0&language=en&theme=usagov&include=eJx1jUEOwzAIBD8Ux09CBFPXrQMR4FT9fa3k3OPO7GqHY9Uz164b9uTx7U3qMi4KoQcInq1iNBXYWUb-r-Dlc_gpDvTm0kINmgRXuyr5VkikVmZeH6bTSlkm4Ey6Hyos4ev9kJIzGj03tB9w0UIH"
"./html/agencies/national-agricultural-library/index.html","js","/modules/contrib/uswds_ckeditor_integration/js/aftermarket/uswds_accordion.js","-","-","-","-","-","sqrdwl"
"./html/agencies/national-agricultural-library/index.html","js","/sites/default/files/js/js_JxNk0XijPRI5QYwn5XlgSWW1Bx0YJQ3HYOHPIZ4Crx4.js","footer","2","en","usagov","eJx1jUEOwzAIBD8Ux09CBFPXrQMR4FT9fa3k3OPO7GqHY9Uz164b9uTx7U3qMi4KoQcInq1iNBXYWUb-r-Dlc_gpDvTm0kINmgRXuyr5VkikVmZeH6bTSlkm4Ey6Hyos4ev9kJIzGj03tB9w0UIH","scope=footer&delta=2&language=en&theme=usagov&include=eJx1jUEOwzAIBD8Ux09CBFPXrQMR4FT9fa3k3OPO7GqHY9Uz164b9uTx7U3qMi4KoQcInq1iNBXYWUb-r-Dlc_gpDvTm0kINmgRXuyr5VkikVmZeH6bTSlkm4Ey6Hyos4ev9kJIzGj03tB9w0UIH"
"./html/agencies/national-agricultural-library/index.html","js","/themes/custom/usagov/scripts/modifyMobileNav.js","-","-","-","-","-",""
"./html/agencies/national-agricultural-statistics-service/index.html","css","/sites/default/files/css/css__7_lnIX5SUimudYZT0iqhhe0r5Ev1QE4En7-BEPHMeY.css","-","-","en","usagov","eJwdykEOwCAIBMAP2fIkg5EQEtDDqo2_b-tlToONIUGFIWmCtS9S74X9wthuTdMyeUDHO3qdfmLmGtbynwQUXy0vYCIdnw","delta=0&language=en&theme=usagov&include=eJwdykEOwCAIBMAP2fIkg5EQEtDDqo2_b-tlToONIUGFIWmCtS9S74X9wthuTdMyeUDHO3qdfmLmGtbynwQUXy0vYCIdnw"
"./html/agencies/national-agricultural-statistics-service/index.html","css","/sites/default/files/css/css_h8MbvwzFoPHon25psxDvs_qWZKIaWznJGeScqw5abGU.css","-","1","en","usagov","eJwdykEOwCAIBMAP2fIkg5EQEtDDqo2_b-tlToONIUGFIWmCtS9S74X9wthuTdMyeUDHO3qdfmLmGtbynwQUXy0vYCIdnw","delta=1&language=en&theme=usagov&include=eJwdykEOwCAIBMAP2fIkg5EQEtDDqo2_b-tlToONIUGFIWmCtS9S74X9wthuTdMyeUDHO3qdfmLmGtbynwQUXy0vYCIdnw"
"./html/agencies/national-agricultural-statistics-service/index.html","js","/themes/custom/usagov/scripts/newFooter.js","-","-","-","-","-",""
"./html/agencies/national-agricultural-statistics-service/index.html","js","/sites/default/files/js/js_sJY3bzJs3jirGGaSNreFUENeOZtDcSGccrkIaQj9Xmc.js","footer","-","en","usagov","eJx1jUEOwzAIBD8Ux09CBFPXrQMR4FT9fa3k3OPO7GqHY9Uz164b9uTx7U3qMi4KoQcInq1iNBXYWUb-r-Dlc_gpDvTm0kINmgRXuyr5VkikVmZeH6bTSlkm4Ey6Hyos4ev9kJIzGj03tB9w0UIH","scope=footer&delta=0&language=en&theme=usagov&include=eJx1jUEOwzAIBD8Ux09CBFPXrQMR4FT9fa3k3OPO7GqHY9Uz164b9uTx7U3qMi4KoQcInq1iNBXYWUb-r-Dlc_gpDvTm0kINmgRXuyr5VkikVmZeH6bTSlkm4Ey6Hyos4ev9kJIzGj03tB9w0UIH"
"./html/agencies/national-agricultural-statistics-service/index.html","js","/modules/contrib/uswds_ckeditor_integration/js/aftermarket/uswds_accordion.js","-","-","-","-","-","sqrdwl"
"./html/agencies/national-agricultural-statistics-service/index.html","js","/sites/default/files/js/js_JxNk0XijPRI5QYwn5XlgSWW1Bx0YJQ3HYOHPIZ4Crx4.js","footer","2","en","usagov","eJx1jUEOwzAIBD8Ux09CBFPXrQMR4FT9fa3k3OPO7GqHY9Uz164b9uTx7U3qMi4KoQcInq1iNBXYWUb-r-Dlc_gpDvTm0kINmgRXuyr5VkikVmZeH6bTSlkm4Ey6Hyos4ev9kJIzGj03tB9w0UIH","scope=footer&delta=2&language=en&theme=usagov&include=eJx1jUEOwzAIBD8Ux09CBFPXrQMR4FT9fa3k3OPO7GqHY9Uz164b9uTx7U3qMi4KoQcInq1iNBXYWUb-r-Dlc_gpDvTm0kINmgRXuyr5VkikVmZeH6bTSlkm4Ey6Hyos4ev9kJIzGj03tB9w0UIH"
"./html/agencies/national-agricultural-statistics-service/index.html","js","/themes/custom/usagov/scripts/modifyMobileNav.js","-","-","-","-","-",""
"./html/agencies/national-archives-and-records-administration/index.html","css","/sites/default/files/css/css__7_lnIX5SUimudYZT0iqhhe0r5Ev1QE4En7-BEPHMeY.css","-","-","en","usagov","eJwdykEOwCAIBMAP2fIkg5EQEtDDqo2_b-tlToONIUGFIWmCtS9S74X9wthuTdMyeUDHO3qdfmLmGtbynwQUXy0vYCIdnw","delta=0&language=en&theme=usagov&include=eJwdykEOwCAIBMAP2fIkg5EQEtDDqo2_b-tlToONIUGFIWmCtS9S74X9wthuTdMyeUDHO3qdfmLmGtbynwQUXy0vYCIdnw"
"./html/agencies/national-archives-and-records-administration/index.html","css","/sites/default/files/css/css_h8MbvwzFoPHon25psxDvs_qWZKIaWznJGeScqw5abGU.css","-","1","en","usagov","eJwdykEOwCAIBMAP2fIkg5EQEtDDqo2_b-tlToONIUGFIWmCtS9S74X9wthuTdMyeUDHO3qdfmLmGtbynwQUXy0vYCIdnw","delta=1&language=en&theme=usagov&include=eJwdykEOwCAIBMAP2fIkg5EQEtDDqo2_b-tlToONIUGFIWmCtS9S74X9wthuTdMyeUDHO3qdfmLmGtbynwQUXy0vYCIdnw"
"./html/agencies/national-archives-and-records-administration/index.html","js","/themes/custom/usagov/scripts/newFooter.js","-","-","-","-","-",""
"./html/agencies/national-archives-and-records-administration/index.html","js","/sites/default/files/js/js_sJY3bzJs3jirGGaSNreFUENeOZtDcSGccrkIaQj9Xmc.js","footer","-","en","usagov","eJx1jUEOwzAIBD8Ux09CBFPXrQMR4FT9fa3k3OPO7GqHY9Uz164b9uTx7U3qMi4KoQcInq1iNBXYWUb-r-Dlc_gpDvTm0kINmgRXuyr5VkikVmZeH6bTSlkm4Ey6Hyos4ev9kJIzGj03tB9w0UIH","scope=footer&delta=0&language=en&theme=usagov&include=eJx1jUEOwzAIBD8Ux09CBFPXrQMR4FT9fa3k3OPO7GqHY9Uz164b9uTx7U3qMi4KoQcInq1iNBXYWUb-r-Dlc_gpDvTm0kINmgRXuyr5VkikVmZeH6bTSlkm4Ey6Hyos4ev9kJIzGj03tB9w0UIH"
"./html/agencies/national-archives-and-records-administration/index.html","js","/modules/contrib/uswds_ckeditor_integration/js/aftermarket/uswds_accordion.js","-","-","-","-","-","sqrdwl"
"./html/agencies/national-archives-and-records-administration/index.html","js","/sites/default/files/js/js_JxNk0XijPRI5QYwn5XlgSWW1Bx0YJQ3HYOHPIZ4Crx4.js","footer","2","en","usagov","eJx1jUEOwzAIBD8Ux09CBFPXrQMR4FT9fa3k3OPO7GqHY9Uz164b9uTx7U3qMi4KoQcInq1iNBXYWUb-r-Dlc_gpDvTm0kINmgRXuyr5VkikVmZeH6bTSlkm4Ey6Hyos4ev9kJIzGj03tB9w0UIH","scope=footer&delta=2&language=en&theme=usagov&include=eJx1jUEOwzAIBD8Ux09CBFPXrQMR4FT9fa3k3OPO7GqHY9Uz164b9uTx7U3qMi4KoQcInq1iNBXYWUb-r-Dlc_gpDvTm0kINmgRXuyr5VkikVmZeH6bTSlkm4Ey6Hyos4ev9kJIzGj03tB9w0UIH"
"./html/agencies/national-archives-and-records-administration/index.html","js","/themes/custom/usagov/scripts/modifyMobileNav.js","-","-","-","-","-",""
"./html/agencies/national-cancer-institute/index.html","css","/sites/default/files/css/css__7_lnIX5SUimudYZT0iqhhe0r5Ev1QE4En7-BEPHMeY.css","-","-","en","usagov","eJwdykEOwCAIBMAP2fIkg5EQEtDDqo2_b-tlToONIUGFIWmCtS9S74X9wthuTdMyeUDHO3qdfmLmGtbynwQUXy0vYCIdnw","delta=0&language=en&theme=usagov&include=eJwdykEOwCAIBMAP2fIkg5EQEtDDqo2_b-tlToONIUGFIWmCtS9S74X9wthuTdMyeUDHO3qdfmLmGtbynwQUXy0vYCIdnw"
"./html/agencies/national-cancer-institute/index.html","css","/sites/default/files/css/css_h8MbvwzFoPHon25psxDvs_qWZKIaWznJGeScqw5abGU.css","-","1","en","usagov","eJwdykEOwCAIBMAP2fIkg5EQEtDDqo2_b-tlToONIUGFIWmCtS9S74X9wthuTdMyeUDHO3qdfmLmGtbynwQUXy0vYCIdnw","delta=1&language=en&theme=usagov&include=eJwdykEOwCAIBMAP2fIkg5EQEtDDqo2_b-tlToONIUGFIWmCtS9S74X9wthuTdMyeUDHO3qdfmLmGtbynwQUXy0vYCIdnw"
"./html/agencies/national-cancer-institute/index.html","js","/themes/custom/usagov/scripts/newFooter.js","-","-","-","-","-",""
"./html/agencies/national-cancer-institute/index.html","js","/sites/default/files/js/js_sJY3bzJs3jirGGaSNreFUENeOZtDcSGccrkIaQj9Xmc.js","footer","-","en","usagov","eJx1jUEOwzAIBD8Ux09CBFPXrQMR4FT9fa3k3OPO7GqHY9Uz164b9uTx7U3qMi4KoQcInq1iNBXYWUb-r-Dlc_gpDvTm0kINmgRXuyr5VkikVmZeH6bTSlkm4Ey6Hyos4ev9kJIzGj03tB9w0UIH","scope=footer&delta=0&language=en&theme=usagov&include=eJx1jUEOwzAIBD8Ux09CBFPXrQMR4FT9fa3k3OPO7GqHY9Uz164b9uTx7U3qMi4KoQcInq1iNBXYWUb-r-Dlc_gpDvTm0kINmgRXuyr5VkikVmZeH6bTSlkm4Ey6Hyos4ev9kJIzGj03tB9w0UIH"
"./html/agencies/national-cancer-institute/index.html","js","/modules/contrib/uswds_ckeditor_integration/js/aftermarket/uswds_accordion.js","-","-","-","-","-","sqrdwl"
"./html/agencies/national-cancer-institute/index.html","js","/sites/default/files/js/js_JxNk0XijPRI5QYwn5XlgSWW1Bx0YJQ3HYOHPIZ4Crx4.js","footer","2","en","usagov","eJx1jUEOwzAIBD8Ux09CBFPXrQMR4FT9fa3k3OPO7GqHY9Uz164b9uTx7U3qMi4KoQcInq1iNBXYWUb-r-Dlc_gpDvTm0kINmgRXuyr5VkikVmZeH6bTSlkm4Ey6Hyos4ev9kJIzGj03tB9w0UIH","scope=footer&delta=2&language=en&theme=usagov&include=eJx1jUEOwzAIBD8Ux09CBFPXrQMR4FT9fa3k3OPO7GqHY9Uz164b9uTx7U3qMi4KoQcInq1iNBXYWUb-r-Dlc_gpDvTm0kINmgRXuyr5VkikVmZeH6bTSlkm4Ey6Hyos4ev9kJIzGj03tB9w0UIH"
"./html/agencies/national-cancer-institute/index.html","js","/themes/custom/usagov/scripts/modifyMobileNav.js","-","-","-","-","-",""
"./html/agencies/national-capital-planning-commission/index.html","css","/sites/default/files/css/css__7_lnIX5SUimudYZT0iqhhe0r5Ev1QE4En7-BEPHMeY.css","-","-","en","usagov","eJwdykEOwCAIBMAP2fIkg5EQEtDDqo2_b-tlToONIUGFIWmCtS9S74X9wthuTdMyeUDHO3qdfmLmGtbynwQUXy0vYCIdnw","delta=0&language=en&theme=usagov&include=eJwdykEOwCAIBMAP2fIkg5EQEtDDqo2_b-tlToONIUGFIWmCtS9S74X9wthuTdMyeUDHO3qdfmLmGtbynwQUXy0vYCIdnw"
"./html/agencies/national-capital-planning-commission/index.html","css","/sites/default/files/css/css_h8MbvwzFoPHon25psxDvs_qWZKIaWznJGeScqw5abGU.css","-","1","en","usagov","eJwdykEOwCAIBMAP2fIkg5EQEtDDqo2_b-tlToONIUGFIWmCtS9S74X9wthuTdMyeUDHO3qdfmLmGtbynwQUXy0vYCIdnw","delta=1&language=en&theme=usagov&include=eJwdykEOwCAIBMAP2fIkg5EQEtDDqo2_b-tlToONIUGFIWmCtS9S74X9wthuTdMyeUDHO3qdfmLmGtbynwQUXy0vYCIdnw"
"./html/agencies/national-capital-planning-commission/index.html","js","/themes/custom/usagov/scripts/newFooter.js","-","-","-","-","-",""
"./html/agencies/national-capital-planning-commission/index.html","js","/sites/default/files/js/js_sJY3bzJs3jirGGaSNreFUENeOZtDcSGccrkIaQj9Xmc.js","footer","-","en","usagov","eJx1jUEOwzAIBD8Ux09CBFPXrQMR4FT9fa3k3OPO7GqHY9Uz164b9uTx7U3qMi4KoQcInq1iNBXYWUb-r-Dlc_gpDvTm0kINmgRXuyr5VkikVmZeH6bTSlkm4Ey6Hyos4ev9kJIzGj03tB9w0UIH","scope=footer&delta=0&language=en&theme=usagov&include=eJx1jUEOwzAIBD8Ux09CBFPXrQMR4FT9fa3k3OPO7GqHY9Uz164b9uTx7U3qMi4KoQcInq1iNBXYWUb-r-Dlc_gpDvTm0kINmgRXuyr5VkikVmZeH6bTSlkm4Ey6Hyos4ev9kJIzGj03tB9w0UIH"
"./html/agencies/national-capital-planning-commission/index.html","js","/modules/contrib/uswds_ckeditor_integration/js/aftermarket/uswds_accordion.js","-","-","-","-","-","sqrdwl"
"./html/agencies/national-capital-planning-commission/index.html","js","/sites/default/files/js/js_JxNk0XijPRI5QYwn5XlgSWW1Bx0YJQ3HYOHPIZ4Crx4.js","footer","2","en","usagov","eJx1jUEOwzAIBD8Ux09CBFPXrQMR4FT9fa3k3OPO7GqHY9Uz164b9uTx7U3qMi4KoQcInq1iNBXYWUb-r-Dlc_gpDvTm0kINmgRXuyr5VkikVmZeH6bTSlkm4Ey6Hyos4ev9kJIzGj03tB9w0UIH","scope=footer&delta=2&language=en&theme=usagov&include=eJx1jUEOwzAIBD8Ux09CBFPXrQMR4FT9fa3k3OPO7GqHY9Uz164b9uTx7U3qMi4KoQcInq1iNBXYWUb-r-Dlc_gpDvTm0kINmgRXuyr5VkikVmZeH6bTSlkm4Ey6Hyos4ev9kJIzGj03tB9w0UIH"
"./html/agencies/national-capital-planning-commission/index.html","js","/themes/custom/usagov/scripts/modifyMobileNav.js","-","-","-","-","-",""
"./html/agencies/national-cemetery-administration/index.html","css","/sites/default/files/css/css__7_lnIX5SUimudYZT0iqhhe0r5Ev1QE4En7-BEPHMeY.css","-","-","en","usagov","eJwdykEOwCAIBMAP2fIkg5EQEtDDqo2_b-tlToONIUGFIWmCtS9S74X9wthuTdMyeUDHO3qdfmLmGtbynwQUXy0vYCIdnw","delta=0&language=en&theme=usagov&include=eJwdykEOwCAIBMAP2fIkg5EQEtDDqo2_b-tlToONIUGFIWmCtS9S74X9wthuTdMyeUDHO3qdfmLmGtbynwQUXy0vYCIdnw"
"./html/agencies/national-cemetery-administration/index.html","css","/sites/default/files/css/css_h8MbvwzFoPHon25psxDvs_qWZKIaWznJGeScqw5abGU.css","-","1","en","usagov","eJwdykEOwCAIBMAP2fIkg5EQEtDDqo2_b-tlToONIUGFIWmCtS9S74X9wthuTdMyeUDHO3qdfmLmGtbynwQUXy0vYCIdnw","delta=1&language=en&theme=usagov&include=eJwdykEOwCAIBMAP2fIkg5EQEtDDqo2_b-tlToONIUGFIWmCtS9S74X9wthuTdMyeUDHO3qdfmLmGtbynwQUXy0vYCIdnw"
"./html/agencies/national-cemetery-administration/index.html","js","/themes/custom/usagov/scripts/newFooter.js","-","-","-","-","-",""
"./html/agencies/national-cemetery-administration/index.html","js","/sites/default/files/js/js_sJY3bzJs3jirGGaSNreFUENeOZtDcSGccrkIaQj9Xmc.js","footer","-","en","usagov","eJx1jUEOwzAIBD8Ux09CBFPXrQMR4FT9fa3k3OPO7GqHY9Uz164b9uTx7U3qMi4KoQcInq1iNBXYWUb-r-Dlc_gpDvTm0kINmgRXuyr5VkikVmZeH6bTSlkm4Ey6Hyos4ev9kJIzGj03tB9w0UIH","scope=footer&delta=0&language=en&theme=usagov&include=eJx1jUEOwzAIBD8Ux09CBFPXrQMR4FT9fa3k3OPO7GqHY9Uz164b9uTx7U3qMi4KoQcInq1iNBXYWUb-r-Dlc_gpDvTm0kINmgRXuyr5VkikVmZeH6bTSlkm4Ey6Hyos4ev9kJIzGj03tB9w0UIH"
"./html/agencies/national-cemetery-administration/index.html","js","/modules/contrib/uswds_ckeditor_integration/js/aftermarket/uswds_accordion.js","-","-","-","-","-","sqrdwl"
"./html/agencies/national-cemetery-administration/index.html","js","/sites/default/files/js/js_JxNk0XijPRI5QYwn5XlgSWW1Bx0YJQ3HYOHPIZ4Crx4.js","footer","2","en","usagov","eJx1jUEOwzAIBD8Ux09CBFPXrQMR4FT9fa3k3OPO7GqHY9Uz164b9uTx7U3qMi4KoQcInq1iNBXYWUb-r-Dlc_gpDvTm0kINmgRXuyr5VkikVmZeH6bTSlkm4Ey6Hyos4ev9kJIzGj03tB9w0UIH","scope=footer&delta=2&language=en&theme=usagov&include=eJx1jUEOwzAIBD8Ux09CBFPXrQMR4FT9fa3k3OPO7GqHY9Uz164b9uTx7U3qMi4KoQcInq1iNBXYWUb-r-Dlc_gpDvTm0kINmgRXuyr5VkikVmZeH6bTSlkm4Ey6Hyos4ev9kJIzGj03tB9w0UIH"
"./html/agencies/national-cemetery-administration/index.html","js","/themes/custom/usagov/scripts/modifyMobileNav.js","-","-","-","-","-",""
"./html/agencies/national-center-for-complementary-and-integrative-health/index.html","css","/sites/default/files/css/css__7_lnIX5SUimudYZT0iqhhe0r5Ev1QE4En7-BEPHMeY.css","-","-","en","usagov","eJwdykEOwCAIBMAP2fIkg5EQEtDDqo2_b-tlToONIUGFIWmCtS9S74X9wthuTdMyeUDHO3qdfmLmGtbynwQUXy0vYCIdnw","delta=0&language=en&theme=usagov&include=eJwdykEOwCAIBMAP2fIkg5EQEtDDqo2_b-tlToONIUGFIWmCtS9S74X9wthuTdMyeUDHO3qdfmLmGtbynwQUXy0vYCIdnw"
"./html/agencies/national-center-for-complementary-and-integrative-health/index.html","css","/sites/default/files/css/css_h8MbvwzFoPHon25psxDvs_qWZKIaWznJGeScqw5abGU.css","-","1","en","usagov","eJwdykEOwCAIBMAP2fIkg5EQEtDDqo2_b-tlToONIUGFIWmCtS9S74X9wthuTdMyeUDHO3qdfmLmGtbynwQUXy0vYCIdnw","delta=1&language=en&theme=usagov&include=eJwdykEOwCAIBMAP2fIkg5EQEtDDqo2_b-tlToONIUGFIWmCtS9S74X9wthuTdMyeUDHO3qdfmLmGtbynwQUXy0vYCIdnw"
"./html/agencies/national-center-for-complementary-and-integrative-health/index.html","js","/themes/custom/usagov/scripts/newFooter.js","-","-","-","-","-",""
"./html/agencies/national-center-for-complementary-and-integrative-health/index.html","js","/sites/default/files/js/js_sJY3bzJs3jirGGaSNreFUENeOZtDcSGccrkIaQj9Xmc.js","footer","-","en","usagov","eJx1jUEOwzAIBD8Ux09CBFPXrQMR4FT9fa3k3OPO7GqHY9Uz164b9uTx7U3qMi4KoQcInq1iNBXYWUb-r-Dlc_gpDvTm0kINmgRXuyr5VkikVmZeH6bTSlkm4Ey6Hyos4ev9kJIzGj03tB9w0UIH","scope=footer&delta=0&language=en&theme=usagov&include=eJx1jUEOwzAIBD8Ux09CBFPXrQMR4FT9fa3k3OPO7GqHY9Uz164b9uTx7U3qMi4KoQcInq1iNBXYWUb-r-Dlc_gpDvTm0kINmgRXuyr5VkikVmZeH6bTSlkm4Ey6Hyos4ev9kJIzGj03tB9w0UIH"
"./html/agencies/national-center-for-complementary-and-integrative-health/index.html","js","/modules/contrib/uswds_ckeditor_integration/js/aftermarket/uswds_accordion.js","-","-","-","-","-","sqrdwl"
"./html/agencies/national-center-for-complementary-and-integrative-health/index.html","js","/sites/default/files/js/js_JxNk0XijPRI5QYwn5XlgSWW1Bx0YJQ3HYOHPIZ4Crx4.js","footer","2","en","usagov","eJx1jUEOwzAIBD8Ux09CBFPXrQMR4FT9fa3k3OPO7GqHY9Uz164b9uTx7U3qMi4KoQcInq1iNBXYWUb-r-Dlc_gpDvTm0kINmgRXuyr5VkikVmZeH6bTSlkm4Ey6Hyos4ev9kJIzGj03tB9w0UIH","scope=footer&delta=2&language=en&theme=usagov&include=eJx1jUEOwzAIBD8Ux09CBFPXrQMR4FT9fa3k3OPO7GqHY9Uz164b9uTx7U3qMi4KoQcInq1iNBXYWUb-r-Dlc_gpDvTm0kINmgRXuyr5VkikVmZeH6bTSlkm4Ey6Hyos4ev9kJIzGj03tB9w0UIH"
"./html/agencies/national-center-for-complementary-and-integrative-health/index.html","js","/themes/custom/usagov/scripts/modifyMobileNav.js","-","-","-","-","-",""
"./html/agencies/national-constitution-center/index.html","css","/sites/default/files/css/css__7_lnIX5SUimudYZT0iqhhe0r5Ev1QE4En7-BEPHMeY.css","-","-","en","usagov","eJwdykEOwCAIBMAP2fIkg5EQEtDDqo2_b-tlToONIUGFIWmCtS9S74X9wthuTdMyeUDHO3qdfmLmGtbynwQUXy0vYCIdnw","delta=0&language=en&theme=usagov&include=eJwdykEOwCAIBMAP2fIkg5EQEtDDqo2_b-tlToONIUGFIWmCtS9S74X9wthuTdMyeUDHO3qdfmLmGtbynwQUXy0vYCIdnw"
"./html/agencies/national-constitution-center/index.html","css","/sites/default/files/css/css_h8MbvwzFoPHon25psxDvs_qWZKIaWznJGeScqw5abGU.css","-","1","en","usagov","eJwdykEOwCAIBMAP2fIkg5EQEtDDqo2_b-tlToONIUGFIWmCtS9S74X9wthuTdMyeUDHO3qdfmLmGtbynwQUXy0vYCIdnw","delta=1&language=en&theme=usagov&include=eJwdykEOwCAIBMAP2fIkg5EQEtDDqo2_b-tlToONIUGFIWmCtS9S74X9wthuTdMyeUDHO3qdfmLmGtbynwQUXy0vYCIdnw"
"./html/agencies/national-constitution-center/index.html","js","/themes/custom/usagov/scripts/newFooter.js","-","-","-","-","-",""
"./html/agencies/national-constitution-center/index.html","js","/sites/default/files/js/js_sJY3bzJs3jirGGaSNreFUENeOZtDcSGccrkIaQj9Xmc.js","footer","-","en","usagov","eJx1jUEOwzAIBD8Ux09CBFPXrQMR4FT9fa3k3OPO7GqHY9Uz164b9uTx7U3qMi4KoQcInq1iNBXYWUb-r-Dlc_gpDvTm0kINmgRXuyr5VkikVmZeH6bTSlkm4Ey6Hyos4ev9kJIzGj03tB9w0UIH","scope=footer&delta=0&language=en&theme=usagov&include=eJx1jUEOwzAIBD8Ux09CBFPXrQMR4FT9fa3k3OPO7GqHY9Uz164b9uTx7U3qMi4KoQcInq1iNBXYWUb-r-Dlc_gpDvTm0kINmgRXuyr5VkikVmZeH6bTSlkm4Ey6Hyos4ev9kJIzGj03tB9w0UIH"
"./html/agencies/national-constitution-center/index.html","js","/modules/contrib/uswds_ckeditor_integration/js/aftermarket/uswds_accordion.js","-","-","-","-","-","sqrdwl"
"./html/agencies/national-constitution-center/index.html","js","/sites/default/files/js/js_JxNk0XijPRI5QYwn5XlgSWW1Bx0YJQ3HYOHPIZ4Crx4.js","footer","2","en","usagov","eJx1jUEOwzAIBD8Ux09CBFPXrQMR4FT9fa3k3OPO7GqHY9Uz164b9uTx7U3qMi4KoQcInq1iNBXYWUb-r-Dlc_gpDvTm0kINmgRXuyr5VkikVmZeH6bTSlkm4Ey6Hyos4ev9kJIzGj03tB9w0UIH","scope=footer&delta=2&language=en&theme=usagov&include=eJx1jUEOwzAIBD8Ux09CBFPXrQMR4FT9fa3k3OPO7GqHY9Uz164b9uTx7U3qMi4KoQcInq1iNBXYWUb-r-Dlc_gpDvTm0kINmgRXuyr5VkikVmZeH6bTSlkm4Ey6Hyos4ev9kJIzGj03tB9w0UIH"
"./html/agencies/national-constitution-center/index.html","js","/themes/custom/usagov/scripts/modifyMobileNav.js","-","-","-","-","-",""
"./html/agencies/national-council-on-disability/index.html","css","/sites/default/files/css/css__7_lnIX5SUimudYZT0iqhhe0r5Ev1QE4En7-BEPHMeY.css","-","-","en","usagov","eJwdykEOwCAIBMAP2fIkg5EQEtDDqo2_b-tlToONIUGFIWmCtS9S74X9wthuTdMyeUDHO3qdfmLmGtbynwQUXy0vYCIdnw","delta=0&language=en&theme=usagov&include=eJwdykEOwCAIBMAP2fIkg5EQEtDDqo2_b-tlToONIUGFIWmCtS9S74X9wthuTdMyeUDHO3qdfmLmGtbynwQUXy0vYCIdnw"
"./html/agencies/national-council-on-disability/index.html","css","/sites/default/files/css/css_h8MbvwzFoPHon25psxDvs_qWZKIaWznJGeScqw5abGU.css","-","1","en","usagov","eJwdykEOwCAIBMAP2fIkg5EQEtDDqo2_b-tlToONIUGFIWmCtS9S74X9wthuTdMyeUDHO3qdfmLmGtbynwQUXy0vYCIdnw","delta=1&language=en&theme=usagov&include=eJwdykEOwCAIBMAP2fIkg5EQEtDDqo2_b-tlToONIUGFIWmCtS9S74X9wthuTdMyeUDHO3qdfmLmGtbynwQUXy0vYCIdnw"
"./html/agencies/national-council-on-disability/index.html","js","/themes/custom/usagov/scripts/newFooter.js","-","-","-","-","-",""
"./html/agencies/national-council-on-disability/index.html","js","/sites/default/files/js/js_sJY3bzJs3jirGGaSNreFUENeOZtDcSGccrkIaQj9Xmc.js","footer","-","en","usagov","eJx1jUEOwzAIBD8Ux09CBFPXrQMR4FT9fa3k3OPO7GqHY9Uz164b9uTx7U3qMi4KoQcInq1iNBXYWUb-r-Dlc_gpDvTm0kINmgRXuyr5VkikVmZeH6bTSlkm4Ey6Hyos4ev9kJIzGj03tB9w0UIH","scope=footer&delta=0&language=en&theme=usagov&include=eJx1jUEOwzAIBD8Ux09CBFPXrQMR4FT9fa3k3OPO7GqHY9Uz164b9uTx7U3qMi4KoQcInq1iNBXYWUb-r-Dlc_gpDvTm0kINmgRXuyr5VkikVmZeH6bTSlkm4Ey6Hyos4ev9kJIzGj03tB9w0UIH"
"./html/agencies/national-council-on-disability/index.html","js","/modules/contrib/uswds_ckeditor_integration/js/aftermarket/uswds_accordion.js","-","-","-","-","-","sqrdwl"
"./html/agencies/national-council-on-disability/index.html","js","/sites/default/files/js/js_JxNk0XijPRI5QYwn5XlgSWW1Bx0YJQ3HYOHPIZ4Crx4.js","footer","2","en","usagov","eJx1jUEOwzAIBD8Ux09CBFPXrQMR4FT9fa3k3OPO7GqHY9Uz164b9uTx7U3qMi4KoQcInq1iNBXYWUb-r-Dlc_gpDvTm0kINmgRXuyr5VkikVmZeH6bTSlkm4Ey6Hyos4ev9kJIzGj03tB9w0UIH","scope=footer&delta=2&language=en&theme=usagov&include=eJx1jUEOwzAIBD8Ux09CBFPXrQMR4FT9fa3k3OPO7GqHY9Uz164b9uTx7U3qMi4KoQcInq1iNBXYWUb-r-Dlc_gpDvTm0kINmgRXuyr5VkikVmZeH6bTSlkm4Ey6Hyos4ev9kJIzGj03tB9w0UIH"
"./html/agencies/national-council-on-disability/index.html","js","/themes/custom/usagov/scripts/modifyMobileNav.js","-","-","-","-","-",""
"./html/agencies/national-credit-union-administration/index.html","css","/sites/default/files/css/css__7_lnIX5SUimudYZT0iqhhe0r5Ev1QE4En7-BEPHMeY.css","-","-","en","usagov","eJwdykEOwCAIBMAP2fIkg5EQEtDDqo2_b-tlToONIUGFIWmCtS9S74X9wthuTdMyeUDHO3qdfmLmGtbynwQUXy0vYCIdnw","delta=0&language=en&theme=usagov&include=eJwdykEOwCAIBMAP2fIkg5EQEtDDqo2_b-tlToONIUGFIWmCtS9S74X9wthuTdMyeUDHO3qdfmLmGtbynwQUXy0vYCIdnw"
"./html/agencies/national-credit-union-administration/index.html","css","/sites/default/files/css/css_h8MbvwzFoPHon25psxDvs_qWZKIaWznJGeScqw5abGU.css","-","1","en","usagov","eJwdykEOwCAIBMAP2fIkg5EQEtDDqo2_b-tlToONIUGFIWmCtS9S74X9wthuTdMyeUDHO3qdfmLmGtbynwQUXy0vYCIdnw","delta=1&language=en&theme=usagov&include=eJwdykEOwCAIBMAP2fIkg5EQEtDDqo2_b-tlToONIUGFIWmCtS9S74X9wthuTdMyeUDHO3qdfmLmGtbynwQUXy0vYCIdnw"
"./html/agencies/national-credit-union-administration/index.html","js","/themes/custom/usagov/scripts/newFooter.js","-","-","-","-","-",""
"./html/agencies/national-credit-union-administration/index.html","js","/sites/default/files/js/js_sJY3bzJs3jirGGaSNreFUENeOZtDcSGccrkIaQj9Xmc.js","footer","-","en","usagov","eJx1jUEOwzAIBD8Ux09CBFPXrQMR4FT9fa3k3OPO7GqHY9Uz164b9uTx7U3qMi4KoQcInq1iNBXYWUb-r-Dlc_gpDvTm0kINmgRXuyr5VkikVmZeH6bTSlkm4Ey6Hyos4ev9kJIzGj03tB9w0UIH","scope=footer&delta=0&language=en&theme=usagov&include=eJx1jUEOwzAIBD8Ux09CBFPXrQMR4FT9fa3k3OPO7GqHY9Uz164b9uTx7U3qMi4KoQcInq1iNBXYWUb-r-Dlc_gpDvTm0kINmgRXuyr5VkikVmZeH6bTSlkm4Ey6Hyos4ev9kJIzGj03tB9w0UIH"
"./html/agencies/national-credit-union-administration/index.html","js","/modules/contrib/uswds_ckeditor_integration/js/aftermarket/uswds_accordion.js","-","-","-","-","-","sqrdwl"
"./html/agencies/national-credit-union-administration/index.html","js","/sites/default/files/js/js_JxNk0XijPRI5QYwn5XlgSWW1Bx0YJQ3HYOHPIZ4Crx4.js","footer","2","en","usagov","eJx1jUEOwzAIBD8Ux09CBFPXrQMR4FT9fa3k3OPO7GqHY9Uz164b9uTx7U3qMi4KoQcInq1iNBXYWUb-r-Dlc_gpDvTm0kINmgRXuyr5VkikVmZeH6bTSlkm4Ey6Hyos4ev9kJIzGj03tB9w0UIH","scope=footer&delta=2&language=en&theme=usagov&include=eJx1jUEOwzAIBD8Ux09CBFPXrQMR4FT9fa3k3OPO7GqHY9Uz164b9uTx7U3qMi4KoQcInq1iNBXYWUb-r-Dlc_gpDvTm0kINmgRXuyr5VkikVmZeH6bTSlkm4Ey6Hyos4ev9kJIzGj03tB9w0UIH"
"./html/agencies/national-credit-union-administration/index.html","js","/themes/custom/usagov/scripts/modifyMobileNav.js","-","-","-","-","-",""
"./html/agencies/national-defense-university/index.html","css","/sites/default/files/css/css__7_lnIX5SUimudYZT0iqhhe0r5Ev1QE4En7-BEPHMeY.css","-","-","en","usagov","eJwdykEOwCAIBMAP2fIkg5EQEtDDqo2_b-tlToONIUGFIWmCtS9S74X9wthuTdMyeUDHO3qdfmLmGtbynwQUXy0vYCIdnw","delta=0&language=en&theme=usagov&include=eJwdykEOwCAIBMAP2fIkg5EQEtDDqo2_b-tlToONIUGFIWmCtS9S74X9wthuTdMyeUDHO3qdfmLmGtbynwQUXy0vYCIdnw"
"./html/agencies/national-defense-university/index.html","css","/sites/default/files/css/css_h8MbvwzFoPHon25psxDvs_qWZKIaWznJGeScqw5abGU.css","-","1","en","usagov","eJwdykEOwCAIBMAP2fIkg5EQEtDDqo2_b-tlToONIUGFIWmCtS9S74X9wthuTdMyeUDHO3qdfmLmGtbynwQUXy0vYCIdnw","delta=1&language=en&theme=usagov&include=eJwdykEOwCAIBMAP2fIkg5EQEtDDqo2_b-tlToONIUGFIWmCtS9S74X9wthuTdMyeUDHO3qdfmLmGtbynwQUXy0vYCIdnw"
"./html/agencies/national-defense-university/index.html","js","/themes/custom/usagov/scripts/newFooter.js","-","-","-","-","-",""
"./html/agencies/national-defense-university/index.html","js","/sites/default/files/js/js_sJY3bzJs3jirGGaSNreFUENeOZtDcSGccrkIaQj9Xmc.js","footer","-","en","usagov","eJx1jUEOwzAIBD8Ux09CBFPXrQMR4FT9fa3k3OPO7GqHY9Uz164b9uTx7U3qMi4KoQcInq1iNBXYWUb-r-Dlc_gpDvTm0kINmgRXuyr5VkikVmZeH6bTSlkm4Ey6Hyos4ev9kJIzGj03tB9w0UIH","scope=footer&delta=0&language=en&theme=usagov&include=eJx1jUEOwzAIBD8Ux09CBFPXrQMR4FT9fa3k3OPO7GqHY9Uz164b9uTx7U3qMi4KoQcInq1iNBXYWUb-r-Dlc_gpDvTm0kINmgRXuyr5VkikVmZeH6bTSlkm4Ey6Hyos4ev9kJIzGj03tB9w0UIH"
"./html/agencies/national-defense-university/index.html","js","/modules/contrib/uswds_ckeditor_integration/js/aftermarket/uswds_accordion.js","-","-","-","-","-","sqrdwl"
"./html/agencies/national-defense-university/index.html","js","/sites/default/files/js/js_JxNk0XijPRI5QYwn5XlgSWW1Bx0YJQ3HYOHPIZ4Crx4.js","footer","2","en","usagov","eJx1jUEOwzAIBD8Ux09CBFPXrQMR4FT9fa3k3OPO7GqHY9Uz164b9uTx7U3qMi4KoQcInq1iNBXYWUb-r-Dlc_gpDvTm0kINmgRXuyr5VkikVmZeH6bTSlkm4Ey6Hyos4ev9kJIzGj03tB9w0UIH","scope=footer&delta=2&language=en&theme=usagov&include=eJx1jUEOwzAIBD8Ux09CBFPXrQMR4FT9fa3k3OPO7GqHY9Uz164b9uTx7U3qMi4KoQcInq1iNBXYWUb-r-Dlc_gpDvTm0kINmgRXuyr5VkikVmZeH6bTSlkm4Ey6Hyos4ev9kJIzGj03tB9w0UIH"
"./html/agencies/national-defense-university/index.html","js","/themes/custom/usagov/scripts/modifyMobileNav.js","-","-","-","-","-",""
"./html/agencies/national-endowment-for-the-arts/index.html","css","/sites/default/files/css/css__7_lnIX5SUimudYZT0iqhhe0r5Ev1QE4En7-BEPHMeY.css","-","-","en","usagov","eJwdykEOwCAIBMAP2fIkg5EQEtDDqo2_b-tlToONIUGFIWmCtS9S74X9wthuTdMyeUDHO3qdfmLmGtbynwQUXy0vYCIdnw","delta=0&language=en&theme=usagov&include=eJwdykEOwCAIBMAP2fIkg5EQEtDDqo2_b-tlToONIUGFIWmCtS9S74X9wthuTdMyeUDHO3qdfmLmGtbynwQUXy0vYCIdnw"
"./html/agencies/national-endowment-for-the-arts/index.html","css","/sites/default/files/css/css_h8MbvwzFoPHon25psxDvs_qWZKIaWznJGeScqw5abGU.css","-","1","en","usagov","eJwdykEOwCAIBMAP2fIkg5EQEtDDqo2_b-tlToONIUGFIWmCtS9S74X9wthuTdMyeUDHO3qdfmLmGtbynwQUXy0vYCIdnw","delta=1&language=en&theme=usagov&include=eJwdykEOwCAIBMAP2fIkg5EQEtDDqo2_b-tlToONIUGFIWmCtS9S74X9wthuTdMyeUDHO3qdfmLmGtbynwQUXy0vYCIdnw"
"./html/agencies/national-endowment-for-the-arts/index.html","js","/themes/custom/usagov/scripts/newFooter.js","-","-","-","-","-",""
"./html/agencies/national-endowment-for-the-arts/index.html","js","/sites/default/files/js/js_sJY3bzJs3jirGGaSNreFUENeOZtDcSGccrkIaQj9Xmc.js","footer","-","en","usagov","eJx1jUEOwzAIBD8Ux09CBFPXrQMR4FT9fa3k3OPO7GqHY9Uz164b9uTx7U3qMi4KoQcInq1iNBXYWUb-r-Dlc_gpDvTm0kINmgRXuyr5VkikVmZeH6bTSlkm4Ey6Hyos4ev9kJIzGj03tB9w0UIH","scope=footer&delta=0&language=en&theme=usagov&include=eJx1jUEOwzAIBD8Ux09CBFPXrQMR4FT9fa3k3OPO7GqHY9Uz164b9uTx7U3qMi4KoQcInq1iNBXYWUb-r-Dlc_gpDvTm0kINmgRXuyr5VkikVmZeH6bTSlkm4Ey6Hyos4ev9kJIzGj03tB9w0UIH"
"./html/agencies/national-endowment-for-the-arts/index.html","js","/modules/contrib/uswds_ckeditor_integration/js/aftermarket/uswds_accordion.js","-","-","-","-","-","sqrdwl"
"./html/agencies/national-endowment-for-the-arts/index.html","js","/sites/default/files/js/js_JxNk0XijPRI5QYwn5XlgSWW1Bx0YJQ3HYOHPIZ4Crx4.js","footer","2","en","usagov","eJx1jUEOwzAIBD8Ux09CBFPXrQMR4FT9fa3k3OPO7GqHY9Uz164b9uTx7U3qMi4KoQcInq1iNBXYWUb-r-Dlc_gpDvTm0kINmgRXuyr5VkikVmZeH6bTSlkm4Ey6Hyos4ev9kJIzGj03tB9w0UIH","scope=footer&delta=2&language=en&theme=usagov&include=eJx1jUEOwzAIBD8Ux09CBFPXrQMR4FT9fa3k3OPO7GqHY9Uz164b9uTx7U3qMi4KoQcInq1iNBXYWUb-r-Dlc_gpDvTm0kINmgRXuyr5VkikVmZeH6bTSlkm4Ey6Hyos4ev9kJIzGj03tB9w0UIH"
"./html/agencies/national-endowment-for-the-arts/index.html","js","/themes/custom/usagov/scripts/modifyMobileNav.js","-","-","-","-","-",""
"./html/agencies/national-endowment-for-the-humanities/index.html","css","/sites/default/files/css/css__7_lnIX5SUimudYZT0iqhhe0r5Ev1QE4En7-BEPHMeY.css","-","-","en","usagov","eJwdykEOwCAIBMAP2fIkg5EQEtDDqo2_b-tlToONIUGFIWmCtS9S74X9wthuTdMyeUDHO3qdfmLmGtbynwQUXy0vYCIdnw","delta=0&language=en&theme=usagov&include=eJwdykEOwCAIBMAP2fIkg5EQEtDDqo2_b-tlToONIUGFIWmCtS9S74X9wthuTdMyeUDHO3qdfmLmGtbynwQUXy0vYCIdnw"
"./html/agencies/national-endowment-for-the-humanities/index.html","css","/sites/default/files/css/css_h8MbvwzFoPHon25psxDvs_qWZKIaWznJGeScqw5abGU.css","-","1","en","usagov","eJwdykEOwCAIBMAP2fIkg5EQEtDDqo2_b-tlToONIUGFIWmCtS9S74X9wthuTdMyeUDHO3qdfmLmGtbynwQUXy0vYCIdnw","delta=1&language=en&theme=usagov&include=eJwdykEOwCAIBMAP2fIkg5EQEtDDqo2_b-tlToONIUGFIWmCtS9S74X9wthuTdMyeUDHO3qdfmLmGtbynwQUXy0vYCIdnw"
"./html/agencies/national-endowment-for-the-humanities/index.html","js","/themes/custom/usagov/scripts/newFooter.js","-","-","-","-","-",""
"./html/agencies/national-endowment-for-the-humanities/index.html","js","/sites/default/files/js/js_sJY3bzJs3jirGGaSNreFUENeOZtDcSGccrkIaQj9Xmc.js","footer","-","en","usagov","eJx1jUEOwzAIBD8Ux09CBFPXrQMR4FT9fa3k3OPO7GqHY9Uz164b9uTx7U3qMi4KoQcInq1iNBXYWUb-r-Dlc_gpDvTm0kINmgRXuyr5VkikVmZeH6bTSlkm4Ey6Hyos4ev9kJIzGj03tB9w0UIH","scope=footer&delta=0&language=en&theme=usagov&include=eJx1jUEOwzAIBD8Ux09CBFPXrQMR4FT9fa3k3OPO7GqHY9Uz164b9uTx7U3qMi4KoQcInq1iNBXYWUb-r-Dlc_gpDvTm0kINmgRXuyr5VkikVmZeH6bTSlkm4Ey6Hyos4ev9kJIzGj03tB9w0UIH"
"./html/agencies/national-endowment-for-the-humanities/index.html","js","/modules/contrib/uswds_ckeditor_integration/js/aftermarket/uswds_accordion.js","-","-","-","-","-","sqrdwl"
"./html/agencies/national-endowment-for-the-humanities/index.html","js","/sites/default/files/js/js_JxNk0XijPRI5QYwn5XlgSWW1Bx0YJQ3HYOHPIZ4Crx4.js","footer","2","en","usagov","eJx1jUEOwzAIBD8Ux09CBFPXrQMR4FT9fa3k3OPO7GqHY9Uz164b9uTx7U3qMi4KoQcInq1iNBXYWUb-r-Dlc_gpDvTm0kINmgRXuyr5VkikVmZeH6bTSlkm4Ey6Hyos4ev9kJIzGj03tB9w0UIH","scope=footer&delta=2&language=en&theme=usagov&include=eJx1jUEOwzAIBD8Ux09CBFPXrQMR4FT9fa3k3OPO7GqHY9Uz164b9uTx7U3qMi4KoQcInq1iNBXYWUb-r-Dlc_gpDvTm0kINmgRXuyr5VkikVmZeH6bTSlkm4Ey6Hyos4ev9kJIzGj03tB9w0UIH"
"./html/agencies/national-endowment-for-the-humanities/index.html","js","/themes/custom/usagov/scripts/modifyMobileNav.js","-","-","-","-","-",""
"./html/agencies/national-flood-insurance-program/index.html","css","/sites/default/files/css/css__7_lnIX5SUimudYZT0iqhhe0r5Ev1QE4En7-BEPHMeY.css","-","-","en","usagov","eJwdykEOwCAIBMAP2fIkg5EQEtDDqo2_b-tlToONIUGFIWmCtS9S74X9wthuTdMyeUDHO3qdfmLmGtbynwQUXy0vYCIdnw","delta=0&language=en&theme=usagov&include=eJwdykEOwCAIBMAP2fIkg5EQEtDDqo2_b-tlToONIUGFIWmCtS9S74X9wthuTdMyeUDHO3qdfmLmGtbynwQUXy0vYCIdnw"
"./html/agencies/national-flood-insurance-program/index.html","css","/sites/default/files/css/css_h8MbvwzFoPHon25psxDvs_qWZKIaWznJGeScqw5abGU.css","-","1","en","usagov","eJwdykEOwCAIBMAP2fIkg5EQEtDDqo2_b-tlToONIUGFIWmCtS9S74X9wthuTdMyeUDHO3qdfmLmGtbynwQUXy0vYCIdnw","delta=1&language=en&theme=usagov&include=eJwdykEOwCAIBMAP2fIkg5EQEtDDqo2_b-tlToONIUGFIWmCtS9S74X9wthuTdMyeUDHO3qdfmLmGtbynwQUXy0vYCIdnw"
"./html/agencies/national-flood-insurance-program/index.html","js","/themes/custom/usagov/scripts/newFooter.js","-","-","-","-","-",""
"./html/agencies/national-flood-insurance-program/index.html","js","/sites/default/files/js/js_sJY3bzJs3jirGGaSNreFUENeOZtDcSGccrkIaQj9Xmc.js","footer","-","en","usagov","eJx1jUEOwzAIBD8Ux09CBFPXrQMR4FT9fa3k3OPO7GqHY9Uz164b9uTx7U3qMi4KoQcInq1iNBXYWUb-r-Dlc_gpDvTm0kINmgRXuyr5VkikVmZeH6bTSlkm4Ey6Hyos4ev9kJIzGj03tB9w0UIH","scope=footer&delta=0&language=en&theme=usagov&include=eJx1jUEOwzAIBD8Ux09CBFPXrQMR4FT9fa3k3OPO7GqHY9Uz164b9uTx7U3qMi4KoQcInq1iNBXYWUb-r-Dlc_gpDvTm0kINmgRXuyr5VkikVmZeH6bTSlkm4Ey6Hyos4ev9kJIzGj03tB9w0UIH"
"./html/agencies/national-flood-insurance-program/index.html","js","/modules/contrib/uswds_ckeditor_integration/js/aftermarket/uswds_accordion.js","-","-","-","-","-","sqrdwl"
"./html/agencies/national-flood-insurance-program/index.html","js","/sites/default/files/js/js_JxNk0XijPRI5QYwn5XlgSWW1Bx0YJQ3HYOHPIZ4Crx4.js","footer","2","en","usagov","eJx1jUEOwzAIBD8Ux09CBFPXrQMR4FT9fa3k3OPO7GqHY9Uz164b9uTx7U3qMi4KoQcInq1iNBXYWUb-r-Dlc_gpDvTm0kINmgRXuyr5VkikVmZeH6bTSlkm4Ey6Hyos4ev9kJIzGj03tB9w0UIH","scope=footer&delta=2&language=en&theme=usagov&include=eJx1jUEOwzAIBD8Ux09CBFPXrQMR4FT9fa3k3OPO7GqHY9Uz164b9uTx7U3qMi4KoQcInq1iNBXYWUb-r-Dlc_gpDvTm0kINmgRXuyr5VkikVmZeH6bTSlkm4Ey6Hyos4ev9kJIzGj03tB9w0UIH"
"./html/agencies/national-flood-insurance-program/index.html","js","/themes/custom/usagov/scripts/modifyMobileNav.js","-","-","-","-","-",""
"./html/agencies/national-gallery-of-art/index.html","css","/sites/default/files/css/css__7_lnIX5SUimudYZT0iqhhe0r5Ev1QE4En7-BEPHMeY.css","-","-","en","usagov","eJwdykEOwCAIBMAP2fIkg5EQEtDDqo2_b-tlToONIUGFIWmCtS9S74X9wthuTdMyeUDHO3qdfmLmGtbynwQUXy0vYCIdnw","delta=0&language=en&theme=usagov&include=eJwdykEOwCAIBMAP2fIkg5EQEtDDqo2_b-tlToONIUGFIWmCtS9S74X9wthuTdMyeUDHO3qdfmLmGtbynwQUXy0vYCIdnw"
"./html/agencies/national-gallery-of-art/index.html","css","/sites/default/files/css/css_h8MbvwzFoPHon25psxDvs_qWZKIaWznJGeScqw5abGU.css","-","1","en","usagov","eJwdykEOwCAIBMAP2fIkg5EQEtDDqo2_b-tlToONIUGFIWmCtS9S74X9wthuTdMyeUDHO3qdfmLmGtbynwQUXy0vYCIdnw","delta=1&language=en&theme=usagov&include=eJwdykEOwCAIBMAP2fIkg5EQEtDDqo2_b-tlToONIUGFIWmCtS9S74X9wthuTdMyeUDHO3qdfmLmGtbynwQUXy0vYCIdnw"
"./html/agencies/national-gallery-of-art/index.html","js","/themes/custom/usagov/scripts/newFooter.js","-","-","-","-","-",""
"./html/agencies/national-gallery-of-art/index.html","js","/sites/default/files/js/js_sJY3bzJs3jirGGaSNreFUENeOZtDcSGccrkIaQj9Xmc.js","footer","-","en","usagov","eJx1jUEOwzAIBD8Ux09CBFPXrQMR4FT9fa3k3OPO7GqHY9Uz164b9uTx7U3qMi4KoQcInq1iNBXYWUb-r-Dlc_gpDvTm0kINmgRXuyr5VkikVmZeH6bTSlkm4Ey6Hyos4ev9kJIzGj03tB9w0UIH","scope=footer&delta=0&language=en&theme=usagov&include=eJx1jUEOwzAIBD8Ux09CBFPXrQMR4FT9fa3k3OPO7GqHY9Uz164b9uTx7U3qMi4KoQcInq1iNBXYWUb-r-Dlc_gpDvTm0kINmgRXuyr5VkikVmZeH6bTSlkm4Ey6Hyos4ev9kJIzGj03tB9w0UIH"
"./html/agencies/national-gallery-of-art/index.html","js","/modules/contrib/uswds_ckeditor_integration/js/aftermarket/uswds_accordion.js","-","-","-","-","-","sqrdwl"
"./html/agencies/national-gallery-of-art/index.html","js","/sites/default/files/js/js_JxNk0XijPRI5QYwn5XlgSWW1Bx0YJQ3HYOHPIZ4Crx4.js","footer","2","en","usagov","eJx1jUEOwzAIBD8Ux09CBFPXrQMR4FT9fa3k3OPO7GqHY9Uz164b9uTx7U3qMi4KoQcInq1iNBXYWUb-r-Dlc_gpDvTm0kINmgRXuyr5VkikVmZeH6bTSlkm4Ey6Hyos4ev9kJIzGj03tB9w0UIH","scope=footer&delta=2&language=en&theme=usagov&include=eJx1jUEOwzAIBD8Ux09CBFPXrQMR4FT9fa3k3OPO7GqHY9Uz164b9uTx7U3qMi4KoQcInq1iNBXYWUb-r-Dlc_gpDvTm0kINmgRXuyr5VkikVmZeH6bTSlkm4Ey6Hyos4ev9kJIzGj03tB9w0UIH"
"./html/agencies/national-gallery-of-art/index.html","js","/themes/custom/usagov/scripts/modifyMobileNav.js","-","-","-","-","-",""
"./html/agencies/national-geospatial-intelligence-agency/index.html","css","/sites/default/files/css/css__7_lnIX5SUimudYZT0iqhhe0r5Ev1QE4En7-BEPHMeY.css","-","-","en","usagov","eJwdykEOwCAIBMAP2fIkg5EQEtDDqo2_b-tlToONIUGFIWmCtS9S74X9wthuTdMyeUDHO3qdfmLmGtbynwQUXy0vYCIdnw","delta=0&language=en&theme=usagov&include=eJwdykEOwCAIBMAP2fIkg5EQEtDDqo2_b-tlToONIUGFIWmCtS9S74X9wthuTdMyeUDHO3qdfmLmGtbynwQUXy0vYCIdnw"
"./html/agencies/national-geospatial-intelligence-agency/index.html","css","/sites/default/files/css/css_h8MbvwzFoPHon25psxDvs_qWZKIaWznJGeScqw5abGU.css","-","1","en","usagov","eJwdykEOwCAIBMAP2fIkg5EQEtDDqo2_b-tlToONIUGFIWmCtS9S74X9wthuTdMyeUDHO3qdfmLmGtbynwQUXy0vYCIdnw","delta=1&language=en&theme=usagov&include=eJwdykEOwCAIBMAP2fIkg5EQEtDDqo2_b-tlToONIUGFIWmCtS9S74X9wthuTdMyeUDHO3qdfmLmGtbynwQUXy0vYCIdnw"
"./html/agencies/national-geospatial-intelligence-agency/index.html","js","/themes/custom/usagov/scripts/newFooter.js","-","-","-","-","-",""
"./html/agencies/national-geospatial-intelligence-agency/index.html","js","/sites/default/files/js/js_sJY3bzJs3jirGGaSNreFUENeOZtDcSGccrkIaQj9Xmc.js","footer","-","en","usagov","eJx1jUEOwzAIBD8Ux09CBFPXrQMR4FT9fa3k3OPO7GqHY9Uz164b9uTx7U3qMi4KoQcInq1iNBXYWUb-r-Dlc_gpDvTm0kINmgRXuyr5VkikVmZeH6bTSlkm4Ey6Hyos4ev9kJIzGj03tB9w0UIH","scope=footer&delta=0&language=en&theme=usagov&include=eJx1jUEOwzAIBD8Ux09CBFPXrQMR4FT9fa3k3OPO7GqHY9Uz164b9uTx7U3qMi4KoQcInq1iNBXYWUb-r-Dlc_gpDvTm0kINmgRXuyr5VkikVmZeH6bTSlkm4Ey6Hyos4ev9kJIzGj03tB9w0UIH"
"./html/agencies/national-geospatial-intelligence-agency/index.html","js","/modules/contrib/uswds_ckeditor_integration/js/aftermarket/uswds_accordion.js","-","-","-","-","-","sqrdwl"
"./html/agencies/national-geospatial-intelligence-agency/index.html","js","/sites/default/files/js/js_JxNk0XijPRI5QYwn5XlgSWW1Bx0YJQ3HYOHPIZ4Crx4.js","footer","2","en","usagov","eJx1jUEOwzAIBD8Ux09CBFPXrQMR4FT9fa3k3OPO7GqHY9Uz164b9uTx7U3qMi4KoQcInq1iNBXYWUb-r-Dlc_gpDvTm0kINmgRXuyr5VkikVmZeH6bTSlkm4Ey6Hyos4ev9kJIzGj03tB9w0UIH","scope=footer&delta=2&language=en&theme=usagov&include=eJx1jUEOwzAIBD8Ux09CBFPXrQMR4FT9fa3k3OPO7GqHY9Uz164b9uTx7U3qMi4KoQcInq1iNBXYWUb-r-Dlc_gpDvTm0kINmgRXuyr5VkikVmZeH6bTSlkm4Ey6Hyos4ev9kJIzGj03tB9w0UIH"
"./html/agencies/national-geospatial-intelligence-agency/index.html","js","/themes/custom/usagov/scripts/modifyMobileNav.js","-","-","-","-","-",""
"./html/agencies/national-guard/index.html","css","/sites/default/files/css/css__7_lnIX5SUimudYZT0iqhhe0r5Ev1QE4En7-BEPHMeY.css","-","-","en","usagov","eJwdykEOwCAIBMAP2fIkg5EQEtDDqo2_b-tlToONIUGFIWmCtS9S74X9wthuTdMyeUDHO3qdfmLmGtbynwQUXy0vYCIdnw","delta=0&language=en&theme=usagov&include=eJwdykEOwCAIBMAP2fIkg5EQEtDDqo2_b-tlToONIUGFIWmCtS9S74X9wthuTdMyeUDHO3qdfmLmGtbynwQUXy0vYCIdnw"
"./html/agencies/national-guard/index.html","css","/sites/default/files/css/css_h8MbvwzFoPHon25psxDvs_qWZKIaWznJGeScqw5abGU.css","-","1","en","usagov","eJwdykEOwCAIBMAP2fIkg5EQEtDDqo2_b-tlToONIUGFIWmCtS9S74X9wthuTdMyeUDHO3qdfmLmGtbynwQUXy0vYCIdnw","delta=1&language=en&theme=usagov&include=eJwdykEOwCAIBMAP2fIkg5EQEtDDqo2_b-tlToONIUGFIWmCtS9S74X9wthuTdMyeUDHO3qdfmLmGtbynwQUXy0vYCIdnw"
"./html/agencies/national-guard/index.html","js","/themes/custom/usagov/scripts/newFooter.js","-","-","-","-","-",""
"./html/agencies/national-guard/index.html","js","/sites/default/files/js/js_sJY3bzJs3jirGGaSNreFUENeOZtDcSGccrkIaQj9Xmc.js","footer","-","en","usagov","eJx1jUEOwzAIBD8Ux09CBFPXrQMR4FT9fa3k3OPO7GqHY9Uz164b9uTx7U3qMi4KoQcInq1iNBXYWUb-r-Dlc_gpDvTm0kINmgRXuyr5VkikVmZeH6bTSlkm4Ey6Hyos4ev9kJIzGj03tB9w0UIH","scope=footer&delta=0&language=en&theme=usagov&include=eJx1jUEOwzAIBD8Ux09CBFPXrQMR4FT9fa3k3OPO7GqHY9Uz164b9uTx7U3qMi4KoQcInq1iNBXYWUb-r-Dlc_gpDvTm0kINmgRXuyr5VkikVmZeH6bTSlkm4Ey6Hyos4ev9kJIzGj03tB9w0UIH"
"./html/agencies/national-guard/index.html","js","/modules/contrib/uswds_ckeditor_integration/js/aftermarket/uswds_accordion.js","-","-","-","-","-","sqrdwl"
"./html/agencies/national-guard/index.html","js","/sites/default/files/js/js_JxNk0XijPRI5QYwn5XlgSWW1Bx0YJQ3HYOHPIZ4Crx4.js","footer","2","en","usagov","eJx1jUEOwzAIBD8Ux09CBFPXrQMR4FT9fa3k3OPO7GqHY9Uz164b9uTx7U3qMi4KoQcInq1iNBXYWUb-r-Dlc_gpDvTm0kINmgRXuyr5VkikVmZeH6bTSlkm4Ey6Hyos4ev9kJIzGj03tB9w0UIH","scope=footer&delta=2&language=en&theme=usagov&include=eJx1jUEOwzAIBD8Ux09CBFPXrQMR4FT9fa3k3OPO7GqHY9Uz164b9uTx7U3qMi4KoQcInq1iNBXYWUb-r-Dlc_gpDvTm0kINmgRXuyr5VkikVmZeH6bTSlkm4Ey6Hyos4ev9kJIzGj03tB9w0UIH"
"./html/agencies/national-guard/index.html","js","/themes/custom/usagov/scripts/modifyMobileNav.js","-","-","-","-","-",""
"./html/agencies/national-health-information-center/index.html","css","/sites/default/files/css/css__7_lnIX5SUimudYZT0iqhhe0r5Ev1QE4En7-BEPHMeY.css","-","-","en","usagov","eJwdykEOwCAIBMAP2fIkg5EQEtDDqo2_b-tlToONIUGFIWmCtS9S74X9wthuTdMyeUDHO3qdfmLmGtbynwQUXy0vYCIdnw","delta=0&language=en&theme=usagov&include=eJwdykEOwCAIBMAP2fIkg5EQEtDDqo2_b-tlToONIUGFIWmCtS9S74X9wthuTdMyeUDHO3qdfmLmGtbynwQUXy0vYCIdnw"
"./html/agencies/national-health-information-center/index.html","css","/sites/default/files/css/css_h8MbvwzFoPHon25psxDvs_qWZKIaWznJGeScqw5abGU.css","-","1","en","usagov","eJwdykEOwCAIBMAP2fIkg5EQEtDDqo2_b-tlToONIUGFIWmCtS9S74X9wthuTdMyeUDHO3qdfmLmGtbynwQUXy0vYCIdnw","delta=1&language=en&theme=usagov&include=eJwdykEOwCAIBMAP2fIkg5EQEtDDqo2_b-tlToONIUGFIWmCtS9S74X9wthuTdMyeUDHO3qdfmLmGtbynwQUXy0vYCIdnw"
"./html/agencies/national-health-information-center/index.html","js","/themes/custom/usagov/scripts/newFooter.js","-","-","-","-","-",""
"./html/agencies/national-health-information-center/index.html","js","/sites/default/files/js/js_sJY3bzJs3jirGGaSNreFUENeOZtDcSGccrkIaQj9Xmc.js","footer","-","en","usagov","eJx1jUEOwzAIBD8Ux09CBFPXrQMR4FT9fa3k3OPO7GqHY9Uz164b9uTx7U3qMi4KoQcInq1iNBXYWUb-r-Dlc_gpDvTm0kINmgRXuyr5VkikVmZeH6bTSlkm4Ey6Hyos4ev9kJIzGj03tB9w0UIH","scope=footer&delta=0&language=en&theme=usagov&include=eJx1jUEOwzAIBD8Ux09CBFPXrQMR4FT9fa3k3OPO7GqHY9Uz164b9uTx7U3qMi4KoQcInq1iNBXYWUb-r-Dlc_gpDvTm0kINmgRXuyr5VkikVmZeH6bTSlkm4Ey6Hyos4ev9kJIzGj03tB9w0UIH"
"./html/agencies/national-health-information-center/index.html","js","/modules/contrib/uswds_ckeditor_integration/js/aftermarket/uswds_accordion.js","-","-","-","-","-","sqrdwl"
"./html/agencies/national-health-information-center/index.html","js","/sites/default/files/js/js_JxNk0XijPRI5QYwn5XlgSWW1Bx0YJQ3HYOHPIZ4Crx4.js","footer","2","en","usagov","eJx1jUEOwzAIBD8Ux09CBFPXrQMR4FT9fa3k3OPO7GqHY9Uz164b9uTx7U3qMi4KoQcInq1iNBXYWUb-r-Dlc_gpDvTm0kINmgRXuyr5VkikVmZeH6bTSlkm4Ey6Hyos4ev9kJIzGj03tB9w0UIH","scope=footer&delta=2&language=en&theme=usagov&include=eJx1jUEOwzAIBD8Ux09CBFPXrQMR4FT9fa3k3OPO7GqHY9Uz164b9uTx7U3qMi4KoQcInq1iNBXYWUb-r-Dlc_gpDvTm0kINmgRXuyr5VkikVmZeH6bTSlkm4Ey6Hyos4ev9kJIzGj03tB9w0UIH"
"./html/agencies/national-health-information-center/index.html","js","/themes/custom/usagov/scripts/modifyMobileNav.js","-","-","-","-","-",""
"./html/agencies/national-heart-lung-and-blood-institute/index.html","css","/sites/default/files/css/css__7_lnIX5SUimudYZT0iqhhe0r5Ev1QE4En7-BEPHMeY.css","-","-","en","usagov","eJwdykEOwCAIBMAP2fIkg5EQEtDDqo2_b-tlToONIUGFIWmCtS9S74X9wthuTdMyeUDHO3qdfmLmGtbynwQUXy0vYCIdnw","delta=0&language=en&theme=usagov&include=eJwdykEOwCAIBMAP2fIkg5EQEtDDqo2_b-tlToONIUGFIWmCtS9S74X9wthuTdMyeUDHO3qdfmLmGtbynwQUXy0vYCIdnw"
"./html/agencies/national-heart-lung-and-blood-institute/index.html","css","/sites/default/files/css/css_h8MbvwzFoPHon25psxDvs_qWZKIaWznJGeScqw5abGU.css","-","1","en","usagov","eJwdykEOwCAIBMAP2fIkg5EQEtDDqo2_b-tlToONIUGFIWmCtS9S74X9wthuTdMyeUDHO3qdfmLmGtbynwQUXy0vYCIdnw","delta=1&language=en&theme=usagov&include=eJwdykEOwCAIBMAP2fIkg5EQEtDDqo2_b-tlToONIUGFIWmCtS9S74X9wthuTdMyeUDHO3qdfmLmGtbynwQUXy0vYCIdnw"
"./html/agencies/national-heart-lung-and-blood-institute/index.html","js","/themes/custom/usagov/scripts/newFooter.js","-","-","-","-","-",""
"./html/agencies/national-heart-lung-and-blood-institute/index.html","js","/sites/default/files/js/js_sJY3bzJs3jirGGaSNreFUENeOZtDcSGccrkIaQj9Xmc.js","footer","-","en","usagov","eJx1jUEOwzAIBD8Ux09CBFPXrQMR4FT9fa3k3OPO7GqHY9Uz164b9uTx7U3qMi4KoQcInq1iNBXYWUb-r-Dlc_gpDvTm0kINmgRXuyr5VkikVmZeH6bTSlkm4Ey6Hyos4ev9kJIzGj03tB9w0UIH","scope=footer&delta=0&language=en&theme=usagov&include=eJx1jUEOwzAIBD8Ux09CBFPXrQMR4FT9fa3k3OPO7GqHY9Uz164b9uTx7U3qMi4KoQcInq1iNBXYWUb-r-Dlc_gpDvTm0kINmgRXuyr5VkikVmZeH6bTSlkm4Ey6Hyos4ev9kJIzGj03tB9w0UIH"
"./html/agencies/national-heart-lung-and-blood-institute/index.html","js","/modules/contrib/uswds_ckeditor_integration/js/aftermarket/uswds_accordion.js","-","-","-","-","-","sqrdwl"
"./html/agencies/national-heart-lung-and-blood-institute/index.html","js","/sites/default/files/js/js_JxNk0XijPRI5QYwn5XlgSWW1Bx0YJQ3HYOHPIZ4Crx4.js","footer","2","en","usagov","eJx1jUEOwzAIBD8Ux09CBFPXrQMR4FT9fa3k3OPO7GqHY9Uz164b9uTx7U3qMi4KoQcInq1iNBXYWUb-r-Dlc_gpDvTm0kINmgRXuyr5VkikVmZeH6bTSlkm4Ey6Hyos4ev9kJIzGj03tB9w0UIH","scope=footer&delta=2&language=en&theme=usagov&include=eJx1jUEOwzAIBD8Ux09CBFPXrQMR4FT9fa3k3OPO7GqHY9Uz164b9uTx7U3qMi4KoQcInq1iNBXYWUb-r-Dlc_gpDvTm0kINmgRXuyr5VkikVmZeH6bTSlkm4Ey6Hyos4ev9kJIzGj03tB9w0UIH"
"./html/agencies/national-heart-lung-and-blood-institute/index.html","js","/themes/custom/usagov/scripts/modifyMobileNav.js","-","-","-","-","-",""
"./html/agencies/national-highway-traffic-safety-administration/index.html","css","/sites/default/files/css/css__7_lnIX5SUimudYZT0iqhhe0r5Ev1QE4En7-BEPHMeY.css","-","-","en","usagov","eJwdykEOwCAIBMAP2fIkg5EQEtDDqo2_b-tlToONIUGFIWmCtS9S74X9wthuTdMyeUDHO3qdfmLmGtbynwQUXy0vYCIdnw","delta=0&language=en&theme=usagov&include=eJwdykEOwCAIBMAP2fIkg5EQEtDDqo2_b-tlToONIUGFIWmCtS9S74X9wthuTdMyeUDHO3qdfmLmGtbynwQUXy0vYCIdnw"
"./html/agencies/national-highway-traffic-safety-administration/index.html","css","/sites/default/files/css/css_h8MbvwzFoPHon25psxDvs_qWZKIaWznJGeScqw5abGU.css","-","1","en","usagov","eJwdykEOwCAIBMAP2fIkg5EQEtDDqo2_b-tlToONIUGFIWmCtS9S74X9wthuTdMyeUDHO3qdfmLmGtbynwQUXy0vYCIdnw","delta=1&language=en&theme=usagov&include=eJwdykEOwCAIBMAP2fIkg5EQEtDDqo2_b-tlToONIUGFIWmCtS9S74X9wthuTdMyeUDHO3qdfmLmGtbynwQUXy0vYCIdnw"
"./html/agencies/national-highway-traffic-safety-administration/index.html","js","/themes/custom/usagov/scripts/newFooter.js","-","-","-","-","-",""
"./html/agencies/national-highway-traffic-safety-administration/index.html","js","/sites/default/files/js/js_sJY3bzJs3jirGGaSNreFUENeOZtDcSGccrkIaQj9Xmc.js","footer","-","en","usagov","eJx1jUEOwzAIBD8Ux09CBFPXrQMR4FT9fa3k3OPO7GqHY9Uz164b9uTx7U3qMi4KoQcInq1iNBXYWUb-r-Dlc_gpDvTm0kINmgRXuyr5VkikVmZeH6bTSlkm4Ey6Hyos4ev9kJIzGj03tB9w0UIH","scope=footer&delta=0&language=en&theme=usagov&include=eJx1jUEOwzAIBD8Ux09CBFPXrQMR4FT9fa3k3OPO7GqHY9Uz164b9uTx7U3qMi4KoQcInq1iNBXYWUb-r-Dlc_gpDvTm0kINmgRXuyr5VkikVmZeH6bTSlkm4Ey6Hyos4ev9kJIzGj03tB9w0UIH"
"./html/agencies/national-highway-traffic-safety-administration/index.html","js","/modules/contrib/uswds_ckeditor_integration/js/aftermarket/uswds_accordion.js","-","-","-","-","-","sqrdwl"
"./html/agencies/national-highway-traffic-safety-administration/index.html","js","/sites/default/files/js/js_JxNk0XijPRI5QYwn5XlgSWW1Bx0YJQ3HYOHPIZ4Crx4.js","footer","2","en","usagov","eJx1jUEOwzAIBD8Ux09CBFPXrQMR4FT9fa3k3OPO7GqHY9Uz164b9uTx7U3qMi4KoQcInq1iNBXYWUb-r-Dlc_gpDvTm0kINmgRXuyr5VkikVmZeH6bTSlkm4Ey6Hyos4ev9kJIzGj03tB9w0UIH","scope=footer&delta=2&language=en&theme=usagov&include=eJx1jUEOwzAIBD8Ux09CBFPXrQMR4FT9fa3k3OPO7GqHY9Uz164b9uTx7U3qMi4KoQcInq1iNBXYWUb-r-Dlc_gpDvTm0kINmgRXuyr5VkikVmZeH6bTSlkm4Ey6Hyos4ev9kJIzGj03tB9w0UIH"
"./html/agencies/national-highway-traffic-safety-administration/index.html","js","/themes/custom/usagov/scripts/modifyMobileNav.js","-","-","-","-","-",""
"./html/agencies/national-indian-gaming-commission/index.html","css","/sites/default/files/css/css__7_lnIX5SUimudYZT0iqhhe0r5Ev1QE4En7-BEPHMeY.css","-","-","en","usagov","eJwdykEOwCAIBMAP2fIkg5EQEtDDqo2_b-tlToONIUGFIWmCtS9S74X9wthuTdMyeUDHO3qdfmLmGtbynwQUXy0vYCIdnw","delta=0&language=en&theme=usagov&include=eJwdykEOwCAIBMAP2fIkg5EQEtDDqo2_b-tlToONIUGFIWmCtS9S74X9wthuTdMyeUDHO3qdfmLmGtbynwQUXy0vYCIdnw"
"./html/agencies/national-indian-gaming-commission/index.html","css","/sites/default/files/css/css_h8MbvwzFoPHon25psxDvs_qWZKIaWznJGeScqw5abGU.css","-","1","en","usagov","eJwdykEOwCAIBMAP2fIkg5EQEtDDqo2_b-tlToONIUGFIWmCtS9S74X9wthuTdMyeUDHO3qdfmLmGtbynwQUXy0vYCIdnw","delta=1&language=en&theme=usagov&include=eJwdykEOwCAIBMAP2fIkg5EQEtDDqo2_b-tlToONIUGFIWmCtS9S74X9wthuTdMyeUDHO3qdfmLmGtbynwQUXy0vYCIdnw"
"./html/agencies/national-indian-gaming-commission/index.html","js","/themes/custom/usagov/scripts/newFooter.js","-","-","-","-","-",""
"./html/agencies/national-indian-gaming-commission/index.html","js","/sites/default/files/js/js_sJY3bzJs3jirGGaSNreFUENeOZtDcSGccrkIaQj9Xmc.js","footer","-","en","usagov","eJx1jUEOwzAIBD8Ux09CBFPXrQMR4FT9fa3k3OPO7GqHY9Uz164b9uTx7U3qMi4KoQcInq1iNBXYWUb-r-Dlc_gpDvTm0kINmgRXuyr5VkikVmZeH6bTSlkm4Ey6Hyos4ev9kJIzGj03tB9w0UIH","scope=footer&delta=0&language=en&theme=usagov&include=eJx1jUEOwzAIBD8Ux09CBFPXrQMR4FT9fa3k3OPO7GqHY9Uz164b9uTx7U3qMi4KoQcInq1iNBXYWUb-r-Dlc_gpDvTm0kINmgRXuyr5VkikVmZeH6bTSlkm4Ey6Hyos4ev9kJIzGj03tB9w0UIH"
"./html/agencies/national-indian-gaming-commission/index.html","js","/modules/contrib/uswds_ckeditor_integration/js/aftermarket/uswds_accordion.js","-","-","-","-","-","sqrdwl"
"./html/agencies/national-indian-gaming-commission/index.html","js","/sites/default/files/js/js_JxNk0XijPRI5QYwn5XlgSWW1Bx0YJQ3HYOHPIZ4Crx4.js","footer","2","en","usagov","eJx1jUEOwzAIBD8Ux09CBFPXrQMR4FT9fa3k3OPO7GqHY9Uz164b9uTx7U3qMi4KoQcInq1iNBXYWUb-r-Dlc_gpDvTm0kINmgRXuyr5VkikVmZeH6bTSlkm4Ey6Hyos4ev9kJIzGj03tB9w0UIH","scope=footer&delta=2&language=en&theme=usagov&include=eJx1jUEOwzAIBD8Ux09CBFPXrQMR4FT9fa3k3OPO7GqHY9Uz164b9uTx7U3qMi4KoQcInq1iNBXYWUb-r-Dlc_gpDvTm0kINmgRXuyr5VkikVmZeH6bTSlkm4Ey6Hyos4ev9kJIzGj03tB9w0UIH"
"./html/agencies/national-indian-gaming-commission/index.html","js","/themes/custom/usagov/scripts/modifyMobileNav.js","-","-","-","-","-",""
"./html/agencies/national-institute-of-allergy-and-infectious-diseases/index.html","css","/sites/default/files/css/css__7_lnIX5SUimudYZT0iqhhe0r5Ev1QE4En7-BEPHMeY.css","-","-","en","usagov","eJwdykEOwCAIBMAP2fIkg5EQEtDDqo2_b-tlToONIUGFIWmCtS9S74X9wthuTdMyeUDHO3qdfmLmGtbynwQUXy0vYCIdnw","delta=0&language=en&theme=usagov&include=eJwdykEOwCAIBMAP2fIkg5EQEtDDqo2_b-tlToONIUGFIWmCtS9S74X9wthuTdMyeUDHO3qdfmLmGtbynwQUXy0vYCIdnw"
"./html/agencies/national-institute-of-allergy-and-infectious-diseases/index.html","css","/sites/default/files/css/css_h8MbvwzFoPHon25psxDvs_qWZKIaWznJGeScqw5abGU.css","-","1","en","usagov","eJwdykEOwCAIBMAP2fIkg5EQEtDDqo2_b-tlToONIUGFIWmCtS9S74X9wthuTdMyeUDHO3qdfmLmGtbynwQUXy0vYCIdnw","delta=1&language=en&theme=usagov&include=eJwdykEOwCAIBMAP2fIkg5EQEtDDqo2_b-tlToONIUGFIWmCtS9S74X9wthuTdMyeUDHO3qdfmLmGtbynwQUXy0vYCIdnw"
"./html/agencies/national-institute-of-allergy-and-infectious-diseases/index.html","js","/themes/custom/usagov/scripts/newFooter.js","-","-","-","-","-",""
"./html/agencies/national-institute-of-allergy-and-infectious-diseases/index.html","js","/sites/default/files/js/js_sJY3bzJs3jirGGaSNreFUENeOZtDcSGccrkIaQj9Xmc.js","footer","-","en","usagov","eJx1jUEOwzAIBD8Ux09CBFPXrQMR4FT9fa3k3OPO7GqHY9Uz164b9uTx7U3qMi4KoQcInq1iNBXYWUb-r-Dlc_gpDvTm0kINmgRXuyr5VkikVmZeH6bTSlkm4Ey6Hyos4ev9kJIzGj03tB9w0UIH","scope=footer&delta=0&language=en&theme=usagov&include=eJx1jUEOwzAIBD8Ux09CBFPXrQMR4FT9fa3k3OPO7GqHY9Uz164b9uTx7U3qMi4KoQcInq1iNBXYWUb-r-Dlc_gpDvTm0kINmgRXuyr5VkikVmZeH6bTSlkm4Ey6Hyos4ev9kJIzGj03tB9w0UIH"
"./html/agencies/national-institute-of-allergy-and-infectious-diseases/index.html","js","/modules/contrib/uswds_ckeditor_integration/js/aftermarket/uswds_accordion.js","-","-","-","-","-","sqrdwl"
"./html/agencies/national-institute-of-allergy-and-infectious-diseases/index.html","js","/sites/default/files/js/js_JxNk0XijPRI5QYwn5XlgSWW1Bx0YJQ3HYOHPIZ4Crx4.js","footer","2","en","usagov","eJx1jUEOwzAIBD8Ux09CBFPXrQMR4FT9fa3k3OPO7GqHY9Uz164b9uTx7U3qMi4KoQcInq1iNBXYWUb-r-Dlc_gpDvTm0kINmgRXuyr5VkikVmZeH6bTSlkm4Ey6Hyos4ev9kJIzGj03tB9w0UIH","scope=footer&delta=2&language=en&theme=usagov&include=eJx1jUEOwzAIBD8Ux09CBFPXrQMR4FT9fa3k3OPO7GqHY9Uz164b9uTx7U3qMi4KoQcInq1iNBXYWUb-r-Dlc_gpDvTm0kINmgRXuyr5VkikVmZeH6bTSlkm4Ey6Hyos4ev9kJIzGj03tB9w0UIH"
"./html/agencies/national-institute-of-allergy-and-infectious-diseases/index.html","js","/themes/custom/usagov/scripts/modifyMobileNav.js","-","-","-","-","-",""
"./html/agencies/national-institute-of-arthritis-musculoskeletal-and-skin-diseases/index.html","css","/sites/default/files/css/css__7_lnIX5SUimudYZT0iqhhe0r5Ev1QE4En7-BEPHMeY.css","-","-","en","usagov","eJwdykEOwCAIBMAP2fIkg5EQEtDDqo2_b-tlToONIUGFIWmCtS9S74X9wthuTdMyeUDHO3qdfmLmGtbynwQUXy0vYCIdnw","delta=0&language=en&theme=usagov&include=eJwdykEOwCAIBMAP2fIkg5EQEtDDqo2_b-tlToONIUGFIWmCtS9S74X9wthuTdMyeUDHO3qdfmLmGtbynwQUXy0vYCIdnw"
"./html/agencies/national-institute-of-arthritis-musculoskeletal-and-skin-diseases/index.html","css","/sites/default/files/css/css_h8MbvwzFoPHon25psxDvs_qWZKIaWznJGeScqw5abGU.css","-","1","en","usagov","eJwdykEOwCAIBMAP2fIkg5EQEtDDqo2_b-tlToONIUGFIWmCtS9S74X9wthuTdMyeUDHO3qdfmLmGtbynwQUXy0vYCIdnw","delta=1&language=en&theme=usagov&include=eJwdykEOwCAIBMAP2fIkg5EQEtDDqo2_b-tlToONIUGFIWmCtS9S74X9wthuTdMyeUDHO3qdfmLmGtbynwQUXy0vYCIdnw"
"./html/agencies/national-institute-of-arthritis-musculoskeletal-and-skin-diseases/index.html","js","/themes/custom/usagov/scripts/newFooter.js","-","-","-","-","-",""
"./html/agencies/national-institute-of-arthritis-musculoskeletal-and-skin-diseases/index.html","js","/sites/default/files/js/js_sJY3bzJs3jirGGaSNreFUENeOZtDcSGccrkIaQj9Xmc.js","footer","-","en","usagov","eJx1jUEOwzAIBD8Ux09CBFPXrQMR4FT9fa3k3OPO7GqHY9Uz164b9uTx7U3qMi4KoQcInq1iNBXYWUb-r-Dlc_gpDvTm0kINmgRXuyr5VkikVmZeH6bTSlkm4Ey6Hyos4ev9kJIzGj03tB9w0UIH","scope=footer&delta=0&language=en&theme=usagov&include=eJx1jUEOwzAIBD8Ux09CBFPXrQMR4FT9fa3k3OPO7GqHY9Uz164b9uTx7U3qMi4KoQcInq1iNBXYWUb-r-Dlc_gpDvTm0kINmgRXuyr5VkikVmZeH6bTSlkm4Ey6Hyos4ev9kJIzGj03tB9w0UIH"
"./html/agencies/national-institute-of-arthritis-musculoskeletal-and-skin-diseases/index.html","js","/modules/contrib/uswds_ckeditor_integration/js/aftermarket/uswds_accordion.js","-","-","-","-","-","sqrdwl"
"./html/agencies/national-institute-of-arthritis-musculoskeletal-and-skin-diseases/index.html","js","/sites/default/files/js/js_JxNk0XijPRI5QYwn5XlgSWW1Bx0YJQ3HYOHPIZ4Crx4.js","footer","2","en","usagov","eJx1jUEOwzAIBD8Ux09CBFPXrQMR4FT9fa3k3OPO7GqHY9Uz164b9uTx7U3qMi4KoQcInq1iNBXYWUb-r-Dlc_gpDvTm0kINmgRXuyr5VkikVmZeH6bTSlkm4Ey6Hyos4ev9kJIzGj03tB9w0UIH","scope=footer&delta=2&language=en&theme=usagov&include=eJx1jUEOwzAIBD8Ux09CBFPXrQMR4FT9fa3k3OPO7GqHY9Uz164b9uTx7U3qMi4KoQcInq1iNBXYWUb-r-Dlc_gpDvTm0kINmgRXuyr5VkikVmZeH6bTSlkm4Ey6Hyos4ev9kJIzGj03tB9w0UIH"
"./html/agencies/national-institute-of-arthritis-musculoskeletal-and-skin-diseases/index.html","js","/themes/custom/usagov/scripts/modifyMobileNav.js","-","-","-","-","-",""
"./html/agencies/national-institute-of-corrections/index.html","css","/sites/default/files/css/css__7_lnIX5SUimudYZT0iqhhe0r5Ev1QE4En7-BEPHMeY.css","-","-","en","usagov","eJwdykEOwCAIBMAP2fIkg5EQEtDDqo2_b-tlToONIUGFIWmCtS9S74X9wthuTdMyeUDHO3qdfmLmGtbynwQUXy0vYCIdnw","delta=0&language=en&theme=usagov&include=eJwdykEOwCAIBMAP2fIkg5EQEtDDqo2_b-tlToONIUGFIWmCtS9S74X9wthuTdMyeUDHO3qdfmLmGtbynwQUXy0vYCIdnw"
"./html/agencies/national-institute-of-corrections/index.html","css","/sites/default/files/css/css_h8MbvwzFoPHon25psxDvs_qWZKIaWznJGeScqw5abGU.css","-","1","en","usagov","eJwdykEOwCAIBMAP2fIkg5EQEtDDqo2_b-tlToONIUGFIWmCtS9S74X9wthuTdMyeUDHO3qdfmLmGtbynwQUXy0vYCIdnw","delta=1&language=en&theme=usagov&include=eJwdykEOwCAIBMAP2fIkg5EQEtDDqo2_b-tlToONIUGFIWmCtS9S74X9wthuTdMyeUDHO3qdfmLmGtbynwQUXy0vYCIdnw"
"./html/agencies/national-institute-of-corrections/index.html","js","/themes/custom/usagov/scripts/newFooter.js","-","-","-","-","-",""
"./html/agencies/national-institute-of-corrections/index.html","js","/sites/default/files/js/js_sJY3bzJs3jirGGaSNreFUENeOZtDcSGccrkIaQj9Xmc.js","footer","-","en","usagov","eJx1jUEOwzAIBD8Ux09CBFPXrQMR4FT9fa3k3OPO7GqHY9Uz164b9uTx7U3qMi4KoQcInq1iNBXYWUb-r-Dlc_gpDvTm0kINmgRXuyr5VkikVmZeH6bTSlkm4Ey6Hyos4ev9kJIzGj03tB9w0UIH","scope=footer&delta=0&language=en&theme=usagov&include=eJx1jUEOwzAIBD8Ux09CBFPXrQMR4FT9fa3k3OPO7GqHY9Uz164b9uTx7U3qMi4KoQcInq1iNBXYWUb-r-Dlc_gpDvTm0kINmgRXuyr5VkikVmZeH6bTSlkm4Ey6Hyos4ev9kJIzGj03tB9w0UIH"
"./html/agencies/national-institute-of-corrections/index.html","js","/modules/contrib/uswds_ckeditor_integration/js/aftermarket/uswds_accordion.js","-","-","-","-","-","sqrdwl"
"./html/agencies/national-institute-of-corrections/index.html","js","/sites/default/files/js/js_JxNk0XijPRI5QYwn5XlgSWW1Bx0YJQ3HYOHPIZ4Crx4.js","footer","2","en","usagov","eJx1jUEOwzAIBD8Ux09CBFPXrQMR4FT9fa3k3OPO7GqHY9Uz164b9uTx7U3qMi4KoQcInq1iNBXYWUb-r-Dlc_gpDvTm0kINmgRXuyr5VkikVmZeH6bTSlkm4Ey6Hyos4ev9kJIzGj03tB9w0UIH","scope=footer&delta=2&language=en&theme=usagov&include=eJx1jUEOwzAIBD8Ux09CBFPXrQMR4FT9fa3k3OPO7GqHY9Uz164b9uTx7U3qMi4KoQcInq1iNBXYWUb-r-Dlc_gpDvTm0kINmgRXuyr5VkikVmZeH6bTSlkm4Ey6Hyos4ev9kJIzGj03tB9w0UIH"
"./html/agencies/national-institute-of-corrections/index.html","js","/themes/custom/usagov/scripts/modifyMobileNav.js","-","-","-","-","-",""
"./html/agencies/national-institute-of-deafness-and-other-communication-disorders/index.html","css","/sites/default/files/css/css__7_lnIX5SUimudYZT0iqhhe0r5Ev1QE4En7-BEPHMeY.css","-","-","en","usagov","eJwdykEOwCAIBMAP2fIkg5EQEtDDqo2_b-tlToONIUGFIWmCtS9S74X9wthuTdMyeUDHO3qdfmLmGtbynwQUXy0vYCIdnw","delta=0&language=en&theme=usagov&include=eJwdykEOwCAIBMAP2fIkg5EQEtDDqo2_b-tlToONIUGFIWmCtS9S74X9wthuTdMyeUDHO3qdfmLmGtbynwQUXy0vYCIdnw"
"./html/agencies/national-institute-of-deafness-and-other-communication-disorders/index.html","css","/sites/default/files/css/css_h8MbvwzFoPHon25psxDvs_qWZKIaWznJGeScqw5abGU.css","-","1","en","usagov","eJwdykEOwCAIBMAP2fIkg5EQEtDDqo2_b-tlToONIUGFIWmCtS9S74X9wthuTdMyeUDHO3qdfmLmGtbynwQUXy0vYCIdnw","delta=1&language=en&theme=usagov&include=eJwdykEOwCAIBMAP2fIkg5EQEtDDqo2_b-tlToONIUGFIWmCtS9S74X9wthuTdMyeUDHO3qdfmLmGtbynwQUXy0vYCIdnw"
"./html/agencies/national-institute-of-deafness-and-other-communication-disorders/index.html","js","/themes/custom/usagov/scripts/newFooter.js","-","-","-","-","-",""
"./html/agencies/national-institute-of-deafness-and-other-communication-disorders/index.html","js","/sites/default/files/js/js_sJY3bzJs3jirGGaSNreFUENeOZtDcSGccrkIaQj9Xmc.js","footer","-","en","usagov","eJx1jUEOwzAIBD8Ux09CBFPXrQMR4FT9fa3k3OPO7GqHY9Uz164b9uTx7U3qMi4KoQcInq1iNBXYWUb-r-Dlc_gpDvTm0kINmgRXuyr5VkikVmZeH6bTSlkm4Ey6Hyos4ev9kJIzGj03tB9w0UIH","scope=footer&delta=0&language=en&theme=usagov&include=eJx1jUEOwzAIBD8Ux09CBFPXrQMR4FT9fa3k3OPO7GqHY9Uz164b9uTx7U3qMi4KoQcInq1iNBXYWUb-r-Dlc_gpDvTm0kINmgRXuyr5VkikVmZeH6bTSlkm4Ey6Hyos4ev9kJIzGj03tB9w0UIH"
"./html/agencies/national-institute-of-deafness-and-other-communication-disorders/index.html","js","/modules/contrib/uswds_ckeditor_integration/js/aftermarket/uswds_accordion.js","-","-","-","-","-","sqrdwl"
"./html/agencies/national-institute-of-deafness-and-other-communication-disorders/index.html","js","/sites/default/files/js/js_JxNk0XijPRI5QYwn5XlgSWW1Bx0YJQ3HYOHPIZ4Crx4.js","footer","2","en","usagov","eJx1jUEOwzAIBD8Ux09CBFPXrQMR4FT9fa3k3OPO7GqHY9Uz164b9uTx7U3qMi4KoQcInq1iNBXYWUb-r-Dlc_gpDvTm0kINmgRXuyr5VkikVmZeH6bTSlkm4Ey6Hyos4ev9kJIzGj03tB9w0UIH","scope=footer&delta=2&language=en&theme=usagov&include=eJx1jUEOwzAIBD8Ux09CBFPXrQMR4FT9fa3k3OPO7GqHY9Uz164b9uTx7U3qMi4KoQcInq1iNBXYWUb-r-Dlc_gpDvTm0kINmgRXuyr5VkikVmZeH6bTSlkm4Ey6Hyos4ev9kJIzGj03tB9w0UIH"
"./html/agencies/national-institute-of-deafness-and-other-communication-disorders/index.html","js","/themes/custom/usagov/scripts/modifyMobileNav.js","-","-","-","-","-",""
"./html/agencies/national-institute-of-dental-and-craniofacial-research/index.html","css","/sites/default/files/css/css__7_lnIX5SUimudYZT0iqhhe0r5Ev1QE4En7-BEPHMeY.css","-","-","en","usagov","eJwdykEOwCAIBMAP2fIkg5EQEtDDqo2_b-tlToONIUGFIWmCtS9S74X9wthuTdMyeUDHO3qdfmLmGtbynwQUXy0vYCIdnw","delta=0&language=en&theme=usagov&include=eJwdykEOwCAIBMAP2fIkg5EQEtDDqo2_b-tlToONIUGFIWmCtS9S74X9wthuTdMyeUDHO3qdfmLmGtbynwQUXy0vYCIdnw"
"./html/agencies/national-institute-of-dental-and-craniofacial-research/index.html","css","/sites/default/files/css/css_h8MbvwzFoPHon25psxDvs_qWZKIaWznJGeScqw5abGU.css","-","1","en","usagov","eJwdykEOwCAIBMAP2fIkg5EQEtDDqo2_b-tlToONIUGFIWmCtS9S74X9wthuTdMyeUDHO3qdfmLmGtbynwQUXy0vYCIdnw","delta=1&language=en&theme=usagov&include=eJwdykEOwCAIBMAP2fIkg5EQEtDDqo2_b-tlToONIUGFIWmCtS9S74X9wthuTdMyeUDHO3qdfmLmGtbynwQUXy0vYCIdnw"
"./html/agencies/national-institute-of-dental-and-craniofacial-research/index.html","js","/themes/custom/usagov/scripts/newFooter.js","-","-","-","-","-",""
"./html/agencies/national-institute-of-dental-and-craniofacial-research/index.html","js","/sites/default/files/js/js_sJY3bzJs3jirGGaSNreFUENeOZtDcSGccrkIaQj9Xmc.js","footer","-","en","usagov","eJx1jUEOwzAIBD8Ux09CBFPXrQMR4FT9fa3k3OPO7GqHY9Uz164b9uTx7U3qMi4KoQcInq1iNBXYWUb-r-Dlc_gpDvTm0kINmgRXuyr5VkikVmZeH6bTSlkm4Ey6Hyos4ev9kJIzGj03tB9w0UIH","scope=footer&delta=0&language=en&theme=usagov&include=eJx1jUEOwzAIBD8Ux09CBFPXrQMR4FT9fa3k3OPO7GqHY9Uz164b9uTx7U3qMi4KoQcInq1iNBXYWUb-r-Dlc_gpDvTm0kINmgRXuyr5VkikVmZeH6bTSlkm4Ey6Hyos4ev9kJIzGj03tB9w0UIH"
"./html/agencies/national-institute-of-dental-and-craniofacial-research/index.html","js","/modules/contrib/uswds_ckeditor_integration/js/aftermarket/uswds_accordion.js","-","-","-","-","-","sqrdwl"
"./html/agencies/national-institute-of-dental-and-craniofacial-research/index.html","js","/sites/default/files/js/js_JxNk0XijPRI5QYwn5XlgSWW1Bx0YJQ3HYOHPIZ4Crx4.js","footer","2","en","usagov","eJx1jUEOwzAIBD8Ux09CBFPXrQMR4FT9fa3k3OPO7GqHY9Uz164b9uTx7U3qMi4KoQcInq1iNBXYWUb-r-Dlc_gpDvTm0kINmgRXuyr5VkikVmZeH6bTSlkm4Ey6Hyos4ev9kJIzGj03tB9w0UIH","scope=footer&delta=2&language=en&theme=usagov&include=eJx1jUEOwzAIBD8Ux09CBFPXrQMR4FT9fa3k3OPO7GqHY9Uz164b9uTx7U3qMi4KoQcInq1iNBXYWUb-r-Dlc_gpDvTm0kINmgRXuyr5VkikVmZeH6bTSlkm4Ey6Hyos4ev9kJIzGj03tB9w0UIH"
"./html/agencies/national-institute-of-dental-and-craniofacial-research/index.html","js","/themes/custom/usagov/scripts/modifyMobileNav.js","-","-","-","-","-",""
"./html/agencies/national-institute-of-diabetes-and-digestive-and-kidney-diseases/index.html","css","/sites/default/files/css/css__7_lnIX5SUimudYZT0iqhhe0r5Ev1QE4En7-BEPHMeY.css","-","-","en","usagov","eJwdykEOwCAIBMAP2fIkg5EQEtDDqo2_b-tlToONIUGFIWmCtS9S74X9wthuTdMyeUDHO3qdfmLmGtbynwQUXy0vYCIdnw","delta=0&language=en&theme=usagov&include=eJwdykEOwCAIBMAP2fIkg5EQEtDDqo2_b-tlToONIUGFIWmCtS9S74X9wthuTdMyeUDHO3qdfmLmGtbynwQUXy0vYCIdnw"
"./html/agencies/national-institute-of-diabetes-and-digestive-and-kidney-diseases/index.html","css","/sites/default/files/css/css_h8MbvwzFoPHon25psxDvs_qWZKIaWznJGeScqw5abGU.css","-","1","en","usagov","eJwdykEOwCAIBMAP2fIkg5EQEtDDqo2_b-tlToONIUGFIWmCtS9S74X9wthuTdMyeUDHO3qdfmLmGtbynwQUXy0vYCIdnw","delta=1&language=en&theme=usagov&include=eJwdykEOwCAIBMAP2fIkg5EQEtDDqo2_b-tlToONIUGFIWmCtS9S74X9wthuTdMyeUDHO3qdfmLmGtbynwQUXy0vYCIdnw"
"./html/agencies/national-institute-of-diabetes-and-digestive-and-kidney-diseases/index.html","js","/themes/custom/usagov/scripts/newFooter.js","-","-","-","-","-",""
"./html/agencies/national-institute-of-diabetes-and-digestive-and-kidney-diseases/index.html","js","/sites/default/files/js/js_sJY3bzJs3jirGGaSNreFUENeOZtDcSGccrkIaQj9Xmc.js","footer","-","en","usagov","eJx1jUEOwzAIBD8Ux09CBFPXrQMR4FT9fa3k3OPO7GqHY9Uz164b9uTx7U3qMi4KoQcInq1iNBXYWUb-r-Dlc_gpDvTm0kINmgRXuyr5VkikVmZeH6bTSlkm4Ey6Hyos4ev9kJIzGj03tB9w0UIH","scope=footer&delta=0&language=en&theme=usagov&include=eJx1jUEOwzAIBD8Ux09CBFPXrQMR4FT9fa3k3OPO7GqHY9Uz164b9uTx7U3qMi4KoQcInq1iNBXYWUb-r-Dlc_gpDvTm0kINmgRXuyr5VkikVmZeH6bTSlkm4Ey6Hyos4ev9kJIzGj03tB9w0UIH"
"./html/agencies/national-institute-of-diabetes-and-digestive-and-kidney-diseases/index.html","js","/modules/contrib/uswds_ckeditor_integration/js/aftermarket/uswds_accordion.js","-","-","-","-","-","sqrdwl"
"./html/agencies/national-institute-of-diabetes-and-digestive-and-kidney-diseases/index.html","js","/sites/default/files/js/js_JxNk0XijPRI5QYwn5XlgSWW1Bx0YJQ3HYOHPIZ4Crx4.js","footer","2","en","usagov","eJx1jUEOwzAIBD8Ux09CBFPXrQMR4FT9fa3k3OPO7GqHY9Uz164b9uTx7U3qMi4KoQcInq1iNBXYWUb-r-Dlc_gpDvTm0kINmgRXuyr5VkikVmZeH6bTSlkm4Ey6Hyos4ev9kJIzGj03tB9w0UIH","scope=footer&delta=2&language=en&theme=usagov&include=eJx1jUEOwzAIBD8Ux09CBFPXrQMR4FT9fa3k3OPO7GqHY9Uz164b9uTx7U3qMi4KoQcInq1iNBXYWUb-r-Dlc_gpDvTm0kINmgRXuyr5VkikVmZeH6bTSlkm4Ey6Hyos4ev9kJIzGj03tB9w0UIH"
"./html/agencies/national-institute-of-diabetes-and-digestive-and-kidney-diseases/index.html","js","/themes/custom/usagov/scripts/modifyMobileNav.js","-","-","-","-","-",""
"./html/agencies/national-institute-of-food-and-agriculture/index.html","css","/sites/default/files/css/css__7_lnIX5SUimudYZT0iqhhe0r5Ev1QE4En7-BEPHMeY.css","-","-","en","usagov","eJwdykEOwCAIBMAP2fIkg5EQEtDDqo2_b-tlToONIUGFIWmCtS9S74X9wthuTdMyeUDHO3qdfmLmGtbynwQUXy0vYCIdnw","delta=0&language=en&theme=usagov&include=eJwdykEOwCAIBMAP2fIkg5EQEtDDqo2_b-tlToONIUGFIWmCtS9S74X9wthuTdMyeUDHO3qdfmLmGtbynwQUXy0vYCIdnw"
"./html/agencies/national-institute-of-food-and-agriculture/index.html","css","/sites/default/files/css/css_h8MbvwzFoPHon25psxDvs_qWZKIaWznJGeScqw5abGU.css","-","1","en","usagov","eJwdykEOwCAIBMAP2fIkg5EQEtDDqo2_b-tlToONIUGFIWmCtS9S74X9wthuTdMyeUDHO3qdfmLmGtbynwQUXy0vYCIdnw","delta=1&language=en&theme=usagov&include=eJwdykEOwCAIBMAP2fIkg5EQEtDDqo2_b-tlToONIUGFIWmCtS9S74X9wthuTdMyeUDHO3qdfmLmGtbynwQUXy0vYCIdnw"
"./html/agencies/national-institute-of-food-and-agriculture/index.html","js","/themes/custom/usagov/scripts/newFooter.js","-","-","-","-","-",""
"./html/agencies/national-institute-of-food-and-agriculture/index.html","js","/sites/default/files/js/js_sJY3bzJs3jirGGaSNreFUENeOZtDcSGccrkIaQj9Xmc.js","footer","-","en","usagov","eJx1jUEOwzAIBD8Ux09CBFPXrQMR4FT9fa3k3OPO7GqHY9Uz164b9uTx7U3qMi4KoQcInq1iNBXYWUb-r-Dlc_gpDvTm0kINmgRXuyr5VkikVmZeH6bTSlkm4Ey6Hyos4ev9kJIzGj03tB9w0UIH","scope=footer&delta=0&language=en&theme=usagov&include=eJx1jUEOwzAIBD8Ux09CBFPXrQMR4FT9fa3k3OPO7GqHY9Uz164b9uTx7U3qMi4KoQcInq1iNBXYWUb-r-Dlc_gpDvTm0kINmgRXuyr5VkikVmZeH6bTSlkm4Ey6Hyos4ev9kJIzGj03tB9w0UIH"
"./html/agencies/national-institute-of-food-and-agriculture/index.html","js","/modules/contrib/uswds_ckeditor_integration/js/aftermarket/uswds_accordion.js","-","-","-","-","-","sqrdwl"
"./html/agencies/national-institute-of-food-and-agriculture/index.html","js","/sites/default/files/js/js_JxNk0XijPRI5QYwn5XlgSWW1Bx0YJQ3HYOHPIZ4Crx4.js","footer","2","en","usagov","eJx1jUEOwzAIBD8Ux09CBFPXrQMR4FT9fa3k3OPO7GqHY9Uz164b9uTx7U3qMi4KoQcInq1iNBXYWUb-r-Dlc_gpDvTm0kINmgRXuyr5VkikVmZeH6bTSlkm4Ey6Hyos4ev9kJIzGj03tB9w0UIH","scope=footer&delta=2&language=en&theme=usagov&include=eJx1jUEOwzAIBD8Ux09CBFPXrQMR4FT9fa3k3OPO7GqHY9Uz164b9uTx7U3qMi4KoQcInq1iNBXYWUb-r-Dlc_gpDvTm0kINmgRXuyr5VkikVmZeH6bTSlkm4Ey6Hyos4ev9kJIzGj03tB9w0UIH"
"./html/agencies/national-institute-of-food-and-agriculture/index.html","js","/themes/custom/usagov/scripts/modifyMobileNav.js","-","-","-","-","-",""
"./html/agencies/national-institute-of-justice/index.html","css","/sites/default/files/css/css__7_lnIX5SUimudYZT0iqhhe0r5Ev1QE4En7-BEPHMeY.css","-","-","en","usagov","eJwdykEOwCAIBMAP2fIkg5EQEtDDqo2_b-tlToONIUGFIWmCtS9S74X9wthuTdMyeUDHO3qdfmLmGtbynwQUXy0vYCIdnw","delta=0&language=en&theme=usagov&include=eJwdykEOwCAIBMAP2fIkg5EQEtDDqo2_b-tlToONIUGFIWmCtS9S74X9wthuTdMyeUDHO3qdfmLmGtbynwQUXy0vYCIdnw"
"./html/agencies/national-institute-of-justice/index.html","css","/sites/default/files/css/css_h8MbvwzFoPHon25psxDvs_qWZKIaWznJGeScqw5abGU.css","-","1","en","usagov","eJwdykEOwCAIBMAP2fIkg5EQEtDDqo2_b-tlToONIUGFIWmCtS9S74X9wthuTdMyeUDHO3qdfmLmGtbynwQUXy0vYCIdnw","delta=1&language=en&theme=usagov&include=eJwdykEOwCAIBMAP2fIkg5EQEtDDqo2_b-tlToONIUGFIWmCtS9S74X9wthuTdMyeUDHO3qdfmLmGtbynwQUXy0vYCIdnw"
"./html/agencies/national-institute-of-justice/index.html","js","/themes/custom/usagov/scripts/newFooter.js","-","-","-","-","-",""
"./html/agencies/national-institute-of-justice/index.html","js","/sites/default/files/js/js_sJY3bzJs3jirGGaSNreFUENeOZtDcSGccrkIaQj9Xmc.js","footer","-","en","usagov","eJx1jUEOwzAIBD8Ux09CBFPXrQMR4FT9fa3k3OPO7GqHY9Uz164b9uTx7U3qMi4KoQcInq1iNBXYWUb-r-Dlc_gpDvTm0kINmgRXuyr5VkikVmZeH6bTSlkm4Ey6Hyos4ev9kJIzGj03tB9w0UIH","scope=footer&delta=0&language=en&theme=usagov&include=eJx1jUEOwzAIBD8Ux09CBFPXrQMR4FT9fa3k3OPO7GqHY9Uz164b9uTx7U3qMi4KoQcInq1iNBXYWUb-r-Dlc_gpDvTm0kINmgRXuyr5VkikVmZeH6bTSlkm4Ey6Hyos4ev9kJIzGj03tB9w0UIH"
"./html/agencies/national-institute-of-justice/index.html","js","/modules/contrib/uswds_ckeditor_integration/js/aftermarket/uswds_accordion.js","-","-","-","-","-","sqrdwl"
"./html/agencies/national-institute-of-justice/index.html","js","/sites/default/files/js/js_JxNk0XijPRI5QYwn5XlgSWW1Bx0YJQ3HYOHPIZ4Crx4.js","footer","2","en","usagov","eJx1jUEOwzAIBD8Ux09CBFPXrQMR4FT9fa3k3OPO7GqHY9Uz164b9uTx7U3qMi4KoQcInq1iNBXYWUb-r-Dlc_gpDvTm0kINmgRXuyr5VkikVmZeH6bTSlkm4Ey6Hyos4ev9kJIzGj03tB9w0UIH","scope=footer&delta=2&language=en&theme=usagov&include=eJx1jUEOwzAIBD8Ux09CBFPXrQMR4FT9fa3k3OPO7GqHY9Uz164b9uTx7U3qMi4KoQcInq1iNBXYWUb-r-Dlc_gpDvTm0kINmgRXuyr5VkikVmZeH6bTSlkm4Ey6Hyos4ev9kJIzGj03tB9w0UIH"
"./html/agencies/national-institute-of-justice/index.html","js","/themes/custom/usagov/scripts/modifyMobileNav.js","-","-","-","-","-",""
"./html/agencies/national-institute-of-mental-health/index.html","css","/sites/default/files/css/css__7_lnIX5SUimudYZT0iqhhe0r5Ev1QE4En7-BEPHMeY.css","-","-","en","usagov","eJwdykEOwCAIBMAP2fIkg5EQEtDDqo2_b-tlToONIUGFIWmCtS9S74X9wthuTdMyeUDHO3qdfmLmGtbynwQUXy0vYCIdnw","delta=0&language=en&theme=usagov&include=eJwdykEOwCAIBMAP2fIkg5EQEtDDqo2_b-tlToONIUGFIWmCtS9S74X9wthuTdMyeUDHO3qdfmLmGtbynwQUXy0vYCIdnw"
"./html/agencies/national-institute-of-mental-health/index.html","css","/sites/default/files/css/css_h8MbvwzFoPHon25psxDvs_qWZKIaWznJGeScqw5abGU.css","-","1","en","usagov","eJwdykEOwCAIBMAP2fIkg5EQEtDDqo2_b-tlToONIUGFIWmCtS9S74X9wthuTdMyeUDHO3qdfmLmGtbynwQUXy0vYCIdnw","delta=1&language=en&theme=usagov&include=eJwdykEOwCAIBMAP2fIkg5EQEtDDqo2_b-tlToONIUGFIWmCtS9S74X9wthuTdMyeUDHO3qdfmLmGtbynwQUXy0vYCIdnw"
"./html/agencies/national-institute-of-mental-health/index.html","js","/themes/custom/usagov/scripts/newFooter.js","-","-","-","-","-",""
"./html/agencies/national-institute-of-mental-health/index.html","js","/sites/default/files/js/js_sJY3bzJs3jirGGaSNreFUENeOZtDcSGccrkIaQj9Xmc.js","footer","-","en","usagov","eJx1jUEOwzAIBD8Ux09CBFPXrQMR4FT9fa3k3OPO7GqHY9Uz164b9uTx7U3qMi4KoQcInq1iNBXYWUb-r-Dlc_gpDvTm0kINmgRXuyr5VkikVmZeH6bTSlkm4Ey6Hyos4ev9kJIzGj03tB9w0UIH","scope=footer&delta=0&language=en&theme=usagov&include=eJx1jUEOwzAIBD8Ux09CBFPXrQMR4FT9fa3k3OPO7GqHY9Uz164b9uTx7U3qMi4KoQcInq1iNBXYWUb-r-Dlc_gpDvTm0kINmgRXuyr5VkikVmZeH6bTSlkm4Ey6Hyos4ev9kJIzGj03tB9w0UIH"
"./html/agencies/national-institute-of-mental-health/index.html","js","/modules/contrib/uswds_ckeditor_integration/js/aftermarket/uswds_accordion.js","-","-","-","-","-","sqrdwl"
"./html/agencies/national-institute-of-mental-health/index.html","js","/sites/default/files/js/js_JxNk0XijPRI5QYwn5XlgSWW1Bx0YJQ3HYOHPIZ4Crx4.js","footer","2","en","usagov","eJx1jUEOwzAIBD8Ux09CBFPXrQMR4FT9fa3k3OPO7GqHY9Uz164b9uTx7U3qMi4KoQcInq1iNBXYWUb-r-Dlc_gpDvTm0kINmgRXuyr5VkikVmZeH6bTSlkm4Ey6Hyos4ev9kJIzGj03tB9w0UIH","scope=footer&delta=2&language=en&theme=usagov&include=eJx1jUEOwzAIBD8Ux09CBFPXrQMR4FT9fa3k3OPO7GqHY9Uz164b9uTx7U3qMi4KoQcInq1iNBXYWUb-r-Dlc_gpDvTm0kINmgRXuyr5VkikVmZeH6bTSlkm4Ey6Hyos4ev9kJIzGj03tB9w0UIH"
"./html/agencies/national-institute-of-mental-health/index.html","js","/themes/custom/usagov/scripts/modifyMobileNav.js","-","-","-","-","-",""
